Wk,Day,Date,Time,Home,Away,xG,xG.1,Score,Attendance,Referee,season,t1_captain,t2_captain,t1_formation,t2_formation,t1_possession,t2_possession,t1_passing,t2_passing,t1_shots,t2_shots,t1_saves,t2_saves,t1_yellow_cards,t1_red_cards,t2_yellow_cards,t2_red_cards,t1_fouls,t2_fouls,t1_corners,t2_corners,t1_crosses,t2_crosses,t1_touches,t2_touches,t1_tackles,t2_tackles,t1_interceptions,t2_interceptions,t1_aerials_won,t2_aerials_won,t1_clearances,t2_clearances,t1_offsides,t2_offsides,t1_goal_kicks,t2_goal_kicks,t1_throw_ins,t2_throw_ins,t1_long_balls,t2_long_balls
1.0,Fri,2023-08-11,19:30,Almería,Rayo Vallecano,1.4,2.1,0–2,14837.0,Javier Alberola,2023-2024,Lucas Robertone,Óscar Trejo,(4-2-3-1),(4-2-3-1),60%,40%,448 of 532 — 84%,76% — 268 of 354,5 of 19 — 26%,25% — 2 of 8,2 of 2 — 100%,100% — 5 of 5,1.0,0,3.0,0,16,25,8,3,26,8,650,458,17,19,4,10,11,18,14,29,1,1,2,9,19,14,63,75
1.0,Fri,2023-08-11,22:00,Sevilla,Valencia,0.7,1.1,1–2,34184.0,José Sánchez,2023-2024,Jesús Navas,José Luis Gayà,(4-2-3-1),(4-4-2),55%,45%,339 of 474 — 72%,71% — 275 of 385,3 of 9 — 33%,30% — 3 of 10,1 of 3 — 33%,66% — 2 of 3,3.0,1,2.0,0,15,17,8,1,34,11,585,516,23,24,9,10,17,19,7,36,3,0,7,8,36,28,90,67
1.0,Sat,2023-08-12,17:00,Real Sociedad,Girona,1.0,0.8,1–1,30848.0,Francisco Hernández,2023-2024,Mikel Oyarzabal,Cristhian Stuani,(4-3-3),(4-1-4-1),48%,52%,331 of 415 — 80%,81% — 369 of 458,2 of 15 — 13%,17% — 1 of 6,0 of 1 — 0%,50% — 1 of 2,2.0,0,5.0,0,22,9,4,1,10,14,512,548,17,15,7,4,19,18,12,14,0,3,4,16,22,23,52,67
1.0,Sat,2023-08-12,18:30,Las Palmas,Mallorca,0.9,1.6,1–1,24100.0,Víctor García,2023-2024,Jonathan Viera,Dani Rodríguez,(4-5-1),(5-3-2),68%,32%,542 of 636 — 85%,67% — 202 of 302,1 of 4 — 25%,20% — 2 of 10,1 of 2 — 50%,100% — 1 of 1,3.0,0,2.0,0,11,22,3,6,5,17,738,393,14,25,9,15,14,15,19,7,1,6,8,1,24,22,49,68
1.0,Sat,2023-08-12,21:30,Athletic Club,Real Madrid,0.4,0.9,0–2,48927.0,Jesús Gil,2023-2024,Iker Muniain,Dani Carvajal,(4-2-3-1),(4-1-2-1-2),46%,54%,453 of 552 — 82%,87% — 556 of 639,1 of 7 — 14%,57% — 8 of 14,6 of 8 — 75%,100% — 1 of 1,3.0,0,1.0,0,18,6,7,5,30,9,658,770,16,25,7,10,5,9,13,24,2,2,7,12,23,15,65,66
1.0,Sun,2023-08-13,17:00,Celta Vigo,Osasuna,1.0,1.0,0–2,20269.0,Pablo González,2023-2024,Iago Aspas,David García,(4-4-2),(4-3-3),53%,47%,414 of 531 — 78%,74% — 344 of 468,0 of 11 — 0%,45% — 5 of 11,3 of 5 — 60%,% — 0 of 0,1.0,0,1.0,0,11,15,7,2,22,15,622,568,8,18,11,14,15,15,12,20,6,1,10,13,30,19,65,104
1.0,Sun,2023-08-13,19:30,Villarreal,Betis,0.9,1.1,1–2,17825.0,Miguel Ángel Ortiz Arias,2023-2024,Gerard Moreno,Germán Pezzella,(4-3-3),(4-2-3-1),63%,37%,511 of 604 — 85%,78% — 273 of 350,5 of 18 — 28%,42% — 5 of 12,3 of 5 — 60%,80% — 4 of 5,1.0,0,3.0,0,13,17,9,4,19,14,721,485,23,25,12,16,22,6,8,19,2,1,4,6,21,14,50,49
1.0,Sun,2023-08-13,21:30,Getafe,Barcelona,0.6,1.4,0–0,13410.0,César Soto,2023-2024,Djené,Marc-André ter Stegen,(4-5-1),(4-2-3-1),26%,74%,186 of 271 — 69%,89% — 680 of 767,2 of 5 — 40%,21% — 3 of 14,3 of 3 — 100%,100% — 2 of 2,9.5,0,2.0,2,20,11,3,4,17,17,373,856,11,9,15,3,15,23,27,18,4,2,14,8,14,17,71,43
1.0,Mon,2023-08-14,19:30,Cádiz,Alavés,0.7,0.3,1–0,19306.0,Isidro Díaz de Mera,2023-2024,Fali,Rubén Duarte,(4-4-2),(5-4-1),45%,55%,226 of 337 — 67%,72% — 302 of 417,3 of 12 — 25%,20% — 2 of 10,2 of 2 — 100%,66% — 2 of 3,3.0,1,2.0,0,19,15,2,4,12,24,430,495,13,9,5,11,19,26,26,14,2,2,6,7,22,22,78,76
1.0,Mon,2023-08-14,21:30,Atlético Madrid,Granada,2.4,0.9,3–1,56164.0,Juan Pulido,2023-2024,Koke,Carlos Neva,(3-5-2),(5-3-2),46%,54%,386 of 479 — 81%,82% — 458 of 561,6 of 14 — 43%,57% — 4 of 7,3 of 4 — 75%,50% — 3 of 6,3.0,0,1.0,0,15,9,3,3,18,12,590,657,15,20,16,4,15,9,15,15,3,0,3,12,27,18,63,77
2.0,Fri,2023-08-18,19:30,Mallorca,Villarreal,0.4,1.8,0–1,17775.0,Javier Alberola,2023-2024,Antonio Raillo,Gerard Moreno,(5-3-2),(4-3-3),40%,60%,288 of 370 — 78%,88% — 486 of 554,1 of 8 — 13%,20% — 3 of 15,2 of 3 — 66%,100% — 1 of 1,2.0,0,4.0,0,12,11,6,5,28,15,469,662,27,15,6,3,15,11,17,26,6,1,8,5,11,18,66,47
2.0,Fri,2023-08-18,21:30,Valencia,Las Palmas,1.5,0.5,1–0,41053.0,Javier Villanueva,2023-2024,José Luis Gayà,Jonathan Viera,(4-4-2),(4-3-3),39%,61%,317 of 411 — 77%,86% — 549 of 641,3 of 8 — 38%,14% — 1 of 7,1 of 1 — 100%,100% — 3 of 3,0.0,0,0.0,0,12,6,6,4,20,9,502,739,16,19,9,7,10,11,9,15,2,1,5,8,24,24,79,51
2.0,Sat,2023-08-19,17:00,Real Sociedad,Celta Vigo,0.7,1.0,1–1,30354.0,Miguel Ángel Ortiz Arias,2023-2024,Igor Zubeldia,Iago Aspas,(4-3-3),(4-4-2),53%,47%,341 of 468 — 73%,71% — 300 of 421,2 of 11 — 18%,35% — 6 of 17,5 of 6 — 83%,50% — 1 of 2,2.0,0,1.0,0,12,12,9,7,18,19,574,539,12,13,6,10,20,14,19,27,0,3,5,10,32,20,77,67
2.0,Sat,2023-08-19,19:30,Almería,Real Madrid,1.3,2.0,1–3,17561.0,José Sánchez,2023-2024,Lucas Robertone,Dani Carvajal,(4-2-3-1),(4-3-1-2),43%,57%,394 of 471 — 84%,88% — 548 of 622,8 of 20 — 40%,36% — 9 of 25,6 of 9 — 66%,87% — 7 of 8,1.0,0,0.0,0,10,13,4,5,26,26,587,736,17,14,11,10,10,8,20,19,1,4,13,10,10,19,58,43
2.0,Sat,2023-08-19,21:30,Osasuna,Athletic Club,1.3,1.5,0–2,20704.0,José Luis Munuera,2023-2024,David García,Óscar de Marcos,(4-3-3),(4-2-3-1),63%,37%,474 of 608 — 78%,69% — 249 of 361,7 of 18 — 39%,25% — 2 of 8,0 of 2 — 0%,100% — 7 of 7,1.0,1,6.5,0,9,14,5,3,39,13,717,495,13,22,15,11,20,19,10,40,2,0,7,11,28,13,103,71
2.0,Sun,2023-08-20,19:00,Girona,Getafe,1.4,0.7,3–0,11784.0,Jorge Figueroa,2023-2024,Cristhian Stuani,Djené,(4-1-4-1),(4-2-3-1),63%,37%,472 of 558 — 85%,65% — 209 of 321,6 of 7 — 86%,22% — 2 of 9,2 of 2 — 100%,50% — 3 of 6,2.0,0,6.0,0,11,20,3,2,11,21,679,411,16,21,4,4,15,14,26,10,3,2,10,4,11,23,66,77
2.0,Sun,2023-08-20,19:30,Barcelona,Cádiz,3.4,1.1,2–0,39603.0,Alejandro Muñíz,2023-2024,Marc-André ter Stegen,Álex Fernández,(3-4-3),(4-4-2),74%,26%,585 of 659 — 89%,66% — 151 of 229,10 of 24 — 42%,10% — 1 of 10,1 of 1 — 100%,80% — 8 of 10,4.0,0,3.0,0,9,22,10,2,29,15,748,316,11,11,5,8,12,15,9,20,1,1,7,12,14,13,41,78
2.0,Sun,2023-08-20,21:30,Betis,Atlético Madrid,0.7,0.5,0–0,51782.0,Ricardo de Burgos,2023-2024,Germán Pezzella,Jan Oblak,(4-2-3-1),(5-3-2),53%,47%,511 of 598 — 85%,83% — 438 of 526,0 of 14 — 0%,20% — 1 of 5,1 of 1 — 100%,% — 0 of 0,2.0,0,2.0,0,10,8,2,7,17,17,695,628,12,21,9,8,7,12,18,14,3,2,5,9,19,11,66,48
2.0,Mon,2023-08-21,19:00,Alavés,Sevilla,1.8,0.6,4–3,15308.0,Guillermo Cuadra,2023-2024,Rubén Duarte,Jesús Navas,(4-4-2),(4-2-3-1),34%,66%,194 of 313 — 62%,81% — 500 of 618,7 of 14 — 50%,17% — 2 of 12,0 of 2 — 0%,42% — 3 of 7,1.0,0,2.0,0,14,13,4,4,20,28,426,719,17,14,2,8,16,18,27,15,0,1,10,10,22,29,66,86
2.0,Mon,2023-08-21,21:30,Granada,Rayo Vallecano,1.2,2.1,0–2,17338.0,Pablo González,2023-2024,Carlos Neva,Óscar Trejo,(4-3-3),(4-4-2),48%,52%,308 of 414 — 74%,75% — 334 of 443,7 of 14 — 50%,53% — 9 of 17,7 of 9 — 77%,100% — 7 of 7,2.0,1,1.0,0,14,11,5,6,22,18,523,552,18,18,5,5,13,15,18,17,1,7,7,10,24,28,76,77
3.0,Fri,2023-08-25,18:30,Las Palmas,Real Sociedad,0.9,1.0,0–0,25335.0,Guillermo Cuadra,2023-2024,Jonathan Viera,Mikel Merino,(4-3-3),(4-2-3-1),52%,48%,396 of 501 — 79%,77% — 359 of 465,5 of 11 — 45%,13% — 1 of 8,1 of 1 — 100%,100% — 5 of 5,1.0,0,4.0,0,7,29,5,7,12,19,604,563,17,12,12,6,20,19,12,16,3,4,6,6,17,15,69,55
3.0,Fri,2023-08-25,21:30,Celta Vigo,Real Madrid,1.2,1.4,0–1,23057.0,Isidro Díaz de Mera,2023-2024,Iago Aspas,Dani Carvajal,(5-3-2),(4-1-2-1-2),37%,63%,302 of 394 — 77%,88% — 589 of 672,4 of 13 — 31%,22% — 2 of 9,1 of 2 — 50%,100% — 4 of 4,2.0,0,3.0,0,19,14,3,5,22,17,490,775,15,8,7,8,11,8,21,12,0,3,10,12,17,12,59,51
3.0,Sat,2023-08-26,19:00,Cádiz,Almería,1.6,0.3,1–1,18653.0,Víctor García,2023-2024,Isaac Carcelen,Chumi,(4-4-2),(4-2-3-1),52%,48%,292 of 394 — 74%,74% — 274 of 368,3 of 11 — 27%,40% — 2 of 5,1 of 2 — 50%,66% — 2 of 3,0.0,1,6.5,0,16,22,7,3,30,13,484,470,11,12,3,14,19,16,17,18,0,1,2,9,15,15,83,53
3.0,Sat,2023-08-26,19:30,Granada,Mallorca,1.4,2.6,3–2,16368.0,Francisco Hernández,2023-2024,Carlos Neva,Dani Rodríguez,(4-4-2),(5-3-2),53%,47%,306 of 399 — 77%,74% — 265 of 358,3 of 9 — 33%,56% — 5 of 9,3 of 5 — 60%,33% — 1 of 3,2.0,0,7.0,0,11,27,5,3,16,17,484,440,7,9,6,4,14,19,15,14,1,1,6,8,24,19,86,61
3.0,Sat,2023-08-26,21:30,Sevilla,Girona,1.7,1.7,1–2,29304.0,Jesús Gil,2023-2024,Jesús Navas,Cristhian Stuani,(4-2-3-1),(4-1-4-1),52%,48%,352 of 477 — 74%,78% — 347 of 445,4 of 21 — 19%,38% — 3 of 8,1 of 3 — 33%,75% — 3 of 4,2.0,0,1.0,0,11,18,6,6,50,12,568,576,18,11,9,8,16,15,9,47,4,1,4,14,26,13,81,52
3.0,Sun,2023-08-27,17:30,Villarreal,Barcelona,1.9,3.1,3–4,21679.0,Alejandro Hernández,2023-2024,Gerard Moreno,Sergi Roberto,(4-4-2),(4-3-3),40%,60%,344 of 413 — 83%,89% — 557 of 628,6 of 13 — 46%,52% — 11 of 21,7 of 11 — 63%,50% — 3 of 6,3.0,0,3.0,0,12,14,2,6,8,18,527,730,16,15,5,11,13,10,22,7,5,3,4,2,14,12,56,54
3.0,Sun,2023-08-27,19:30,Valencia,Osasuna,1.7,1.2,1–2,42474.0,Juan Pulido,2023-2024,José Luis Gayà,David García,(4-4-2),(4-3-3),64%,36%,459 of 573 — 80%,67% — 213 of 317,4 of 16 — 25%,17% — 1 of 6,0 of 1 — 0%,75% — 3 of 4,3.0,0,4.0,0,13,12,6,3,32,9,684,437,14,14,11,7,16,17,13,39,3,1,3,15,27,24,67,75
3.0,Sun,2023-08-27,21:30,Athletic Club,Betis,2.9,0.4,4–2,44340.0,César Soto,2023-2024,Iker Muniain,Germán Pezzella,(4-2-3-1),(4-2-3-1),48%,52%,349 of 464 — 75%,77% — 389 of 504,4 of 12 — 33%,44% — 4 of 9,2 of 4 — 50%,50% — 2 of 4,4.0,0,2.0,0,23,11,5,3,22,11,582,635,12,19,12,8,14,12,16,31,2,2,6,13,35,18,69,69
3.0,Mon,2023-08-28,19:30,Getafe,Alavés,2.2,0.7,1–0,11023.0,Juan Martínez,2023-2024,Djené,Rubén Duarte,(4-4-2),(4-3-3),47%,53%,226 of 351 — 64%,67% — 270 of 401,3 of 14 — 21%,6% — 1 of 16,1 of 1 — 100%,100% — 3 of 3,1.0,0,2.0,0,13,15,4,5,12,24,454,510,7,16,11,8,28,24,24,18,0,3,9,11,28,31,94,98
3.0,Mon,2023-08-28,21:30,Rayo Vallecano,Atlético Madrid,0.6,3.4,0–7,13966.0,José Luis Munuera,2023-2024,Óscar Trejo,Jan Oblak,(4-2-3-1),(5-3-2),56%,44%,405 of 537 — 75%,74% — 307 of 414,3 of 12 — 25%,59% — 10 of 17,3 of 10 — 30%,100% — 3 of 3,4.0,0,3.0,0,19,17,8,3,28,7,643,551,15,20,3,9,8,12,4,29,3,1,5,10,24,15,86,76
4.0,Fri,2023-09-01,19:30,Cádiz,Villarreal,2.1,0.3,3–1,18557.0,Juan Pulido,2023-2024,Isaac Carcelen,Raúl Albiol,(4-4-2),(4-3-3),43%,57%,251 of 347 — 72%,83% — 385 of 466,3 of 17 — 18%,43% — 3 of 7,2 of 3 — 66%,33% — 1 of 3,5.0,0,4.0,1,21,15,7,3,29,9,447,573,18,8,7,3,7,16,12,31,2,2,6,12,19,22,76,54
4.0,Fri,2023-09-01,22:00,Almería,Celta Vigo,3.0,1.5,2–3,14196.0,Ricardo de Burgos,2023-2024,Lucas Robertone,Iago Aspas,(4-2-3-1),(5-4-1),63%,37%,570 of 667 — 85%,77% — 308 of 399,5 of 16 — 31%,50% — 7 of 14,4 of 7 — 57%,60% — 3 of 5,1.0,0,1.0,0,9,9,6,5,29,23,793,526,24,18,9,9,15,8,17,33,1,3,8,9,26,24,53,54
4.0,Sat,2023-09-02,14:00,Real Sociedad,Granada,2.3,0.8,5–3,27808.0,Javier Villanueva,2023-2024,Mikel Oyarzabal,Víctor Díaz,(4-3-3),(3-4-3),61%,39%,478 of 583 — 82%,69% — 255 of 372,6 of 15 — 40%,63% — 5 of 8,3 of 5 — 60%,33% — 2 of 6,1.0,0,5.0,0,15,14,2,5,13,20,685,458,17,10,6,3,12,14,17,18,8,5,3,9,14,20,62,87
4.0,Sat,2023-09-02,16:15,Real Madrid,Getafe,2.8,0.4,2–1,66747.0,Mario Melero,2023-2024,Luka Modrić,Djené,(4-3-1-2),(4-1-3-2),76%,24%,674 of 782 — 86%,65% — 164 of 253,12 of 26 — 46%,33% — 2 of 6,1 of 2 — 50%,83% — 10 of 12,2.0,0,6.0,0,12,16,11,1,29,12,880,370,13,14,4,9,13,22,12,38,2,0,4,13,20,15,60,66
4.0,Sat,2023-09-02,18:30,Alavés,Valencia,1.3,0.8,1–0,16641.0,Pablo González,2023-2024,Rubén Duarte,José Luis Gayà,(4-2-3-1),(4-4-2),40%,60%,246 of 357 — 69%,81% — 428 of 531,0 of 6 — 0%,44% — 4 of 9,4 of 4 — 100%,% — 0 of 0,5.0,0,2.0,0,18,9,1,2,16,17,455,641,13,17,3,5,12,9,18,19,3,0,12,9,28,20,69,55
4.0,Sat,2023-09-02,21:00,Betis,Rayo Vallecano,1.0,1.5,1–0,50619.0,Alejandro Muñíz,2023-2024,Germán Pezzella,Óscar Valentín,(4-2-3-1),(4-4-2),55%,45%,428 of 515 — 83%,76% — 319 of 420,5 of 14 — 36%,40% — 6 of 15,6 of 6 — 100%,80% — 4 of 5,3.0,0,5.0,0,22,20,2,3,14,13,628,517,25,22,12,3,6,10,12,15,2,4,5,7,13,26,53,70
4.0,Sun,2023-09-03,14:00,Girona,Las Palmas,1.0,1.1,1–0,11619.0,Mateo Busquets,2023-2024,Cristhian Stuani,Jonathan Viera,(4-1-4-1),(4-2-3-1),46%,54%,374 of 449 — 83%,84% — 441 of 524,6 of 11 — 55%,50% — 5 of 10,5 of 5 — 100%,83% — 5 of 6,3.0,0,3.0,0,15,10,3,5,18,15,552,617,18,15,8,5,9,9,12,17,4,0,5,5,13,18,45,58
4.0,Sun,2023-09-03,16:15,Mallorca,Athletic Club,0.4,0.6,0–0,17043.0,Jorge Figueroa,2023-2024,Dani Rodríguez,Iñaki Williams,(5-3-2),(4-2-3-1),33%,67%,159 of 275 — 58%,78% — 427 of 547,1 of 8 — 13%,27% — 3 of 11,3 of 3 — 100%,100% — 1 of 1,0.0,0,1.0,0,12,17,3,5,9,31,405,640,25,7,10,4,22,19,35,7,5,4,11,8,12,26,90,69
4.0,Sun,2023-09-03,21:00,Osasuna,Barcelona,0.8,2.0,1–2,21966.0,Miguel Ángel Ortiz Arias,2023-2024,Rubén García,Sergi Roberto,(4-1-4-1),(4-3-3),31%,69%,223 of 319 — 70%,89% — 618 of 694,3 of 11 — 27%,38% — 3 of 8,2 of 3 — 66%,66% — 2 of 3,2.0,1,3.0,0,6,16,8,5,29,16,414,818,16,20,5,8,16,15,21,28,2,2,3,3,26,21,77,38
5.0,Fri,2023-09-15,21:00,Rayo Vallecano,Alavés,2.6,0.7,2–0,12116.0,Víctor García,2023-2024,Óscar Valentín,Rubén Duarte,(4-2-3-1),(4-2-3-1),51%,49%,318 of 436 — 73%,71% — 290 of 411,10 of 19 — 53%,11% — 1 of 9,1 of 1 — 100%,90% — 9 of 10,2.0,0,3.0,0,15,14,5,3,19,28,542,514,15,21,6,5,10,22,20,19,0,1,10,9,29,29,97,91
5.0,Sat,2023-09-16,14:00,Athletic Club,Cádiz,2.9,0.3,3–0,42881.0,Guillermo Cuadra,2023-2024,Óscar de Marcos,Isaac Carcelen,(4-2-3-1),(4-4-2),65%,35%,411 of 546 — 75%,62% — 182 of 295,8 of 20 — 40%,80% — 4 of 5,4 of 4 — 100%,62% — 5 of 8,1.0,0,4.0,0,10,20,5,4,22,9,638,420,8,14,2,10,11,17,6,36,1,4,1,14,29,21,63,83
5.0,Sat,2023-09-16,16:15,Valencia,Atlético Madrid,1.3,0.6,3–0,45363.0,Jesús Gil,2023-2024,José Luis Gayà,Jan Oblak,(4-2-3-1),(5-3-2),37%,63%,276 of 360 — 77%,83% — 496 of 601,8 of 12 — 67%,27% — 3 of 11,3 of 3 — 100%,62% — 5 of 8,1.0,0,5.0,0,13,17,5,8,12,29,494,708,18,18,8,5,8,17,34,14,0,0,11,3,18,23,67,56
5.0,Sat,2023-09-16,18:30,Celta Vigo,Mallorca,1.3,0.8,0–1,18693.0,José Luis Munuera,2023-2024,Iago Aspas,Dani Rodríguez,(3-4-3),(5-4-1),60%,40%,456 of 577 — 79%,76% — 292 of 382,4 of 16 — 25%,43% — 3 of 7,2 of 3 — 66%,100% — 4 of 4,1.0,0,3.0,0,9,15,10,1,31,6,668,513,7,17,5,15,15,19,13,32,2,0,4,13,24,26,65,65
5.0,Sat,2023-09-16,21:00,Barcelona,Betis,2.4,0.8,5–0,45055.0,José Sánchez,2023-2024,Marc-André ter Stegen,Marc Bartra,(4-3-3),(4-2-3-1),65%,35%,619 of 692 — 89%,81% — 300 of 369,9 of 17 — 53%,18% — 2 of 11,2 of 2 — 100%,44% — 4 of 9,1.0,0,2.0,0,9,10,9,5,16,10,800,470,22,16,6,11,7,2,10,18,3,3,9,7,14,9,29,53
5.0,Sun,2023-09-17,14:00,Getafe,Osasuna,0.5,1.1,3–2,9808.0,Alejandro Hernández,2023-2024,Djené,David García,(4-4-2),(4-3-3),44%,56%,262 of 398 — 66%,72% — 357 of 498,6 of 11 — 55%,29% — 2 of 7,1 of 2 — 50%,50% — 3 of 6,6.0,1,2.0,0,15,11,6,3,21,15,492,590,9,10,6,8,23,31,17,25,0,7,9,1,22,32,111,110
5.0,Sun,2023-09-17,16:15,Villarreal,Almería,0.9,1.5,2–1,18467.0,Francisco Hernández,2023-2024,Raúl Albiol,Lucas Robertone,(4-2-3-1),(4-2-3-1),62%,38%,453 of 545 — 83%,74% — 248 of 333,4 of 10 — 40%,41% — 7 of 17,6 of 7 — 85%,50% — 2 of 4,2.0,0,3.0,0,16,6,6,6,25,14,647,453,18,18,4,8,15,13,14,21,1,1,13,6,13,18,57,55
5.0,Sun,2023-09-17,18:30,Sevilla,Las Palmas,1.7,1.0,1–0,40578.0,Juan Martínez,2023-2024,Jesús Navas,Jonathan Viera,(4-2-3-1),(4-2-3-1),43%,57%,285 of 404 — 71%,80% — 420 of 526,9 of 26 — 35%,14% — 2 of 14,2 of 2 — 100%,88% — 8 of 9,3.0,0,5.0,0,13,12,7,3,34,12,550,665,25,16,14,6,10,11,20,29,6,0,11,10,17,33,65,63
5.0,Sun,2023-09-17,21:00,Real Madrid,Real Sociedad,2.0,1.6,2–1,70092.0,César Soto,2023-2024,Dani Carvajal,Mikel Oyarzabal,(4-1-2-1-2),(4-3-3),52%,48%,477 of 558 — 85%,86% — 448 of 521,8 of 17 — 47%,33% — 5 of 15,4 of 5 — 80%,75% — 6 of 8,3.0,0,2.0,0,11,14,4,3,19,12,667,635,16,15,11,12,14,7,15,23,3,2,8,5,20,17,67,57
5.0,Mon,2023-09-18,21:00,Granada,Girona,1.6,2.8,2–4,17323.0,Isidro Díaz de Mera,2023-2024,Víctor Díaz,Aleix García,(4-4-2),(4-1-4-1),43%,57%,285 of 370 — 77%,84% — 412 of 492,5 of 12 — 42%,46% — 6 of 13,2 of 6 — 33%,60% — 3 of 5,3.0,0,3.0,0,13,21,4,5,24,16,479,607,19,21,5,2,17,4,11,23,3,5,3,5,28,23,57,65
6.0,Fri,2023-09-22,21:00,Alavés,Athletic Club,1.1,1.7,0–2,19421.0,Alejandro Muñíz,2023-2024,Rubén Duarte,Óscar de Marcos,(4-2-3-1),(4-2-3-1),44%,56%,294 of 422 — 70%,78% — 429 of 547,5 of 15 — 33%,27% — 3 of 11,1 of 3 — 33%,100% — 5 of 5,3.0,0,2.0,0,13,9,3,4,17,15,542,688,18,13,8,3,16,16,19,29,4,0,12,8,25,32,82,89
6.0,Sat,2023-09-23,14:00,Girona,Mallorca,3.2,1.8,5–3,11511.0,Pablo González,2023-2024,Aleix García,Dani Rodríguez,(4-1-4-1),(5-4-1),56%,44%,492 of 568 — 87%,82% — 365 of 443,8 of 22 — 36%,29% — 4 of 14,2 of 4 — 50%,50% — 4 of 8,1.0,0,5.0,0,10,12,6,5,20,18,662,541,12,9,4,3,10,11,10,21,1,3,6,11,15,14,51,63
6.0,Sat,2023-09-23,16:15,Osasuna,Sevilla,1.4,0.8,0–0,19670.0,Javier Villanueva,2023-2024,David García,Ivan Rakitić,(4-3-3),(4-2-3-1),44%,56%,222 of 376 — 59%,68% — 323 of 477,2 of 16 — 13%,20% — 3 of 15,3 of 3 — 100%,100% — 2 of 2,2.0,0,3.0,0,11,7,7,4,21,20,514,623,15,23,5,7,27,28,24,29,2,4,18,10,28,24,113,90
6.0,Sat,2023-09-23,18:30,Barcelona,Celta Vigo,1.6,1.5,3–2,43272.0,Mario Melero,2023-2024,Marc-André ter Stegen,Iago Aspas,(4-3-3),(5-3-2),74%,26%,767 of 858 — 89%,72% — 218 of 302,6 of 15 — 40%,54% — 7 of 13,5 of 7 — 71%,50% — 3 of 6,2.0,0,1.0,0,10,11,2,3,21,11,941,399,11,12,7,7,13,10,9,29,2,0,8,11,20,10,54,62
6.0,Sat,2023-09-23,21:00,Almería,Valencia,2.6,0.8,2–2,14266.0,Mateo Busquets,2023-2024,Lucas Robertone,José Luis Gayà,(4-2-3-1),(4-2-3-1),61%,39%,500 of 597 — 84%,72% — 278 of 386,10 of 17 — 59%,71% — 5 of 7,3 of 5 — 60%,80% — 8 of 10,4.0,0,2.0,0,12,10,7,3,21,11,699,490,10,25,4,5,24,13,15,23,3,1,4,8,22,24,68,71
6.0,Sun,2023-09-24,14:00,Real Sociedad,Getafe,2.0,1.4,4–3,29568.0,Juan Pulido,2023-2024,Igor Zubeldia,Djené,(4-4-2),(4-2-3-1),61%,39%,420 of 528 — 80%,66% — 223 of 339,5 of 9 — 56%,67% — 6 of 9,4 of 6 — 66%,40% — 2 of 5,3.0,0,2.0,0,13,24,2,1,12,17,630,427,11,19,5,5,23,32,16,10,3,1,5,8,20,17,72,73
6.0,Sun,2023-09-24,16:15,Rayo Vallecano,Villarreal,1.2,1.6,1–1,12865.0,Jorge Figueroa,2023-2024,Óscar Valentín,Raúl Albiol,(4-2-3-1),(4-4-2),42%,58%,276 of 366 — 75%,83% — 422 of 508,6 of 11 — 55%,46% — 6 of 13,5 of 6 — 83%,83% — 5 of 6,2.0,0,4.5,0,20,18,2,8,12,20,458,613,14,21,11,10,3,13,21,18,6,2,9,6,17,11,87,70
6.0,Sun,2023-09-24,17:30,Las Palmas,Granada,0.6,0.0,1–0,24848.0,Ricardo de Burgos,2023-2024,Jonathan Viera,Antonio Puertas,(4-5-1),(4-4-1-1),56%,44%,376 of 474 — 79%,66% — 240 of 366,3 of 10 — 30%,50% — 1 of 2,1 of 1 — 100%,66% — 2 of 3,8.5,0,4.0,0,13,19,6,7,15,23,601,455,23,16,7,4,20,18,28,12,4,5,7,7,10,22,56,67
6.0,Sun,2023-09-24,18:30,Betis,Cádiz,1.8,0.2,1–1,56087.0,Miguel Ángel Ortiz Arias,2023-2024,Germán Pezzella,Isaac Carcelen,(4-2-3-1),(4-4-2),63%,37%,475 of 549 — 87%,72% — 235 of 328,7 of 21 — 33%,20% — 1 of 5,0 of 1 — 0%,85% — 6 of 7,2.0,0,3.0,0,10,14,11,8,34,23,661,431,24,27,5,5,19,11,23,23,1,5,7,16,15,12,49,75
6.0,Sun,2023-09-24,21:00,Atlético Madrid,Real Madrid,1.4,1.0,3–1,69082.0,Javier Alberola,2023-2024,Koke,Luka Modrić,(5-3-2),(4-1-2-1-2),37%,63%,310 of 384 — 81%,89% — 584 of 654,4 of 10 — 40%,25% — 5 of 20,4 of 5 — 80%,25% — 1 of 4,1.0,0,3.0,0,13,10,6,11,15,33,494,770,25,11,8,9,1,5,27,14,1,1,13,6,19,16,58,39
7.0,Tue,2023-09-26,19:00,Sevilla,Almería,2.2,1.8,5–1,35729.0,Guillermo Cuadra,2023-2024,Jesús Navas,Gonzalo Melero,(4-2-3-1),(4-4-2),46%,54%,315 of 408 — 77%,80% — 381 of 477,9 of 18 — 50%,0% — 0 of 9,0 of 0 — %,44% — 4 of 9,3.0,0,2.0,0,15,16,9,4,24,23,524,572,17,12,5,6,19,14,23,15,0,2,7,5,16,25,61,73
7.0,Tue,2023-09-26,21:30,Mallorca,Barcelona,0.8,1.9,2–2,19939.0,Alejandro Muñíz,2023-2024,Dani Rodríguez,Marc-André ter Stegen,(5-3-2),(4-3-3),31%,69%,164 of 278 — 59%,84% — 524 of 621,5 of 10 — 50%,40% — 4 of 10,2 of 4 — 50%,60% — 3 of 5,5.0,1,1.0,0,19,7,7,2,14,11,391,734,28,13,13,7,20,19,15,13,6,1,12,3,11,22,79,55
7.0,Wed,2023-09-27,19:00,Real Madrid,Las Palmas,1.7,0.7,2–0,65017.0,José Luis Munuera,2023-2024,Nacho,Jonathan Viera,(4-3-1-2),(4-5-1),48%,52%,534 of 618 — 86%,90% — 615 of 680,9 of 21 — 43%,13% — 2 of 16,2 of 2 — 100%,77% — 7 of 9,0.0,0,1.0,0,7,9,7,2,16,8,723,823,12,24,7,7,5,3,8,26,6,2,8,4,17,8,40,37
7.0,Wed,2023-09-27,19:00,Villarreal,Girona,1.8,2.1,1–2,17188.0,José Sánchez,2023-2024,Raúl Albiol,Aleix García,(4-4-2),(4-1-4-1),53%,47%,434 of 508 — 85%,86% — 379 of 442,2 of 13 — 15%,29% — 5 of 17,3 of 5 — 60%,100% — 2 of 2,3.0,0,2.0,0,9,11,5,6,22,20,614,562,17,16,7,8,9,9,11,25,4,0,12,6,18,14,61,54
7.0,Wed,2023-09-27,19:00,Athletic Club,Getafe,0.7,1.4,2–2,43091.0,Isidro Díaz de Mera,2023-2024,Óscar de Marcos,David Soria,(4-2-3-1),(5-4-1),49%,51%,321 of 434 — 74%,71% — 326 of 456,4 of 8 — 50%,38% — 5 of 13,3 of 5 — 60%,50% — 2 of 4,5.0,1,6.0,0,9,19,5,4,22,30,553,550,14,6,9,11,18,10,32,20,6,1,5,5,22,21,77,85
7.0,Wed,2023-09-27,21:30,Valencia,Real Sociedad,0.4,0.2,0–1,44200.0,Alejandro Hernández,2023-2024,José Luis Gayà,Mikel Oyarzabal,(4-2-3-1),(4-3-3),38%,62%,282 of 393 — 72%,83% — 535 of 646,2 of 9 — 22%,50% — 1 of 2,0 of 1 — 0%,100% — 2 of 2,5.5,0,7.0,0,14,17,0,2,8,11,478,738,18,16,2,11,15,27,16,15,3,2,4,5,26,26,71,83
7.0,Wed,2023-09-27,21:30,Cádiz,Rayo Vallecano,0.6,0.3,0–0,18505.0,Francisco Hernández,2023-2024,Isaac Carcelen,Óscar Valentín,(4-4-2),(4-2-3-1),52%,48%,326 of 459 — 71%,69% — 297 of 430,2 of 9 — 22%,44% — 4 of 9,4 of 4 — 100%,100% — 2 of 2,5.0,0,6.0,1,16,13,1,2,21,13,560,535,12,17,9,9,22,12,15,29,1,2,9,12,26,26,89,85
7.0,Thu,2023-09-28,19:00,Granada,Betis,1.8,0.9,1–1,18936.0,Víctor García,2023-2024,Antonio Puertas,Andrés Guardado,(4-4-2),(4-2-3-1),39%,61%,275 of 365 — 75%,82% — 465 of 565,7 of 18 — 39%,23% — 3 of 13,2 of 3 — 66%,85% — 6 of 7,2.0,0,1.0,0,14,10,5,7,24,21,496,673,12,13,3,11,10,12,30,21,2,2,11,8,16,19,65,76
7.0,Thu,2023-09-28,19:00,Celta Vigo,Alavés,0.6,2.6,1–1,16852.0,César Soto,2023-2024,Iago Aspas,Ander Guevara,(5-3-2),(4-2-3-1),46%,54%,333 of 428 — 78%,82% — 409 of 497,0 of 8 — 0%,43% — 9 of 21,8 of 9 — 88%,% — 0 of 0,7.5,0,3.0,0,9,11,2,8,9,28,532,618,12,12,3,5,12,17,31,15,0,2,14,6,25,19,73,64
7.0,Thu,2023-09-28,21:30,Osasuna,Atlético Madrid,1.0,1.5,0–2,20192.0,Juan Martínez,2023-2024,David García,Koke,(4-3-3),(5-3-2),55%,45%,447 of 570 — 78%,78% — 366 of 472,2 of 13 — 15%,60% — 3 of 5,1 of 3 — 33%,100% — 2 of 2,3.0,1,4.5,0,14,4,7,2,38,3,649,587,11,12,8,4,20,12,9,35,2,5,3,13,26,14,74,66
8.0,Fri,2023-09-29,21:00,Barcelona,Sevilla,2.4,1.1,1–0,41116.0,Miguel Ángel Ortiz Arias,2023-2024,Marc-André ter Stegen,Ivan Rakitić,(4-3-3),(4-2-3-1),58%,42%,431 of 519 — 83%,74% — 280 of 378,4 of 18 — 22%,25% — 3 of 12,3 of 3 — 100%,100% — 4 of 4,2.0,0,3.0,0,11,15,13,3,21,24,643,501,11,20,5,12,13,15,24,22,1,3,7,8,26,31,62,69
8.0,Sat,2023-09-30,14:00,Getafe,Villarreal,0.9,0.1,0–0,11255.0,Mateo Busquets,2023-2024,Djené,Raúl Albiol,(4-4-2),(4-4-2),64%,36%,426 of 533 — 80%,69% — 209 of 302,9 of 22 — 41%,0% — 0 of 3,0 of 0 — %,100% — 9 of 9,2.0,0,4.0,1,19,11,6,4,44,11,638,424,22,16,6,9,13,18,14,28,2,1,7,21,17,18,96,86
8.0,Sat,2023-09-30,16:15,Rayo Vallecano,Mallorca,2.3,1.5,2–2,11991.0,Mario Melero,2023-2024,Isaac Palazón Camacho,Dani Rodríguez,(4-2-3-1),(4-4-2),60%,40%,434 of 541 — 80%,67% — 238 of 356,4 of 18 — 22%,44% — 4 of 9,2 of 4 — 50%,75% — 3 of 4,2.0,0,5.0,0,12,20,5,0,21,7,640,452,5,19,7,11,18,24,14,14,1,2,6,20,18,16,97,88
8.0,Sat,2023-09-30,18:30,Girona,Real Madrid,1.6,2.3,0–3,14184.0,Juan Pulido,2023-2024,Aleix García,Nacho,(4-1-4-1),(4-3-1-2),52%,48%,529 of 602 — 88%,88% — 483 of 546,3 of 13 — 23%,50% — 7 of 14,4 of 7 — 57%,100% — 3 of 3,2.0,0,2.0,1,13,14,1,4,25,9,704,675,16,22,10,14,3,3,7,17,0,0,6,17,22,13,52,50
8.0,Sat,2023-09-30,21:00,Real Sociedad,Athletic Club,1.4,1.8,3–0,38229.0,Jesús Gil,2023-2024,Mikel Merino,Iker Muniain,(4-4-2),(4-2-3-1),51%,49%,323 of 443 — 73%,74% — 316 of 426,5 of 8 — 63%,17% — 3 of 18,3 of 3 — 100%,40% — 2 of 5,2.0,0,2.0,0,20,9,5,7,16,21,552,539,17,16,4,7,22,20,12,10,2,2,10,3,23,23,81,78
8.0,Sun,2023-10-01,14:00,Almería,Granada,2.9,2.9,3–3,14264.0,Pablo González,2023-2024,Gonzalo Melero,Antonio Puertas,(4-3-3),(4-4-2),49%,51%,301 of 402 — 75%,78% — 330 of 425,5 of 17 — 29%,12% — 2 of 17,0 of 2 — 0%,40% — 2 of 5,2.0,0,1.0,0,18,14,1,5,23,15,500,534,16,10,8,5,17,14,13,18,0,4,11,7,18,22,72,68
8.0,Sun,2023-10-01,16:15,Alavés,Osasuna,1.5,1.1,0–2,19035.0,Jorge Figueroa,2023-2024,Rubén Duarte,David García,(4-2-3-1),(4-3-3),46%,54%,288 of 410 — 70%,77% — 368 of 478,3 of 17 — 18%,30% — 3 of 10,1 of 3 — 33%,100% — 3 of 3,2.0,1,3.0,0,13,13,4,2,26,13,501,568,12,6,9,3,23,18,18,27,5,1,8,13,20,17,85,78
8.0,Sun,2023-10-01,21:00,Betis,Valencia,1.6,0.7,3–0,50163.0,Ricardo de Burgos,2023-2024,Germán Pezzella,Gabriel Paulista,(4-2-3-1),(4-2-3-1),55%,45%,459 of 544 — 84%,79% — 347 of 441,7 of 15 — 47%,22% — 2 of 9,2 of 2 — 100%,57% — 4 of 7,2.0,0,2.0,0,11,10,5,3,16,13,652,536,13,19,4,5,13,11,22,17,5,2,7,7,17,21,60,51
8.0,Sun,2023-10-01,21:00,Atlético Madrid,Cádiz,2.7,0.8,3–2,53421.0,Javier Villanueva,2023-2024,Koke,Jeremías Ledesma,(3-5-2),(5-3-2),69%,31%,658 of 771 — 85%,69% — 235 of 339,9 of 18 — 50%,50% — 4 of 8,2 of 4 — 50%,66% — 6 of 9,1.0,0,3.0,0,5,10,5,3,15,17,863,449,17,17,3,6,18,11,12,23,2,0,11,11,15,16,58,77
8.0,Mon,2023-10-02,20:00,Las Palmas,Celta Vigo,1.7,1.5,2–1,22472.0,Javier Alberola,2023-2024,Kirian Rodríguez,Carl Starfelt,(4-5-1),(5-3-2),73%,27%,687 of 791 — 87%,67% — 193 of 286,4 of 15 — 27%,27% — 3 of 11,2 of 3 — 66%,75% — 3 of 4,2.0,0,1.0,0,13,14,4,5,28,12,901,423,21,18,7,13,17,9,9,33,2,2,5,9,32,13,72,67
9.0,Fri,2023-10-06,21:00,Athletic Club,Almería,1.9,0.1,3–0,43677.0,Víctor García,2023-2024,Óscar de Marcos,Adri Embarba,(4-2-3-1),(4-4-2),59%,41%,461 of 557 — 83%,74% — 289 of 391,9 of 23 — 39%,25% — 1 of 4,1 of 1 — 100%,66% — 6 of 9,2.0,0,0.0,0,11,7,6,2,27,8,675,508,19,26,7,11,15,8,11,20,0,2,6,13,20,21,60,68
9.0,Sat,2023-10-07,14:00,Cádiz,Girona,0.4,1.2,0–1,16438.0,Juan Martínez,2023-2024,Isaac Carcelen,Aleix García,(4-4-2),(3-4-3),27%,73%,136 of 243 — 56%,86% — 571 of 666,2 of 8 — 25%,25% — 5 of 20,4 of 5 — 80%,100% — 2 of 2,1.0,1,3.0,0,12,13,5,5,21,31,341,765,15,15,8,2,16,15,21,21,0,3,10,11,13,10,84,60
9.0,Sat,2023-10-07,16:15,Real Madrid,Osasuna,3.2,0.5,4–0,70864.0,Guillermo Cuadra,2023-2024,Luka Modrić,David García,(4-3-1-2),(4-3-3),67%,33%,673 of 745 — 90%,79% — 294 of 371,8 of 18 — 44%,14% — 1 of 7,1 of 1 — 100%,50% — 4 of 8,2.0,0,2.0,0,9,6,5,4,13,14,846,455,14,15,9,6,5,5,5,20,2,1,9,11,21,13,53,59
9.0,Sat,2023-10-07,18:30,Mallorca,Valencia,0.6,0.5,1–1,17659.0,Francisco Hernández,2023-2024,Dani Rodríguez,Gabriel Paulista,(4-4-2),(4-4-2),49%,51%,381 of 488 — 78%,79% — 400 of 509,5 of 9 — 56%,27% — 3 of 11,2 of 3 — 66%,80% — 4 of 5,2.0,0,1.0,0,17,11,3,6,14,15,620,646,26,15,7,14,19,16,13,14,4,0,3,2,28,24,94,73
9.0,Sat,2023-10-07,21:00,Sevilla,Rayo Vallecano,1.0,1.0,2–2,35817.0,Isidro Díaz de Mera,2023-2024,Fernando,Óscar Valentín,(4-2-3-1),(4-4-2),64%,36%,389 of 507 — 77%,63% — 184 of 291,6 of 22 — 27%,57% — 4 of 7,2 of 4 — 50%,66% — 4 of 6,5.0,0,2.0,0,16,19,12,2,48,13,628,432,18,12,6,5,19,14,18,56,2,1,5,18,30,21,74,71
9.0,Sun,2023-10-08,14:00,Villarreal,Las Palmas,1.0,1.1,1–2,16249.0,Alejandro Muñíz,2023-2024,Raúl Albiol,Kirian Rodríguez,(4-2-3-1),(4-5-1),49%,51%,374 of 461 — 81%,84% — 398 of 472,4 of 9 — 44%,57% — 4 of 7,3 of 4 — 75%,75% — 3 of 4,4.0,0,4.0,0,17,7,7,2,19,11,542,593,16,34,9,15,9,3,10,13,4,5,6,5,20,12,57,55
9.0,Sun,2023-10-08,16:15,Atlético Madrid,Real Sociedad,2.2,1.2,2–1,65607.0,José Luis Munuera,2023-2024,Koke,Mikel Oyarzabal,(3-5-2),(4-3-3),38%,62%,270 of 369 — 73%,85% — 513 of 604,4 of 13 — 31%,31% — 4 of 13,3 of 4 — 75%,75% — 3 of 4,3.0,0,3.0,0,9,12,1,4,5,18,471,713,14,18,7,5,21,11,28,11,0,2,13,9,23,17,90,80
9.0,Sun,2023-10-08,18:30,Alavés,Betis,1.3,0.9,1–1,18288.0,Alejandro Hernández,2023-2024,Luis Rioja,Germán Pezzella,(4-2-3-1),(4-2-3-1),40%,60%,285 of 389 — 73%,82% — 486 of 592,5 of 15 — 33%,33% — 2 of 6,1 of 2 — 50%,100% — 5 of 5,3.0,0,3.0,1,13,9,5,3,23,15,492,696,11,10,11,8,10,5,17,12,1,1,6,16,23,18,62,66
9.0,Sun,2023-10-08,18:30,Celta Vigo,Getafe,3.1,0.7,2–2,17953.0,José Sánchez,2023-2024,Iago Aspas,Djené,(4-4-2),(4-4-2),74%,26%,540 of 658 — 82%,54% — 124 of 230,10 of 25 — 40%,67% — 2 of 3,0 of 2 — 0%,80% — 8 of 10,1.0,0,9.5,0,14,20,13,1,33,7,743,356,9,16,6,13,22,9,7,42,3,2,2,12,23,11,59,90
9.0,Sun,2023-10-08,21:00,Granada,Barcelona,0.8,3.0,2–2,20354.0,César Soto,2023-2024,Carlos Neva,Marc-André ter Stegen,(5-4-1),(4-3-3),20%,80%,131 of 205 — 64%,88% — 725 of 823,2 of 7 — 29%,45% — 10 of 22,8 of 10 — 80%,0% — 0 of 2,6.0,0,1.0,0,12,7,1,11,6,28,339,928,16,22,7,3,5,12,34,5,2,4,12,5,13,20,57,43
10.0,Fri,2023-10-20,21:00,Osasuna,Granada,2.1,0.6,2–0,19739.0,Mateo Busquets,2023-2024,David García,Carlos Neva,(4-3-3),(4-2-3-1),58%,42%,432 of 562 — 77%,72% — 294 of 408,5 of 11 — 45%,23% — 3 of 13,3 of 3 — 100%,80% — 4 of 5,3.0,0,4.0,1,19,13,1,7,18,19,667,531,7,17,7,6,18,11,18,33,3,1,1,5,34,15,77,59
10.0,Sat,2023-10-21,14:00,Real Sociedad,Mallorca,1.3,1.9,1–0,31279.0,Jorge Figueroa,2023-2024,Mikel Oyarzabal,Dani Rodríguez,(4-4-2),(5-3-2),56%,44%,330 of 441 — 75%,66% — 225 of 343,6 of 14 — 43%,33% — 6 of 18,6 of 6 — 100%,83% — 5 of 6,3.0,0,3.0,0,14,16,2,5,11,20,569,453,12,27,6,7,30,25,25,18,1,5,5,11,23,19,75,87
10.0,Sat,2023-10-21,16:15,Getafe,Betis,1.5,1.1,1–1,13926.0,César Soto,2023-2024,Damián Suárez,Andrés Guardado,(4-4-2),(4-2-3-1),45%,55%,275 of 389 — 71%,78% — 372 of 475,3 of 13 — 23%,23% — 3 of 13,2 of 3 — 66%,66% — 2 of 3,5.0,0,2.0,0,17,11,4,8,18,17,512,598,24,17,9,11,13,18,20,15,2,1,14,6,21,21,83,70
10.0,Sat,2023-10-21,18:30,Sevilla,Real Madrid,1.5,1.6,1–1,41212.0,Ricardo de Burgos,2023-2024,Jesús Navas,Dani Carvajal,(4-3-3),(4-1-2-1-2),49%,51%,445 of 511 — 87%,88% — 469 of 535,6 of 17 — 35%,29% — 4 of 14,3 of 4 — 75%,100% — 6 of 6,5.0,0,3.0,0,13,6,4,6,26,16,610,634,16,11,5,4,11,8,12,20,1,1,9,15,15,21,55,55
10.0,Sat,2023-10-21,21:00,Celta Vigo,Atlético Madrid,0.9,1.8,0–3,20282.0,Guillermo Cuadra,2023-2024,Iago Aspas,Koke,(4-3-3),(3-5-2),36%,64%,375 of 456 — 82%,90% — 723 of 807,3 of 16 — 19%,55% — 6 of 11,4 of 6 — 66%,100% — 3 of 3,3.0,1,2.0,0,10,10,7,5,27,12,548,912,10,15,6,9,3,2,14,30,0,6,4,10,10,14,47,51
10.0,Sun,2023-10-22,13:00,Las Palmas,Rayo Vallecano,1.3,1.4,0–1,24548.0,Javier Villanueva,2023-2024,Kirian Rodríguez,Óscar Valentín,(4-5-1),(4-4-2),60%,40%,493 of 607 — 81%,73% — 296 of 404,5 of 11 — 45%,27% — 3 of 11,3 of 3 — 100%,100% — 5 of 5,4.0,0,4.5,0,13,11,10,5,23,14,716,547,15,19,6,12,16,14,13,36,2,2,7,2,12,28,42,81
10.0,Sun,2023-10-22,16:15,Girona,Almería,1.9,1.0,5–2,12884.0,Miguel Ángel Ortiz Arias,2023-2024,Aleix García,Lucas Robertone,(3-4-3),(4-2-3-1),66%,34%,578 of 664 — 87%,73% — 243 of 335,8 of 19 — 42%,56% — 5 of 9,3 of 5 — 60%,37% — 3 of 8,1.0,0,2.0,0,11,14,9,6,25,17,761,419,15,9,4,8,9,12,15,22,3,1,7,10,11,14,55,78
10.0,Sun,2023-10-22,18:30,Villarreal,Alavés,1.5,1.7,1–1,17498.0,Jesús Gil,2023-2024,Raúl Albiol,Rubén Duarte,(3-1-4-2),(4-2-3-1),68%,32%,540 of 629 — 86%,67% — 200 of 299,2 of 11 — 18%,44% — 7 of 16,6 of 7 — 85%,100% — 2 of 2,4.0,0,3.0,0,15,10,9,3,29,15,734,416,10,26,7,9,17,7,17,26,2,1,11,4,22,18,59,66
10.0,Sun,2023-10-22,21:00,Barcelona,Athletic Club,1.3,0.4,1–0,38194.0,Juan Martínez,2023-2024,Marc-André ter Stegen,Óscar de Marcos,(4-3-3),(4-2-3-1),62%,38%,484 of 576 — 84%,73% — 260 of 354,7 of 12 — 58%,30% — 3 of 10,3 of 3 — 100%,85% — 6 of 7,3.0,0,3.0,0,11,18,4,7,13,21,682,456,15,10,8,5,3,10,12,16,4,4,8,8,21,18,82,69
10.0,Mon,2023-10-23,21:00,Valencia,Cádiz,1.5,0.6,2–0,41647.0,Pablo González,2023-2024,José Luis Gayà,Isaac Carcelen,(4-2-3-1),(4-4-2),61%,39%,507 of 590 — 86%,75% — 278 of 371,4 of 12 — 33%,80% — 4 of 5,4 of 4 — 100%,50% — 2 of 4,0.0,0,3.0,1,16,16,4,5,14,23,672,451,13,14,7,7,12,14,16,14,4,2,4,10,15,13,58,79
11.0,Fri,2023-10-27,21:00,Girona,Celta Vigo,0.6,0.2,1–0,12671.0,Isidro Díaz de Mera,2023-2024,Aleix García,Iago Aspas,(3-4-3),(4-4-2),65%,35%,552 of 652 — 85%,73% — 251 of 345,2 of 12 — 17%,50% — 2 of 4,2 of 2 — 100%,50% — 1 of 2,3.0,0,2.0,0,15,12,10,1,32,11,742,441,11,15,3,13,15,15,15,27,0,0,2,8,24,16,81,60
11.0,Sat,2023-10-28,14:00,Almería,Las Palmas,0.3,0.9,1–2,12132.0,Francisco Hernández,2023-2024,Lucas Robertone,Kirian Rodríguez,(4-2-3-1),(4-5-1),41%,59%,308 of 438 — 70%,81% — 507 of 625,4 of 10 — 40%,30% — 3 of 10,1 of 3 — 33%,75% — 3 of 4,3.0,0,1.0,0,13,19,3,2,21,20,546,743,12,18,4,7,17,18,18,32,6,1,6,3,28,25,85,75
11.0,Sat,2023-10-28,16:15,Barcelona,Real Madrid,1.5,1.1,1–2,50112.0,Jesús Gil,2023-2024,Marc-André ter Stegen,Dani Carvajal,(3-4-1-2),(4-1-3-2),53%,47%,503 of 591 — 85%,88% — 469 of 533,3 of 15 — 20%,31% — 4 of 13,2 of 4 — 50%,66% — 2 of 3,2.0,0,1.0,0,15,15,6,3,14,10,686,645,21,14,5,12,6,13,12,17,1,0,5,8,23,10,61,39
11.0,Sat,2023-10-28,18:30,Mallorca,Getafe,0.9,0.2,0–0,15310.0,Pablo González,2023-2024,Dani Rodríguez,Djené,(4-4-2),(4-4-2),59%,41%,306 of 448 — 68%,55% — 174 of 315,4 of 15 — 27%,0% — 0 of 8,0 of 0 — %,100% — 4 of 4,0.0,0,1.0,0,10,25,7,3,31,14,557,417,6,12,9,6,29,26,25,36,7,1,8,9,25,21,100,100
11.0,Sat,2023-10-28,21:00,Cádiz,Sevilla,1.1,1.2,2–2,18886.0,César Soto,2023-2024,Isaac Carcelen,Ivan Rakitić,(4-4-2),(4-3-3),34%,66%,204 of 315 — 65%,82% — 492 of 603,5 of 10 — 50%,50% — 10 of 20,8 of 10 — 80%,60% — 3 of 5,6.0,0,4.0,0,17,14,2,4,13,31,448,720,32,15,7,7,10,17,22,15,3,4,4,3,9,32,83,83
11.0,Sun,2023-10-29,14:00,Betis,Osasuna,1.2,0.4,2–1,49123.0,José Sánchez,2023-2024,Germán Pezzella,David García,(4-2-3-1),(4-2-3-1),51%,49%,381 of 488 — 78%,75% — 354 of 471,2 of 9 — 22%,14% — 1 of 7,0 of 1 — 0%,0% — 0 of 2,3.0,0,4.0,0,10,25,6,3,22,16,599,586,9,31,7,10,19,14,22,20,1,1,7,9,30,17,58,66
11.0,Sun,2023-10-29,16:15,Rayo Vallecano,Real Sociedad,1.0,2.0,2–2,12790.0,Mateo Busquets,2023-2024,Isaac Palazón Camacho,Mikel Oyarzabal,(4-4-1-1),(4-1-4-1),55%,45%,383 of 488 — 78%,70% — 279 of 396,7 of 16 — 44%,14% — 2 of 14,1 of 2 — 50%,71% — 5 of 7,3.0,0,2.0,0,17,16,4,5,18,14,612,518,10,19,12,11,17,20,17,21,2,3,9,7,29,28,94,69
11.0,Sun,2023-10-29,18:30,Athletic Club,Valencia,1.9,1.9,2–2,46563.0,Jorge Figueroa,2023-2024,Óscar de Marcos,José Luis Gayà,(4-2-3-1),(4-4-2),57%,43%,446 of 564 — 79%,72% — 303 of 423,7 of 12 — 58%,36% — 4 of 11,2 of 4 — 50%,71% — 5 of 7,3.0,0,1.0,0,11,9,10,4,29,11,685,559,21,32,6,14,22,16,13,27,3,2,6,8,31,26,70,80
11.0,Sun,2023-10-29,21:00,Atlético Madrid,Alavés,1.3,0.5,2–1,50009.0,Alejandro Muñíz,2023-2024,Koke,Rubén Duarte,(3-5-2),(4-2-3-1),63%,37%,682 of 774 — 88%,79% — 352 of 448,7 of 11 — 64%,13% — 1 of 8,0 of 1 — 0%,71% — 5 of 7,3.0,0,2.0,0,10,11,4,4,16,27,884,546,14,11,1,6,11,6,26,18,5,1,6,8,17,17,50,64
11.0,Mon,2023-10-30,21:00,Granada,Villarreal,2.1,1.6,2–3,16638.0,Javier Villanueva,2023-2024,Antonio Puertas,Raúl Albiol,(4-2-3-1),(4-4-2),46%,54%,355 of 451 — 79%,84% — 450 of 537,8 of 18 — 44%,80% — 4 of 5,2 of 4 — 50%,75% — 6 of 8,0.0,0,4.0,0,14,15,4,1,28,8,563,645,24,11,4,10,12,10,7,33,0,4,2,9,25,22,56,60
12.0,Fri,2023-11-03,20:00,Las Palmas,Atlético Madrid,0.4,1.2,2–1,30080.0,Mario Melero,2023-2024,Kirian Rodríguez,Koke,(4-5-1),(5-3-2),52%,48%,488 of 583 — 84%,78% — 415 of 533,3 of 9 — 33%,38% — 5 of 13,4 of 5 — 80%,33% — 1 of 3,0.0,0,3.0,0,12,9,3,4,12,17,716,633,13,23,12,4,5,16,29,17,1,3,1,10,17,24,51,69
12.0,Sat,2023-11-04,14:00,Osasuna,Girona,1.4,2.2,2–4,20100.0,José Luis Munuera,2023-2024,David García,Aleix García,(4-2-3-1),(3-4-3),50%,50%,381 of 478 — 80%,82% — 391 of 475,3 of 15 — 20%,36% — 4 of 11,0 of 4 — 0%,33% — 1 of 3,5.0,0,3.0,0,14,10,2,7,19,24,565,582,14,6,7,9,10,14,17,20,0,5,15,7,18,8,76,49
12.0,Sat,2023-11-04,16:15,Betis,Mallorca,2.2,0.6,2–0,50909.0,Miguel Ángel Ortiz Arias,2023-2024,Germán Pezzella,Antonio Raillo,(4-2-3-1),(5-3-2),57%,43%,445 of 527 — 84%,75% — 302 of 403,3 of 22 — 14%,13% — 1 of 8,1 of 1 — 100%,33% — 1 of 3,1.0,0,5.5,0,13,16,6,1,16,17,637,490,13,21,6,5,14,19,20,13,2,2,9,13,16,19,61,69
12.0,Sat,2023-11-04,18:30,Celta Vigo,Sevilla,2.1,0.9,1–1,19023.0,Alejandro Hernández,2023-2024,Iago Aspas,Jesús Navas,(4-4-2),(4-3-3),39%,61%,287 of 387 — 74%,80% — 485 of 608,3 of 15 — 20%,38% — 5 of 13,4 of 5 — 80%,66% — 2 of 3,3.5,0,5.0,0,14,10,4,6,17,42,516,710,11,12,5,7,14,16,40,19,1,1,8,10,20,31,73,77
12.0,Sat,2023-11-04,21:00,Real Sociedad,Barcelona,0.9,1.2,0–1,37555.0,Javier Alberola,2023-2024,Mikel Oyarzabal,Marc-André ter Stegen,(4-3-3),(3-4-1-2),51%,49%,351 of 442 — 79%,84% — 354 of 423,6 of 13 — 46%,33% — 4 of 12,3 of 4 — 75%,100% — 6 of 6,3.0,0,3.0,0,16,8,8,3,20,8,543,542,20,16,4,6,13,14,11,26,2,1,4,9,20,19,67,51
12.0,Sun,2023-11-05,14:00,Alavés,Almería,2.4,0.5,1–0,16380.0,Juan Pulido,2023-2024,Luis Rioja,Lucas Robertone,(4-2-3-1),(4-2-3-1),56%,44%,296 of 401 — 74%,69% — 213 of 309,3 of 22 — 14%,33% — 3 of 9,3 of 3 — 100%,66% — 2 of 3,2.0,0,3.0,0,13,14,12,6,32,14,514,431,14,20,11,8,11,17,17,38,1,1,7,19,33,23,61,63
12.0,Sun,2023-11-05,16:15,Valencia,Granada,1.2,0.5,1–0,44922.0,Víctor García,2023-2024,José Luis Gayà,Carlos Neva,(4-4-2),(4-2-3-1),51%,49%,331 of 444 — 75%,75% — 320 of 428,1 of 10 — 10%,17% — 1 of 6,1 of 1 — 100%,100% — 1 of 1,3.0,0,5.0,0,20,15,0,4,6,14,561,543,22,15,12,11,11,13,20,21,1,2,5,8,31,34,78,85
12.0,Sun,2023-11-05,18:30,Villarreal,Athletic Club,2.1,2.3,2–3,18709.0,Guillermo Cuadra,2023-2024,Raúl Albiol,Óscar de Marcos,(4-4-2),(4-2-3-1),58%,43%,481 of 575 — 84%,74% — 315 of 425,6 of 17 — 35%,41% — 7 of 17,4 of 7 — 57%,66% — 4 of 6,4.0,0,4.0,0,11,18,9,3,21,12,706,542,22,21,7,8,13,9,19,19,5,5,8,10,19,17,69,61
12.0,Sun,2023-11-05,21:00,Real Madrid,Rayo Vallecano,2.2,0.1,0–0,70220.0,Juan Martínez,2023-2024,Luka Modrić,Óscar Valentín,(4-3-1-2),(4-1-4-1),63%,37%,501 of 598 — 84%,74% — 259 of 351,5 of 22 — 23%,0% — 0 of 4,0 of 0 — %,100% — 5 of 5,3.0,0,5.0,0,12,15,11,1,31,9,701,479,19,24,9,7,13,7,7,36,2,2,2,17,24,17,47,74
12.0,Mon,2023-11-06,21:00,Getafe,Cádiz,1.2,0.5,1–0,9853.0,Ricardo de Burgos,2023-2024,Djené,Isaac Carcelen,(4-4-2),(4-4-2),45%,55%,246 of 367 — 67%,71% — 314 of 441,3 of 13 — 23%,33% — 2 of 6,2 of 2 — 100%,66% — 2 of 3,8.5,0,1.0,0,18,12,6,3,18,20,484,544,11,15,9,9,23,17,20,21,1,5,12,8,28,22,90,91
13.0,Fri,2023-11-10,21:00,Athletic Club,Celta Vigo,4.6,2.1,4–3,44435.0,Juan Pulido,2023-2024,Óscar de Marcos,Iago Aspas,(4-2-3-1),(4-4-2),58%,42%,434 of 546 — 79%,71% — 288 of 403,11 of 20 — 55%,33% — 4 of 12,1 of 4 — 25%,72% — 8 of 11,2.0,0,2.0,0,15,13,7,2,31,8,662,527,11,16,5,8,13,19,14,33,2,3,5,7,20,18,65,64
13.0,Sat,2023-11-11,14:00,Rayo Vallecano,Girona,1.7,4.5,1–2,13177.0,Pablo González,2023-2024,Óscar Valentín,Aleix García,(4-4-2),(3-4-3),46%,54%,389 of 483 — 81%,85% — 481 of 563,9 of 22 — 41%,32% — 6 of 19,4 of 6 — 66%,88% — 8 of 9,1.0,0,2.0,0,15,13,8,3,29,20,621,694,25,21,7,6,12,14,15,29,1,1,9,14,21,22,76,52
13.0,Sat,2023-11-11,16:15,Almería,Real Sociedad,0.4,2.4,1–3,13016.0,Isidro Díaz de Mera,2023-2024,Lucas Robertone,Mikel Oyarzabal,(4-2-3-1),(4-1-3-2),47%,53%,225 of 344 — 65%,74% — 291 of 395,2 of 7 — 29%,29% — 5 of 17,3 of 5 — 60%,50% — 1 of 2,3.0,0,2.0,0,18,19,5,5,16,18,447,505,21,13,3,8,18,23,21,16,5,4,8,5,19,23,72,74
13.0,Sat,2023-11-11,18:30,Granada,Getafe,1.7,2.3,1–1,18103.0,Alejandro Muñíz,2023-2024,Carlos Neva,David Soria,(4-2-2-2),(4-2-3-1),58%,42%,379 of 520 — 73%,63% — 240 of 379,6 of 12 — 50%,60% — 6 of 10,5 of 6 — 83%,83% — 5 of 6,4.0,0,2.0,0,14,9,3,5,14,18,634,518,15,28,5,9,19,14,17,19,5,3,7,6,25,24,79,116
13.0,Sat,2023-11-11,18:30,Osasuna,Las Palmas,1.0,0.4,1–1,20125.0,Jorge Figueroa,2023-2024,David García,Kirian Rodríguez,(4-2-3-1),(4-1-4-1),46%,54%,338 of 474 — 71%,78% — 438 of 563,3 of 11 — 27%,17% — 1 of 6,0 of 1 — 0%,66% — 2 of 3,1.0,0,1.0,0,25,10,8,3,29,10,578,689,13,20,6,6,31,20,8,30,1,3,2,10,21,18,103,59
13.0,Sat,2023-11-11,21:00,Real Madrid,Valencia,1.7,1.7,5–1,72475.0,José Sánchez,2023-2024,Nacho,José Luis Gayà,(4-4-2),(4-2-3-1),56%,44%,522 of 589 — 89%,84% — 393 of 470,7 of 16 — 44%,40% — 4 of 10,3 of 4 — 75%,28% — 2 of 7,1.0,0,3.0,0,7,26,4,4,7,21,706,568,16,23,12,10,1,2,15,10,4,0,7,6,15,20,51,48
13.0,Sun,2023-11-12,16:15,Barcelona,Alavés,1.6,1.7,2–1,38183.0,Mateo Busquets,2023-2024,Marc-André ter Stegen,Rubén Duarte,(4-2-3-1),(5-4-1),71%,29%,691 of 793 — 87%,66% — 209 of 317,5 of 10 — 50%,13% — 1 of 8,0 of 1 — 0%,80% — 4 of 5,2.0,0,1.0,0,11,10,2,1,24,9,894,417,16,11,6,6,14,17,10,27,3,2,8,13,15,8,45,73
13.0,Sun,2023-11-12,18:30,Sevilla,Betis,0.7,1.8,1–1,42222.0,Jesús Gil,2023-2024,Jesús Navas,Germán Pezzella,(4-1-4-1),(4-2-3-1),61%,39%,415 of 528 — 79%,74% — 252 of 341,4 of 13 — 31%,43% — 6 of 14,5 of 6 — 83%,75% — 3 of 4,1.0,0,1.0,0,18,14,9,5,37,18,650,487,28,13,10,9,18,17,19,36,4,1,7,10,28,18,76,51
13.0,Sun,2023-11-12,21:00,Atlético Madrid,Villarreal,3.9,0.8,3–1,56632.0,Francisco Hernández,2023-2024,Koke,Raúl Albiol,(3-5-2),(4-4-2),50%,50%,517 of 608 — 85%,88% — 537 of 612,10 of 25 — 40%,64% — 7 of 11,6 of 7 — 85%,70% — 7 of 10,0.0,0,2.0,0,8,8,6,3,37,3,706,719,7,11,5,5,8,10,5,31,7,1,4,16,14,11,43,71
14.0,Fri,2023-11-24,21:00,Alavés,Granada,0.8,1.1,3–1,15705.0,Javier Alberola,2023-2024,Luis Rioja,Carlos Neva,(4-2-3-1),(4-3-3),43%,57%,284 of 387 — 73%,82% — 420 of 515,5 of 8 — 63%,30% — 3 of 10,3 of 3 — 100%,60% — 3 of 5,1.0,0,3.0,0,10,13,6,2,17,17,510,646,21,22,8,10,8,16,26,18,2,1,5,7,21,27,59,76
14.0,Sat,2023-11-25,14:00,Rayo Vallecano,Barcelona,0.7,1.0,1–1,14148.0,José Luis Munuera,2023-2024,Óscar Valentín,Frenkie de Jong,(4-4-2),(4-2-3-1),33%,67%,231 of 322 — 72%,88% — 564 of 640,4 of 10 — 40%,27% — 4 of 15,4 of 4 — 100%,75% — 3 of 4,3.0,0,4.0,0,23,13,1,4,7,12,428,745,22,15,6,6,12,7,15,12,2,2,11,5,14,20,68,52
14.0,Sat,2023-11-25,16:15,Valencia,Celta Vigo,0.5,0.8,0–0,43375.0,César Soto,2023-2024,José Luis Gayà,Iago Aspas,(4-4-2),(4-4-2),55%,45%,411 of 528 — 78%,71% — 312 of 439,0 of 8 — 0%,8% — 1 of 13,1 of 1 — 100%,% — 0 of 0,3.0,0,2.0,0,13,7,5,7,21,17,668,573,19,28,21,11,19,17,21,22,0,1,9,9,29,22,75,83
14.0,Sat,2023-11-25,18:30,Getafe,Almería,1.2,1.8,2–1,10906.0,Alejandro Hernández,2023-2024,Damián Suárez,Lucas Robertone,(4-4-2),(4-2-3-1),53%,47%,342 of 470 — 73%,66% — 273 of 415,5 of 18 — 28%,31% — 4 of 13,3 of 4 — 75%,60% — 3 of 5,2.0,0,4.0,0,12,8,3,6,18,16,595,540,15,21,7,8,27,20,20,14,1,4,9,10,22,28,84,83
14.0,Sat,2023-11-25,21:00,Atlético Madrid,Mallorca,1.7,1.1,1–0,58119.0,Juan Martínez,2023-2024,Koke,Dani Rodríguez,(3-4-3),(5-4-1),68%,32%,598 of 706 — 85%,75% — 252 of 338,3 of 20 — 15%,13% — 1 of 8,1 of 1 — 100%,66% — 2 of 3,0.0,0,0.0,0,8,19,7,3,21,16,808,469,16,15,10,18,15,11,11,29,2,1,9,17,18,16,48,70
14.0,Sun,2023-11-26,14:00,Villarreal,Osasuna,2.4,1.0,3–1,16389.0,Ricardo de Burgos,2023-2024,Raúl Albiol,David García,(4-4-2),(4-2-3-1),45%,55%,401 of 495 — 81%,81% — 492 of 607,3 of 10 — 30%,47% — 7 of 15,6 of 7 — 85%,0% — 0 of 3,0.0,0,0.0,0,9,14,2,4,11,36,607,688,11,11,10,6,11,12,30,9,3,3,11,2,21,19,58,73
14.0,Sun,2023-11-26,16:15,Real Sociedad,Sevilla,0.7,0.6,2–1,33879.0,Miguel Ángel Ortiz Arias,2023-2024,Mikel Merino,Jesús Navas,(4-4-2),(4-2-3-1),49%,51%,331 of 442 — 75%,74% — 343 of 461,8 of 11 — 73%,25% — 2 of 8,1 of 2 — 50%,87% — 7 of 8,2.0,0,1.0,2,22,8,4,4,11,21,549,579,15,26,2,11,24,21,24,20,0,2,6,6,30,24,77,87
14.0,Sun,2023-11-26,18:30,Cádiz,Real Madrid,1.2,1.6,0–3,20325.0,Guillermo Cuadra,2023-2024,Jeremías Ledesma,Nacho,(5-4-1),(4-2-2-2),39%,61%,370 of 448 — 83%,91% — 622 of 687,4 of 13 — 31%,36% — 5 of 14,2 of 5 — 40%,100% — 4 of 4,3.0,0,3.0,0,16,16,4,4,24,12,539,790,20,15,6,7,5,8,11,15,1,1,7,6,16,13,57,51
14.0,Sun,2023-11-26,21:00,Betis,Las Palmas,1.4,0.6,1–0,48132.0,Víctor García,2023-2024,Germán Pezzella,Kirian Rodríguez,(4-2-3-1),(4-1-4-1),39%,61%,352 of 442 — 80%,85% — 579 of 678,6 of 12 — 50%,27% — 4 of 15,4 of 4 — 100%,83% — 5 of 6,1.0,0,2.0,0,7,12,7,6,13,25,566,795,19,24,10,5,8,8,29,13,5,4,10,5,13,14,56,42
14.0,Mon,2023-11-27,21:00,Girona,Athletic Club,1.3,1.5,1–1,13123.0,Mario Melero,2023-2024,Cristhian Stuani,Óscar de Marcos,(4-4-1-1),(4-2-3-1),60%,40%,575 of 655 — 88%,79% — 349 of 440,2 of 13 — 15%,46% — 6 of 13,5 of 6 — 83%,50% — 1 of 2,1.0,0,1.0,0,8,16,2,6,15,32,767,530,17,19,16,8,10,10,17,8,2,2,3,10,13,19,68,56
13.0,Wed,2023-11-29,21:00,Mallorca,Cádiz,1.1,0.3,1–1,13821.0,Javier Villanueva,2023-2024,Antonio Raillo,Isaac Carcelen,(5-3-2),(4-4-2),67%,33%,374 of 507 — 74%,57% — 139 of 245,3 of 16 — 19%,50% — 3 of 6,2 of 3 — 66%,66% — 2 of 3,2.0,0,3.0,0,14,18,7,0,35,8,603,380,7,19,6,10,29,22,11,43,4,0,6,16,31,20,87,84
15.0,Fri,2023-12-01,20:00,Las Palmas,Getafe,1.5,0.9,2–0,21912.0,Mateo Busquets,2023-2024,Kirian Rodríguez,Djené,(4-5-1),(4-4-1-1),70%,30%,612 of 716 — 85%,63% — 198 of 313,6 of 11 — 55%,33% — 4 of 12,4 of 4 — 100%,66% — 4 of 6,0.0,0,5.0,1,11,9,4,4,8,18,823,421,17,14,12,15,12,22,16,13,4,2,8,6,18,22,61,106
15.0,Sat,2023-12-02,14:00,Girona,Valencia,1.6,1.0,2–1,13343.0,Javier Villanueva,2023-2024,Aleix García,Gabriel Paulista,(3-4-3),(4-4-2),75%,25%,624 of 730 — 85%,67% — 164 of 244,5 of 9 — 56%,33% — 3 of 9,2 of 3 — 66%,60% — 3 of 5,3.0,0,3.0,0,6,7,3,2,33,5,811,370,13,11,5,13,12,11,3,33,8,2,4,8,19,19,68,61
15.0,Sat,2023-12-02,16:15,Athletic Club,Rayo Vallecano,1.3,0.5,4–0,44689.0,Francisco Hernández,2023-2024,Óscar de Marcos,Óscar Valentín,(4-2-3-1),(4-2-3-1),51%,49%,406 of 525 — 77%,77% — 395 of 512,4 of 9 — 44%,27% — 3 of 11,3 of 3 — 100%,25% — 1 of 4,1.0,0,2.0,0,15,11,7,2,20,14,609,624,13,20,8,12,16,6,15,17,5,2,11,7,23,13,56,81
15.0,Sat,2023-12-02,18:30,Real Madrid,Granada,1.8,0.1,2–0,70685.0,Pablo González,2023-2024,Dani Carvajal,Carlos Neva,(4-4-2),(4-4-2),71%,29%,781 of 855 — 91%,83% — 294 of 355,4 of 11 — 36%,0% — 0 of 2,0 of 0 — %,50% — 2 of 4,2.0,0,1.0,0,10,12,6,0,18,2,915,436,10,9,8,6,5,3,5,15,7,2,5,7,18,12,70,52
15.0,Sat,2023-12-02,21:00,Osasuna,Real Sociedad,0.7,1.7,1–1,20859.0,Juan Pulido,2023-2024,David García,Mikel Merino,(5-3-2),(4-3-3),29%,71%,171 of 271 — 63%,84% — 551 of 655,3 of 9 — 33%,29% — 5 of 17,4 of 5 — 80%,66% — 2 of 3,3.0,0,3.0,0,12,10,1,8,13,35,392,766,13,16,5,6,30,27,38,16,1,5,14,6,23,21,86,74
15.0,Sun,2023-12-03,14:00,Mallorca,Alavés,0.8,0.3,0–0,15090.0,Jorge Figueroa,2023-2024,Antonio Raillo,Luis Rioja,(4-2-3-1),(4-2-3-1),63%,37%,433 of 562 — 77%,67% — 220 of 327,3 of 7 — 43%,57% — 4 of 7,4 of 4 — 100%,100% — 3 of 3,4.0,0,2.0,0,16,15,5,4,34,16,668,460,21,18,10,5,17,21,11,49,1,0,5,8,28,16,64,67
15.0,Sun,2023-12-03,16:15,Almería,Betis,2.4,0.5,0–0,14253.0,Alejandro Muñíz,2023-2024,Lucas Robertone,Germán Pezzella,(4-2-3-1),(4-4-1-1),62%,38%,442 of 560 — 79%,66% — 232 of 349,8 of 20 — 40%,33% — 2 of 6,2 of 2 — 100%,100% — 8 of 8,0.0,0,3.0,1,12,8,4,6,26,12,684,450,28,6,12,12,21,12,19,24,4,1,4,10,24,27,72,85
15.0,Sun,2023-12-03,18:30,Sevilla,Villarreal,1.8,1.2,1–1,33898.0,Isidro Díaz de Mera,2023-2024,Ivan Rakitić,Raúl Albiol,(4-3-3),(4-4-2),57%,43%,475 of 567 — 84%,83% — 363 of 435,4 of 18 — 22%,80% — 4 of 5,3 of 4 — 75%,75% — 3 of 4,3.0,0,3.0,0,6,16,8,4,59,9,661,542,17,13,10,5,11,11,9,33,1,0,2,16,16,12,73,57
15.0,Sun,2023-12-03,21:00,Barcelona,Atlético Madrid,2.6,0.6,1–0,34568.0,José Sánchez,2023-2024,Ronald Araújo,Koke,(4-3-3),(5-3-2),58%,42%,578 of 648 — 89%,83% — 385 of 465,2 of 13 — 15%,38% — 3 of 8,3 of 3 — 100%,50% — 1 of 2,5.0,0,4.0,0,17,12,7,2,16,14,748,551,11,19,11,7,6,6,13,13,1,4,5,10,13,15,44,35
15.0,Mon,2023-12-04,21:00,Celta Vigo,Cádiz,2.4,0.3,1–1,17302.0,Jesús Gil,2023-2024,Iago Aspas,Isaac Carcelen,(4-4-2),(4-4-2),68%,32%,523 of 637 — 82%,67% — 202 of 303,7 of 26 — 27%,50% — 1 of 2,0 of 1 — 0%,85% — 6 of 7,1.0,0,6.0,1,14,18,12,1,46,12,739,437,8,13,4,12,13,19,14,47,2,1,3,16,22,11,44,93
16.0,Fri,2023-12-08,21:00,Getafe,Valencia,0.7,0.1,1–0,11515.0,Guillermo Cuadra,2023-2024,Djené,Gabriel Paulista,(4-4-2),(4-4-2),67%,33%,495 of 652 — 76%,56% — 178 of 316,6 of 8 — 75%,0% — 0 of 3,0 of 0 — %,83% — 5 of 6,2.0,1,5.5,1,15,15,7,0,38,6,752,432,15,16,5,6,30,21,10,51,2,1,7,8,26,19,111,91
16.0,Sat,2023-12-09,14:00,Alavés,Las Palmas,1.9,0.4,0–1,15971.0,José Luis Munuera,2023-2024,Luis Rioja,Kirian Rodríguez,(4-4-1-1),(4-5-1),41%,59%,261 of 361 — 72%,83% — 425 of 510,3 of 19 — 16%,22% — 2 of 9,1 of 2 — 50%,100% — 3 of 3,3.0,0,4.0,0,13,13,12,3,25,15,467,638,8,26,7,9,7,8,12,39,7,3,9,7,18,12,67,57
16.0,Sat,2023-12-09,16:15,Betis,Real Madrid,1.3,1.0,1–1,52756.0,César Soto,2023-2024,Germán Pezzella,Luka Modrić,(4-2-3-1),(4-2-3-1),37%,63%,370 of 452 — 82%,89% — 681 of 765,6 of 14 — 43%,17% — 2 of 12,1 of 2 — 50%,83% — 5 of 6,2.0,0,1.0,0,14,7,7,6,17,10,563,871,20,14,13,9,6,5,18,13,0,1,9,4,13,21,51,55
16.0,Sat,2023-12-09,18:30,Villarreal,Real Sociedad,2.2,1.5,0–3,19344.0,Mario Melero,2023-2024,Raúl Albiol,Aritz Elustondo,(4-4-2),(4-1-4-1),53%,47%,387 of 492 — 79%,80% — 355 of 444,4 of 20 — 20%,31% — 5 of 16,2 of 5 — 40%,100% — 4 of 4,2.0,0,1.0,0,10,22,5,3,25,15,600,579,17,20,6,8,23,9,16,28,7,2,7,5,30,13,46,81
16.0,Sat,2023-12-09,21:00,Mallorca,Sevilla,0.5,0.6,1–0,16041.0,Javier Alberola,2023-2024,Antonio Raillo,Ivan Rakitić,(3-5-1-1),(4-3-3),35%,65%,223 of 335 — 67%,83% — 525 of 636,3 of 6 — 50%,26% — 5 of 19,5 of 5 — 100%,66% — 2 of 3,2.0,0,2.0,0,15,6,4,12,11,42,449,755,17,16,7,9,23,21,37,18,3,1,12,3,21,18,83,83
16.0,Sun,2023-12-10,14:00,Atlético Madrid,Almería,2.2,1.3,2–1,55473.0,Ricardo de Burgos,2023-2024,Koke,Lucas Robertone,(3-4-3),(3-4-1-2),57%,43%,471 of 574 — 82%,73% — 320 of 437,4 of 13 — 31%,32% — 6 of 19,5 of 6 — 83%,50% — 2 of 4,1.0,0,0.0,0,13,11,3,15,14,30,688,532,26,12,8,11,14,21,27,8,4,2,11,9,17,23,69,71
16.0,Sun,2023-12-10,18:30,Cádiz,Osasuna,0.9,1.6,1–1,18356.0,Juan Martínez,2023-2024,Isaac Carcelen,Unai García,(4-4-2),(4-3-3),45%,55%,228 of 367 — 62%,72% — 324 of 449,5 of 12 — 42%,25% — 3 of 12,3 of 3 — 100%,80% — 4 of 5,1.0,0,2.0,0,15,16,2,4,19,20,487,566,11,15,4,8,25,24,26,21,8,2,4,7,33,25,98,79
16.0,Sun,2023-12-10,21:00,Barcelona,Girona,3.7,2.5,2–4,42848.0,Isidro Díaz de Mera,2023-2024,Ronald Araújo,Aleix García,(4-3-3),(3-4-3),54%,46%,500 of 576 — 87%,85% — 424 of 498,11 of 31 — 35%,47% — 7 of 15,3 of 7 — 42%,81% — 9 of 11,1.0,0,2.0,0,7,10,8,3,26,11,684,605,18,14,1,10,18,6,13,16,1,2,8,9,22,12,41,53
16.0,Mon,2023-12-11,21:00,Granada,Athletic Club,0.7,1.1,1–1,12849.0,Miguel Ángel Ortiz Arias,2023-2024,Carlos Neva,Óscar de Marcos,(4-2-3-1),(4-2-3-1),48%,52%,381 of 489 — 78%,77% — 402 of 521,2 of 7 — 29%,21% — 4 of 19,3 of 4 — 75%,100% — 2 of 2,0.0,0,2.0,0,9,11,1,8,9,31,625,627,20,16,8,10,10,9,27,8,2,1,15,6,21,20,81,91
16.0,Mon,2023-12-11,21:00,Rayo Vallecano,Celta Vigo,1.2,0.1,0–0,11796.0,Víctor García,2023-2024,Óscar Valentín,Kevin Vázquez,(4-2-3-1),(4-4-2),63%,37%,531 of 654 — 81%,71% — 273 of 384,4 of 18 — 22%,50% — 2 of 4,2 of 2 — 100%,100% — 4 of 4,3.0,0,0.0,0,15,10,8,1,37,11,758,506,11,21,10,6,19,12,17,34,3,0,7,9,28,17,87,74
17.0,Fri,2023-12-15,21:00,Osasuna,Rayo Vallecano,1.2,0.7,1–0,18586.0,Javier Villanueva,2023-2024,David García,Óscar Valentín,(4-3-3),(4-4-2),60%,40%,365 of 497 — 73%,67% — 217 of 326,4 of 10 — 40%,30% — 3 of 10,3 of 3 — 100%,75% — 3 of 4,2.0,0,3.0,0,20,13,9,1,29,12,578,445,8,11,2,12,24,23,15,25,0,3,8,8,22,22,87,77
17.0,Sat,2023-12-16,14:00,Celta Vigo,Granada,1.4,0.5,1–0,18027.0,José Sánchez,2023-2024,Iago Aspas,Carlos Neva,(4-4-2),(4-2-3-1),39%,61%,227 of 338 — 67%,80% — 423 of 527,4 of 11 — 36%,29% — 2 of 7,2 of 2 — 100%,75% — 3 of 4,6.0,1,2.0,0,20,18,7,1,18,16,448,630,20,8,9,11,17,14,16,27,3,0,8,6,16,31,69,68
17.0,Sat,2023-12-16,16:15,Athletic Club,Atlético Madrid,2.4,0.4,2–0,48781.0,Jesús Gil,2023-2024,Iñaki Williams,Koke,(4-2-3-1),(3-5-2),38%,62%,304 of 423 — 72%,82% — 565 of 687,7 of 15 — 47%,43% — 3 of 7,3 of 3 — 100%,71% — 5 of 7,0.0,0,1.0,0,8,10,3,7,16,22,530,797,15,17,5,11,12,10,26,12,1,4,6,6,16,21,63,79
17.0,Sat,2023-12-16,18:30,Sevilla,Getafe,1.0,2.4,0–3,30005.0,Juan Pulido,2023-2024,Ivan Rakitić,Djené,(5-3-2),(4-4-2),57%,43%,404 of 538 — 75%,69% — 280 of 406,4 of 12 — 33%,42% — 5 of 12,4 of 5 — 80%,100% — 4 of 4,3.0,0,3.0,0,18,18,4,2,18,20,643,518,14,18,11,8,13,20,11,21,6,0,6,10,21,20,77,110
17.0,Sat,2023-12-16,21:00,Valencia,Barcelona,0.5,3.2,1–1,46492.0,Miguel Ángel Ortiz Arias,2023-2024,Mouctar Diakhaby,Ronald Araújo,(4-4-2),(4-3-3),37%,63%,246 of 348 — 71%,85% — 512 of 601,4 of 11 — 36%,44% — 7 of 16,6 of 7 — 85%,75% — 3 of 4,1.0,0,2.0,0,9,11,4,6,19,17,444,718,17,21,2,8,10,21,20,19,3,3,8,6,21,21,70,67
17.0,Sun,2023-12-17,14:00,Almería,Mallorca,0.3,1.9,0–0,11936.0,Pablo González,2023-2024,Lucas Robertone,Antonio Raillo,(3-4-3),(3-4-3),53%,47%,312 of 433 — 72%,68% — 265 of 390,1 of 7 — 14%,10% — 2 of 20,2 of 2 — 100%,100% — 1 of 1,3.0,0,1.0,0,12,9,4,4,14,27,559,505,19,21,11,4,14,18,23,18,1,2,13,7,26,31,76,99
17.0,Sun,2023-12-17,16:15,Real Sociedad,Betis,1.1,1.1,0–0,33172.0,Mateo Busquets,2023-2024,Mikel Oyarzabal,Germán Pezzella,(4-3-3),(4-2-3-1),57%,43%,453 of 541 — 84%,77% — 308 of 401,4 of 12 — 33%,25% — 3 of 12,3 of 3 — 100%,100% — 4 of 4,3.0,0,4.0,0,12,12,2,7,13,14,658,522,21,27,4,5,16,15,21,29,5,1,6,6,20,17,66,62
17.0,Sun,2023-12-17,17:30,Las Palmas,Cádiz,0.7,1.6,1–1,25275.0,Alejandro Muñíz,2023-2024,Kirian Rodríguez,Isaac Carcelen,(4-5-1),(4-4-2),64%,36%,496 of 619 — 80%,67% — 235 of 352,2 of 7 — 29%,38% — 5 of 13,4 of 5 — 80%,50% — 1 of 2,1.0,0,3.0,0,9,12,4,6,20,27,719,470,15,19,6,9,13,18,23,24,3,5,7,8,21,24,63,92
17.0,Sun,2023-12-17,21:00,Real Madrid,Villarreal,2.3,0.8,4–1,70500.0,Jorge Figueroa,2023-2024,Luka Modrić,Raúl Albiol,(4-4-2),(4-4-2),60%,40%,604 of 679 — 89%,84% — 383 of 458,9 of 22 — 41%,33% — 1 of 3,0 of 1 — 0%,55% — 5 of 9,2.0,0,3.0,0,14,12,14,0,19,7,772,562,14,15,7,8,4,4,6,24,4,0,6,9,6,14,57,46
17.0,Mon,2023-12-18,21:00,Girona,Alavés,1.7,0.7,3–0,11812.0,Francisco Hernández,2023-2024,Aleix García,Rubén Duarte,(3-4-3),(3-4-3),66%,34%,656 of 738 — 89%,82% — 307 of 376,3 of 8 — 38%,17% — 2 of 12,2 of 2 — 100%,33% — 1 of 3,0.0,0,1.0,0,9,7,3,2,13,17,829,472,10,18,3,9,7,8,14,21,3,1,10,6,18,17,52,52
18.0,Tue,2023-12-19,19:00,Rayo Vallecano,Valencia,0.3,0.3,0–1,12290.0,Javier Alberola,2023-2024,Isaac Palazón Camacho,Mouctar Diakhaby,(4-4-2),(4-4-2),59%,41%,395 of 530 — 75%,69% — 253 of 369,1 of 7 — 14%,38% — 3 of 8,2 of 3 — 66%,100% — 1 of 1,2.0,0,5.0,1,16,18,7,1,29,13,625,489,11,9,9,7,18,17,13,24,2,2,7,9,24,21,103,85
18.0,Tue,2023-12-19,21:30,Atlético Madrid,Getafe,2.0,2.0,3–3,46401.0,José Luis Munuera,2023-2024,Koke,Jaime Mata,(3-5-2),(4-4-2),42%,58%,318 of 421 — 76%,81% — 477 of 591,3 of 7 — 43%,29% — 8 of 28,6 of 8 — 75%,33% — 1 of 3,4.5,0,3.0,0,6,14,1,12,7,34,552,693,9,10,5,9,15,12,44,6,10,0,15,4,14,20,57,87
18.0,Tue,2023-12-19,21:30,Granada,Sevilla,0.9,0.5,0–3,16534.0,Mateo Busquets,2023-2024,Antonio Puertas,Sergio Ramos,(4-1-4-1),(3-5-2),52%,48%,450 of 559 — 81%,82% — 423 of 519,3 of 12 — 25%,42% — 5 of 12,2 of 5 — 40%,100% — 3 of 3,2.0,0,1.0,0,10,18,6,4,29,12,666,635,17,14,7,10,12,15,15,25,2,2,5,7,32,16,70,77
18.0,Wed,2023-12-20,19:00,Barcelona,Almería,3.4,1.6,3–2,34471.0,Guillermo Cuadra,2023-2024,Sergi Roberto,Chumi,(4-3-3),(5-3-2),65%,35%,547 of 621 — 88%,73% — 243 of 335,11 of 30 — 37%,50% — 5 of 10,3 of 5 — 60%,72% — 8 of 11,3.0,0,3.0,0,16,9,12,0,16,7,724,435,11,20,7,4,21,8,9,25,3,3,4,15,14,7,43,61
18.0,Wed,2023-12-20,21:30,Athletic Club,Las Palmas,3.4,0.3,1–0,39471.0,Juan Martínez,2023-2024,Iñaki Williams,Enzo Loiodice,(4-2-3-1),(4-5-1),50%,50%,388 of 521 — 74%,73% — 374 of 515,8 of 18 — 44%,20% — 1 of 5,1 of 1 — 100%,87% — 7 of 8,1.0,0,3.0,0,12,11,5,2,28,13,648,647,13,22,10,8,18,19,10,26,3,4,6,9,20,22,73,66
18.0,Wed,2023-12-20,21:30,Villarreal,Celta Vigo,2.4,1.3,3–2,14687.0,César Soto,2023-2024,Raúl Albiol,Kevin Vázquez,(4-4-2),(4-4-2),49%,51%,415 of 511 — 81%,83% — 449 of 541,7 of 11 — 64%,27% — 4 of 15,2 of 4 — 50%,71% — 5 of 7,2.0,0,4.0,0,16,15,4,7,14,30,637,679,19,27,9,12,15,14,21,15,0,0,7,4,35,19,69,63
18.0,Thu,2023-12-21,19:00,Betis,Girona,1.5,1.7,1–1,51394.0,Ricardo de Burgos,2023-2024,Andrés Guardado,Aleix García,(4-2-3-1),(4-2-3-1),47%,53%,474 of 560 — 85%,88% — 552 of 624,4 of 21 — 19%,27% — 3 of 11,3 of 3 — 100%,75% — 3 of 4,2.0,0,2.0,0,6,9,7,6,20,19,695,764,27,17,11,8,9,8,20,20,1,3,5,8,13,17,48,46
18.0,Thu,2023-12-21,19:00,Cádiz,Real Sociedad,1.0,0.5,0–0,17693.0,Javier Villanueva,2023-2024,Isaac Carcelen,Mikel Oyarzabal,(4-4-2),(4-1-4-1),40%,60%,223 of 323 — 69%,75% — 361 of 482,2 of 10 — 20%,13% — 1 of 8,1 of 1 — 100%,100% — 2 of 2,3.0,0,1.0,0,16,15,7,5,23,20,459,590,20,24,13,7,28,23,27,27,1,2,6,7,19,25,76,53
18.0,Thu,2023-12-21,21:30,Mallorca,Osasuna,1.1,1.6,3–2,14192.0,Mario Melero,2023-2024,Antonio Raillo,David García,(3-4-3),(4-3-3),42%,58%,251 of 369 — 68%,76% — 385 of 505,8 of 15 — 53%,58% — 7 of 12,5 of 7 — 71%,62% — 5 of 8,3.0,0,1.0,0,11,12,6,0,24,21,497,622,15,16,6,11,26,26,33,27,3,0,2,11,21,29,71,81
18.0,Thu,2023-12-21,21:30,Alavés,Real Madrid,0.6,0.6,0–1,19275.0,Isidro Díaz de Mera,2023-2024,Rubén Duarte,Nacho,(4-2-3-1),(4-3-1-2),40%,60%,301 of 386 — 78%,90% — 519 of 577,2 of 8 — 25%,44% — 4 of 9,3 of 4 — 75%,100% — 2 of 2,3.0,0,1.0,1,18,13,3,3,27,16,454,682,18,13,6,3,8,7,6,17,1,0,12,7,13,20,53,58
4.0,Sat,2023-12-23,16:15,Atlético Madrid,Sevilla,0.9,0.3,1–0,64308.0,César Soto,2023-2024,Koke,Ivan Rakitić,(5-4-1),(3-5-2),50%,50%,438 of 530 — 83%,81% — 423 of 524,4 of 12 — 33%,25% — 2 of 8,2 of 2 — 100%,75% — 3 of 4,7.0,1,3.0,0,12,19,6,5,20,25,635,632,9,19,7,5,11,12,26,19,2,0,6,6,22,15,60,53
19.0,Tue,2024-01-02,17:00,Getafe,Rayo Vallecano,0.4,1.9,0–2,11204.0,Jorge Figueroa,2023-2024,Djené,Óscar Valentín,(4-4-2),(4-4-2),38%,62%,228 of 340 — 67%,82% — 445 of 544,0 of 5 — 0%,58% — 7 of 12,5 of 7 — 71%,% — 0 of 0,7.5,2,3.0,0,16,16,2,3,13,8,417,631,9,15,4,3,15,9,11,25,3,4,8,6,22,17,86,62
19.0,Tue,2024-01-02,19:15,Real Sociedad,Alavés,1.2,1.0,1–1,34051.0,Víctor García,2023-2024,Mikel Oyarzabal,Luis Rioja,(4-3-3),(4-2-3-1),53%,47%,306 of 424 — 72%,74% — 272 of 369,5 of 16 — 31%,17% — 1 of 6,1 of 1 — 100%,80% — 4 of 5,5.0,1,4.0,0,9,17,6,4,20,17,520,491,19,14,6,4,37,21,15,34,0,0,5,13,30,24,82,72
19.0,Tue,2024-01-02,21:30,Valencia,Villarreal,2.8,0.5,3–1,44973.0,Jesús Gil,2023-2024,José Luis Gayà,Raúl Albiol,(4-4-2),(4-3-3),46%,54%,365 of 455 — 80%,83% — 448 of 540,6 of 9 — 67%,50% — 4 of 8,3 of 4 — 75%,83% — 5 of 6,2.0,0,5.0,0,12,15,4,3,14,14,543,635,15,16,10,6,10,7,14,13,1,4,6,3,22,13,55,47
19.0,Wed,2024-01-03,17:00,Granada,Cádiz,3.0,0.8,2–0,17732.0,Juan Pulido,2023-2024,Carlos Neva,Isaac Carcelen,(4-4-2),(4-4-2),55%,45%,334 of 425 — 79%,70% — 246 of 353,8 of 15 — 53%,13% — 2 of 15,2 of 2 — 100%,75% — 6 of 8,3.0,0,4.0,1,17,16,5,6,16,26,539,446,14,16,6,9,17,11,29,13,0,3,7,9,21,26,66,99
19.0,Wed,2024-01-03,19:15,Real Madrid,Mallorca,1.7,0.6,1–0,72394.0,Alejandro Muñíz,2023-2024,Luka Modrić,Antonio Raillo,(4-2-2-2),(5-4-1),67%,33%,612 of 691 — 89%,72% — 249 of 347,5 of 17 — 29%,0% — 0 of 7,0 of 0 — %,80% — 4 of 5,2.0,0,3.0,0,5,15,5,4,22,21,805,451,10,18,12,4,8,13,16,28,0,0,5,13,28,23,65,79
19.0,Wed,2024-01-03,19:15,Celta Vigo,Betis,2.7,1.4,2–1,21105.0,Miguel Ángel Ortiz Arias,2023-2024,Iago Aspas,Germán Pezzella,(4-4-2),(4-2-3-1),40%,60%,284 of 374 — 76%,82% — 459 of 559,5 of 18 — 28%,21% — 3 of 14,2 of 3 — 66%,80% — 4 of 5,0.0,1,2.0,0,10,12,8,7,19,18,515,668,27,18,12,5,13,15,23,13,2,1,6,9,18,26,51,68
19.0,Wed,2024-01-03,21:30,Girona,Atlético Madrid,2.3,2.3,4–3,13804.0,Alejandro Hernández,2023-2024,Valery Fernández,Koke,(4-4-1-1),(3-1-4-2),52%,48%,470 of 536 — 88%,84% — 421 of 504,9 of 17 — 53%,67% — 12 of 18,9 of 12 — 75%,55% — 5 of 9,0.0,0,1.0,0,8,10,7,8,21,26,664,613,12,21,7,4,9,7,35,20,0,2,9,4,11,4,48,48
19.0,Thu,2024-01-04,17:00,Osasuna,Almería,1.3,0.2,1–0,20391.0,César Soto,2023-2024,David García,Lucas Robertone,(4-3-3),(4-2-3-1),52%,48%,438 of 560 — 78%,77% — 400 of 521,2 of 14 — 14%,0% — 0 of 4,0 of 0 — %,50% — 1 of 2,1.0,0,2.0,0,14,5,5,4,16,14,656,618,12,11,5,8,23,22,12,21,0,3,7,14,22,15,81,93
19.0,Thu,2024-01-04,19:15,Sevilla,Athletic Club,0.7,1.3,0–2,28366.0,José Sánchez,2023-2024,Sergio Ramos,Iñigo Lekue,(5-3-2),(4-2-3-1),61%,39%,536 of 658 — 81%,72% — 304 of 425,2 of 11 — 18%,33% — 5 of 15,3 of 5 — 60%,100% — 2 of 2,3.0,0,1.0,0,9,19,5,4,31,19,778,528,17,12,17,10,22,14,16,33,2,1,8,10,23,17,87,62
19.0,Thu,2024-01-04,20:30,Las Palmas,Barcelona,0.7,2.4,1–2,31712.0,Pablo González,2023-2024,Kirian Rodríguez,Sergi Roberto,(4-3-3),(4-3-3),44%,56%,340 of 424 — 80%,81% — 443 of 549,3 of 12 — 25%,29% — 4 of 14,3 of 4 — 75%,66% — 2 of 3,5.0,1,2.0,0,14,5,5,10,10,23,540,641,10,14,9,9,4,11,44,7,2,14,8,6,10,26,56,59
20.0,Fri,2024-01-12,21:00,Sevilla,Alavés,2.2,2.0,2–3,34225.0,Alejandro Hernández,2023-2024,Jesús Navas,Luis Rioja,(4-4-2),(4-2-3-1),68%,32%,523 of 632 — 83%,68% — 201 of 294,3 of 18 — 17%,50% — 8 of 16,5 of 8 — 62%,66% — 2 of 3,4.0,0,3.0,0,12,13,5,4,29,17,750,434,13,16,5,11,29,11,11,32,5,0,5,16,29,13,92,82
20.0,Sat,2024-01-13,13:00,Las Palmas,Villarreal,0.8,2.0,3–0,24485.0,Javier Villanueva,2023-2024,Kirian Rodríguez,Gerard Moreno,(4-3-3),(4-4-2),54%,46%,481 of 565 — 85%,81% — 386 of 475,3 of 8 — 38%,18% — 3 of 17,3 of 3 — 100%,0% — 0 of 3,4.0,0,3.0,0,13,11,4,6,9,24,665,568,19,15,10,8,6,8,20,17,0,8,12,5,10,25,52,40
20.0,Sat,2024-01-13,16:15,Mallorca,Celta Vigo,1.8,0.6,1–1,21130.0,Víctor García,2023-2024,Antonio Raillo,Iago Aspas,(5-4-1),(5-3-2),57%,43%,363 of 481 — 75%,73% — 271 of 369,6 of 17 — 35%,33% — 2 of 6,1 of 2 — 50%,83% — 5 of 6,4.0,0,1.0,0,18,18,10,1,27,10,619,529,19,28,17,8,29,22,11,32,1,0,7,11,30,18,79,55
20.0,Sat,2024-01-13,18:30,Athletic Club,Real Sociedad,1.6,1.1,2–1,51475.0,José Luis Munuera,2023-2024,Iñigo Lekue,Mikel Oyarzabal,(4-2-3-1),(4-1-4-1),49%,51%,262 of 398 — 66%,69% — 285 of 414,3 of 10 — 30%,11% — 1 of 9,0 of 1 — 0%,33% — 1 of 3,1.0,0,4.0,0,16,21,5,5,18,15,521,539,23,18,12,11,25,30,21,29,2,0,9,4,20,25,81,59
20.0,Sat,2024-01-13,21:00,Betis,Granada,1.8,0.5,1–0,50197.0,Guillermo Cuadra,2023-2024,Andrés Guardado,Carlos Neva,(4-2-3-1),(4-4-2),57%,43%,395 of 496 — 80%,76% — 288 of 379,6 of 25 — 24%,33% — 2 of 6,2 of 2 — 100%,83% — 5 of 6,3.0,0,4.0,0,11,17,13,1,26,15,632,513,22,27,4,5,14,11,17,31,1,4,2,8,26,26,69,76
20.0,Sun,2024-01-14,14:00,Almería,Girona,1.7,0.3,0–0,12111.0,Mateo Busquets,2023-2024,Lucas Robertone,Juanpe,(4-1-4-1),(4-4-1-1),46%,54%,352 of 439 — 80%,83% — 429 of 516,3 of 20 — 15%,20% — 1 of 5,1 of 1 — 100%,100% — 3 of 3,4.0,0,4.0,1,13,8,4,3,24,19,540,616,19,11,8,10,13,9,12,20,0,1,4,14,19,19,62,66
20.0,Sun,2024-01-14,16:15,Cádiz,Valencia,1.1,1.9,1–4,18622.0,Isidro Díaz de Mera,2023-2024,Isaac Carcelen,José Luis Gayà,(4-5-1),(4-4-2),57%,43%,312 of 429 — 73%,60% — 198 of 330,1 of 9 — 11%,56% — 5 of 9,1 of 5 — 20%,100% — 1 of 1,4.0,0,2.0,0,15,15,3,1,15,13,542,440,15,24,9,4,24,28,12,25,3,3,6,11,27,28,97,98
21.0,Fri,2024-01-19,21:00,Alavés,Cádiz,2.0,0.3,1–0,15838.0,Alejandro Muñíz,2023-2024,Rubén Duarte,Jeremías Ledesma,(4-2-3-1),(4-4-2),49%,51%,265 of 376 — 70%,75% — 291 of 388,2 of 12 — 17%,11% — 1 of 9,1 of 1 — 100%,100% — 2 of 2,0.0,0,4.0,0,15,18,4,4,29,23,470,514,12,18,1,7,18,25,24,30,1,1,9,9,31,19,77,89
21.0,Sat,2024-01-20,14:00,Rayo Vallecano,Las Palmas,1.6,0.7,0–2,12477.0,Mario Melero,2023-2024,Óscar Valentín,Kirian Rodríguez,(4-4-2),(4-5-1),45%,55%,327 of 447 — 73%,80% — 441 of 551,3 of 16 — 19%,50% — 5 of 10,3 of 5 — 60%,100% — 3 of 3,5.5,0,1.0,0,19,8,12,0,31,9,569,703,15,31,10,7,6,9,11,45,9,5,5,14,29,11,67,59
21.0,Sat,2024-01-20,16:15,Villarreal,Mallorca,1.9,0.4,1–1,16479.0,Miguel Ángel Ortiz Arias,2023-2024,Gerard Moreno,Antonio Raillo,(4-4-2),(5-4-1),51%,49%,380 of 481 — 79%,73% — 336 of 459,5 of 18 — 28%,25% — 2 of 8,1 of 2 — 50%,80% — 4 of 5,2.0,1,2.0,0,13,11,4,6,16,26,615,574,22,22,11,9,18,13,26,20,0,2,5,8,24,16,63,82
21.0,Sat,2024-01-20,18:30,Valencia,Athletic Club,0.9,0.5,1–0,45344.0,Juan Pulido,2023-2024,José Luis Gayà,Iñigo Lekue,(4-4-2),(4-2-3-1),40%,60%,298 of 414 — 72%,80% — 508 of 633,1 of 6 — 17%,50% — 3 of 6,3 of 3 — 100%,0% — 0 of 1,0.0,0,3.0,0,11,14,4,2,18,18,521,727,16,19,7,3,15,10,26,19,4,0,5,9,19,29,70,69
21.0,Sat,2024-01-20,21:00,Celta Vigo,Real Sociedad,0.3,0.8,0–1,20901.0,Jorge Figueroa,2023-2024,Iago Aspas,Igor Zubeldia,(4-4-2),(5-3-2),49%,51%,356 of 488 — 73%,75% — 387 of 517,2 of 6 — 33%,33% — 2 of 6,1 of 2 — 50%,100% — 2 of 2,1.0,0,2.0,0,12,18,6,3,24,10,592,638,11,22,14,11,19,17,9,32,1,1,8,6,31,31,82,78
21.0,Sun,2024-01-21,14:00,Osasuna,Getafe,1.2,1.4,3–2,18811.0,José Sánchez,2023-2024,David García,Djené,(3-5-2),(4-4-2),43%,57%,200 of 321 — 62%,69% — 292 of 425,7 of 13 — 54%,70% — 7 of 10,5 of 7 — 71%,57% — 4 of 7,5.0,0,4.0,0,14,16,1,4,17,23,449,530,10,10,8,9,33,13,46,17,7,6,4,6,20,20,82,105
21.0,Sun,2024-01-21,16:15,Real Madrid,Almería,2.2,0.9,3–2,72044.0,Francisco Hernández,2023-2024,Nacho,Lucas Robertone,(4-3-1-2),(5-4-1),73%,27%,592 of 706 — 84%,63% — 162 of 256,5 of 17 — 29%,20% — 2 of 10,0 of 2 — 0%,60% — 3 of 5,3.0,0,5.0,0,9,17,6,3,33,10,798,394,8,27,10,8,26,11,5,36,5,1,5,13,25,13,53,71
21.0,Sun,2024-01-21,18:30,Betis,Barcelona,1.1,3.0,2–4,53288.0,Jesús Gil,2023-2024,Germán Pezzella,Ronald Araújo,(4-2-3-1),(4-3-3),37%,63%,288 of 360 — 80%,84% — 525 of 623,4 of 14 — 29%,36% — 4 of 11,0 of 4 — 0%,50% — 2 of 4,1.0,0,2.0,0,12,9,3,4,15,17,486,728,16,24,7,7,11,14,29,15,4,6,5,5,23,18,42,39
21.0,Sun,2024-01-21,21:00,Girona,Sevilla,2.3,0.7,5–1,13092.0,Pablo González,2023-2024,Juanpe,Jesús Navas,(4-4-2),(5-3-2),55%,45%,530 of 601 — 88%,83% — 415 of 501,8 of 12 — 67%,33% — 3 of 9,2 of 3 — 66%,37% — 3 of 8,0.0,0,2.0,0,9,11,4,5,15,27,723,605,23,19,9,6,8,5,27,13,1,1,8,4,11,20,55,61
21.0,Mon,2024-01-22,21:00,Granada,Atlético Madrid,0.6,1.2,0–1,18704.0,Juan Martínez,2023-2024,Carlos Neva,Jan Oblak,(4-3-3),(3-5-2),53%,47%,523 of 619 — 84%,86% — 464 of 542,1 of 17 — 6%,50% — 5 of 10,4 of 5 — 80%,100% — 1 of 1,2.0,0,2.0,0,11,16,6,2,34,16,717,656,16,14,3,4,10,9,18,35,0,6,5,9,20,13,75,51
22.0,Fri,2024-01-26,21:00,Almería,Alavés,1.4,1.8,0–3,13817.0,Miguel Ángel Ortiz Arias,2023-2024,Lucas Robertone,Rubén Duarte,(4-2-3-1),(4-2-3-1),64%,36%,459 of 574 — 80%,67% — 220 of 328,7 of 19 — 37%,20% — 2 of 10,0 of 2 — 0%,100% — 7 of 7,1.0,0,2.0,0,17,12,11,3,38,15,679,435,14,13,4,4,19,14,17,32,3,3,4,14,18,17,68,93
22.0,Sat,2024-01-27,14:00,Real Sociedad,Rayo Vallecano,0.2,0.1,0–0,32528.0,Alejandro Hernández,2023-2024,Igor Zubeldia,Óscar Valentín,(5-3-2),(4-4-2),51%,49%,315 of 434 — 73%,69% — 287 of 416,3 of 6 — 50%,0% — 0 of 5,0 of 0 — %,100% — 3 of 3,2.0,0,4.0,0,16,14,2,2,14,9,560,531,23,17,10,8,15,16,22,26,7,1,7,6,19,34,60,80
22.0,Sat,2024-01-27,15:15,Las Palmas,Real Madrid,0.7,2.3,1–2,32037.0,César Soto,2023-2024,Kirian Rodríguez,Nacho,(4-5-1),(4-3-1-2),53%,47%,536 of 590 — 91%,88% — 456 of 521,2 of 7 — 29%,38% — 5 of 13,3 of 5 — 60%,50% — 1 of 2,3.0,0,3.0,0,17,14,1,6,16,17,676,608,12,20,4,6,4,5,26,7,0,3,6,10,14,12,44,62
22.0,Sat,2024-01-27,18:30,Barcelona,Villarreal,2.2,2.1,3–5,46229.0,José Luis Munuera,2023-2024,Ronald Araújo,Gerard Moreno,(4-3-3),(4-4-2),70%,30%,612 of 712 — 86%,73% — 219 of 301,9 of 22 — 41%,67% — 6 of 9,1 of 6 — 16%,77% — 7 of 9,3.0,0,4.0,0,8,13,10,0,25,7,830,427,15,13,10,16,9,13,10,30,0,3,0,9,16,16,62,62
22.0,Sat,2024-01-27,21:00,Mallorca,Betis,1.5,0.4,0–1,20051.0,Javier Villanueva,2023-2024,Antonio Raillo,Nabil Fekir,(5-3-2),(4-2-3-1),53%,47%,447 of 547 — 82%,81% — 395 of 485,1 of 14 — 7%,25% — 2 of 8,1 of 2 — 50%,100% — 1 of 1,2.0,0,1.0,0,14,6,5,4,23,12,638,594,16,10,3,8,19,16,14,32,2,0,4,13,19,18,79,75
22.0,Sun,2024-01-28,14:00,Celta Vigo,Girona,0.6,0.9,0–1,20684.0,Mario Melero,2023-2024,Iago Aspas,Aleix García,(3-4-3),(4-2-3-1),40%,60%,303 of 409 — 74%,83% — 509 of 612,5 of 10 — 50%,40% — 6 of 15,5 of 6 — 83%,100% — 5 of 5,1.0,0,1.0,0,13,11,5,7,17,18,521,728,21,18,9,9,14,12,18,19,1,1,6,7,21,21,64,70
22.0,Sun,2024-01-28,16:15,Cádiz,Athletic Club,0.4,0.2,0–0,18839.0,Mateo Busquets,2023-2024,Isaac Carcelen,Óscar de Marcos,(4-4-2),(4-2-3-1),43%,57%,273 of 391 — 70%,78% — 411 of 525,2 of 9 — 22%,0% — 0 of 8,0 of 0 — %,100% — 2 of 2,4.0,0,2.0,0,13,14,6,8,19,21,513,647,21,21,8,10,14,21,23,14,2,0,7,9,27,22,88,70
22.0,Sun,2024-01-28,18:30,Sevilla,Osasuna,0.8,1.2,1–1,36640.0,Guillermo Cuadra,2023-2024,Jesús Navas,David García,(3-5-2),(3-5-2),44%,56%,299 of 410 — 73%,75% — 398 of 531,5 of 10 — 50%,36% — 4 of 11,3 of 4 — 75%,80% — 4 of 5,3.0,1,0.0,0,19,13,2,4,15,22,525,626,13,13,4,4,21,21,32,18,5,2,6,5,23,32,70,89
22.0,Sun,2024-01-28,21:00,Atlético Madrid,Valencia,2.4,0.5,2–0,59493.0,Ricardo de Burgos,2023-2024,Koke,José Luis Gayà,(3-5-2),(4-2-3-1),54%,46%,568 of 649 — 88%,83% — 456 of 551,8 of 12 — 67%,30% — 3 of 10,3 of 3 — 100%,75% — 6 of 8,2.0,0,0.0,0,9,9,3,6,10,21,769,660,18,19,8,6,10,8,20,24,1,2,6,7,20,20,62,61
22.0,Mon,2024-01-29,21:00,Getafe,Granada,1.3,1.9,2–0,10382.0,Víctor García,2023-2024,Djené,Carlos Neva,(4-4-2),(4-3-3),40%,60%,232 of 365 — 64%,78% — 433 of 557,4 of 7 — 57%,20% — 3 of 15,3 of 3 — 100%,50% — 2 of 4,2.0,0,1.0,0,17,11,4,3,20,21,458,655,12,12,5,4,21,22,25,22,4,5,11,4,21,18,101,78
20.0,Wed,2024-01-31,19:00,Barcelona,Osasuna,1.9,1.0,1–0,37888.0,Jorge Figueroa,2023-2024,Ronald Araújo,Unai García,(4-3-3),(5-3-2),68%,32%,592 of 676 — 88%,71% — 230 of 323,4 of 16 — 25%,11% — 1 of 9,1 of 1 — 100%,75% — 3 of 4,1.0,0,3.5,0,9,12,6,6,19,17,774,413,12,14,8,8,13,16,16,14,4,2,6,9,21,10,49,63
20.0,Wed,2024-01-31,21:00,Atlético Madrid,Rayo Vallecano,1.0,0.4,2–1,47003.0,César Soto,2023-2024,Jan Oblak,Óscar Valentín,(3-5-2),(3-4-3),54%,46%,425 of 533 — 80%,77% — 343 of 448,3 of 8 — 38%,20% — 2 of 10,1 of 2 — 50%,33% — 1 of 3,0.0,0,3.0,0,11,13,5,6,17,15,641,570,22,13,8,13,17,7,17,21,7,0,8,9,23,20,47,73
20.0,Thu,2024-02-01,21:00,Getafe,Real Madrid,0.8,2.0,0–2,15264.0,Ricardo de Burgos,2023-2024,Djené,Nacho,(4-4-2),(4-3-1-2),42%,58%,366 of 463 — 79%,87% — 549 of 628,2 of 10 — 20%,56% — 9 of 16,7 of 9 — 77%,100% — 2 of 2,1.0,0,2.0,0,16,5,2,6,17,12,539,728,15,12,7,17,12,13,9,17,1,4,7,10,21,11,70,64
23.0,Fri,2024-02-02,21:00,Athletic Club,Mallorca,1.7,0.4,4–0,47061.0,Jorge Figueroa,2023-2024,Óscar de Marcos,Antonio Raillo,(4-2-3-1),(5-4-1),62%,38%,484 of 587 — 82%,70% — 250 of 359,6 of 13 — 46%,33% — 2 of 6,2 of 2 — 100%,33% — 2 of 6,0.0,0,1.0,0,17,15,6,2,20,12,693,469,13,21,4,15,22,13,17,21,1,5,4,5,22,11,71,56
23.0,Sat,2024-02-03,14:00,Valencia,Almería,1.4,1.9,2–1,42877.0,Alejandro Muñíz,2023-2024,José Luis Gayà,Gonzalo Melero,(4-4-2),(4-2-3-1),48%,52%,309 of 426 — 73%,77% — 348 of 454,2 of 6 — 33%,27% — 4 of 15,3 of 4 — 75%,0% — 0 of 2,4.0,0,5.0,1,17,16,0,6,21,15,530,573,17,13,9,8,7,21,22,23,2,1,5,3,31,29,79,78
23.0,Sat,2024-02-03,16:15,Granada,Las Palmas,0.1,1.0,1–1,17941.0,Mateo Busquets,2023-2024,Carlos Neva,Kirian Rodríguez,(4-1-4-1),(4-5-1),23%,77%,143 of 233 — 61%,89% — 703 of 794,1 of 3 — 33%,38% — 6 of 16,5 of 6 — 83%,0% — 0 of 1,4.0,1,3.0,1,6,16,2,9,11,22,339,887,19,10,11,5,9,9,25,13,4,1,13,2,7,17,66,46
23.0,Sat,2024-02-03,18:30,Alavés,Barcelona,1.0,1.2,1–3,19480.0,Juan Martínez,2023-2024,Rubén Duarte,Ronald Araújo,(4-2-3-1),(4-3-3),36%,64%,240 of 330 — 73%,87% — 507 of 581,2 of 13 — 15%,63% — 5 of 8,2 of 5 — 40%,50% — 1 of 2,2.0,0,3.5,0,15,10,13,5,40,11,408,689,14,13,8,6,17,10,12,32,3,1,1,13,14,13,58,56
23.0,Sat,2024-02-03,21:00,Girona,Real Sociedad,0.7,0.6,0–0,13755.0,Jesús Gil,2023-2024,Aleix García,Mikel Oyarzabal,(4-2-3-1),(4-4-1-1),49%,51%,358 of 441 — 81%,83% — 388 of 468,3 of 11 — 27%,18% — 2 of 11,2 of 2 — 100%,100% — 3 of 3,2.0,0,3.0,0,8,19,3,4,11,20,546,585,23,23,3,8,15,16,19,18,4,2,11,2,20,17,53,53
23.0,Sun,2024-02-04,14:00,Villarreal,Cádiz,1.2,0.7,0–0,17183.0,Pablo González,2023-2024,Raúl Albiol,Isaac Carcelen,(4-4-2),(4-4-2),59%,41%,431 of 546 — 79%,70% — 269 of 386,4 of 19 — 21%,25% — 2 of 8,2 of 2 — 100%,100% — 4 of 4,3.0,0,1.0,0,14,14,13,2,35,18,661,491,21,14,14,11,25,19,13,26,3,2,4,12,12,20,52,88
23.0,Sun,2024-02-04,16:15,Osasuna,Celta Vigo,1.1,1.1,0–3,20030.0,Javier Alberola,2023-2024,David García,Renato Tapia,(5-3-2),(3-4-3),70%,30%,584 of 749 — 78%,63% — 201 of 319,1 of 18 — 6%,83% — 5 of 6,2 of 5 — 40%,100% — 1 of 1,2.0,0,0.0,0,10,10,9,1,36,4,841,483,13,18,6,10,22,25,4,52,0,2,3,12,42,12,102,82
23.0,Sun,2024-02-04,18:30,Betis,Getafe,1.6,1.5,1–1,53336.0,Juan Pulido,2023-2024,Nabil Fekir,Djené,(4-2-3-1),(4-4-2),54%,46%,356 of 486 — 73%,66% — 270 of 409,1 of 8 — 13%,10% — 1 of 10,1 of 1 — 100%,100% — 1 of 1,7.0,0,4.0,0,9,19,3,5,11,17,619,536,23,20,14,10,20,24,25,28,4,7,6,7,24,27,70,70
23.0,Sun,2024-02-04,21:00,Real Madrid,Atlético Madrid,1.9,1.1,1–1,76732.0,José Sánchez,2023-2024,Nacho,Koke,(4-3-1-2),(3-5-2),54%,46%,641 of 693 — 92%,87% — 506 of 581,4 of 17 — 24%,50% — 5 of 10,4 of 5 — 80%,75% — 3 of 4,0.0,0,4.0,0,6,15,2,8,12,25,826,670,19,25,3,4,6,6,26,14,2,1,6,11,20,21,47,50
23.0,Mon,2024-02-05,21:00,Rayo Vallecano,Sevilla,1.8,1.3,1–2,12546.0,Francisco Hernández,2023-2024,Óscar Valentín,Jesús Navas,(4-4-2),(4-4-2),66%,34%,548 of 684 — 80%,64% — 221 of 346,5 of 22 — 23%,60% — 6 of 10,4 of 6 — 66%,80% — 4 of 5,2.0,0,3.0,0,8,10,6,0,30,4,792,465,12,14,9,9,10,21,14,30,2,2,8,11,37,28,84,84
24.0,Fri,2024-02-09,21:00,Cádiz,Betis,0.8,1.0,0–2,15346.0,Ricardo de Burgos,2023-2024,Jeremías Ledesma,Nabil Fekir,(4-4-2),(4-2-3-1),53%,47%,484 of 585 — 83%,83% — 433 of 524,5 of 14 — 36%,36% — 5 of 14,3 of 5 — 60%,100% — 5 of 5,1.0,0,1.0,0,12,10,5,3,25,11,690,647,15,21,9,9,10,12,6,30,2,0,8,8,24,22,59,57
24.0,Sat,2024-02-10,14:00,Alavés,Villarreal,1.8,1.2,1–1,14523.0,Mario Melero,2023-2024,Luis Rioja,Raúl Albiol,(4-2-3-1),(4-4-2),51%,49%,321 of 432 — 74%,77% — 325 of 420,4 of 17 — 24%,23% — 3 of 13,2 of 3 — 66%,75% — 3 of 4,0.0,0,2.0,0,7,11,10,9,34,19,534,534,13,11,7,7,10,18,20,34,2,1,10,9,22,15,90,64
24.0,Sat,2024-02-10,16:15,Real Sociedad,Osasuna,1.5,0.5,0–1,32905.0,Isidro Díaz de Mera,2023-2024,Mikel Merino,David García,(4-3-3),(5-3-2),68%,32%,527 of 631 — 84%,66% — 196 of 299,3 of 21 — 14%,22% — 2 of 9,1 of 2 — 50%,100% — 3 of 3,0.0,0,0.0,0,11,11,7,4,33,9,742,422,9,16,4,9,26,24,15,35,1,2,4,14,17,16,57,93
24.0,Sat,2024-02-10,18:30,Real Madrid,Girona,3.2,0.3,4–0,76585.0,Juan Martínez,2023-2024,Dani Carvajal,Juanpe,(4-3-1-2),(4-2-3-1),53%,47%,557 of 603 — 92%,90% — 482 of 536,6 of 15 — 40%,0% — 0 of 5,0 of 0 — %,33% — 2 of 6,1.0,0,2.0,0,9,12,0,2,8,16,688,605,8,10,4,8,4,3,16,9,0,0,9,7,10,16,50,31
24.0,Sat,2024-02-10,20:00,Las Palmas,Valencia,1.3,0.5,2–0,25633.0,Guillermo Cuadra,2023-2024,Kirian Rodríguez,José Luis Gayà,(4-5-1),(4-4-2),72%,28%,677 of 777 — 87%,64% — 194 of 305,3 of 8 — 38%,14% — 1 of 7,1 of 1 — 100%,33% — 1 of 3,2.0,0,0.0,0,9,9,5,0,23,11,878,398,18,21,7,6,7,6,14,22,1,4,7,5,31,24,70,66
24.0,Sun,2024-02-11,14:00,Getafe,Celta Vigo,2.1,1.2,3–2,11502.0,Alejandro Hernández,2023-2024,Djené,Renato Tapia,(4-4-2),(3-4-3),48%,52%,292 of 440 — 66%,71% — 335 of 475,4 of 11 — 36%,44% — 4 of 9,2 of 4 — 50%,25% — 1 of 4,1.0,0,2.0,0,16,13,0,4,12,19,561,595,22,20,13,10,20,15,16,15,3,2,6,3,29,29,96,84
24.0,Sun,2024-02-11,16:15,Mallorca,Rayo Vallecano,0.9,1.6,2–1,16735.0,José Luis Munuera,2023-2024,Antonio Raillo,Óscar Valentín,(5-4-1),(4-2-3-1),49%,51%,309 of 452 — 68%,73% — 345 of 474,5 of 8 — 63%,36% — 4 of 11,3 of 4 — 75%,60% — 3 of 5,4.0,0,0.0,0,17,11,5,1,18,13,564,598,18,11,10,13,31,24,18,26,2,1,8,5,18,25,101,83
24.0,Sun,2024-02-11,18:30,Sevilla,Atlético Madrid,1.0,1.5,1–0,31528.0,Javier Villanueva,2023-2024,Jesús Navas,Koke,(4-4-2),(3-5-2),39%,61%,353 of 435 — 81%,86% — 576 of 673,6 of 10 — 60%,25% — 4 of 16,4 of 4 — 100%,83% — 5 of 6,2.0,0,1.0,0,8,5,2,7,13,22,566,775,23,15,12,5,15,7,29,17,2,4,10,6,10,26,58,51
24.0,Sun,2024-02-11,21:00,Barcelona,Granada,2.3,1.4,3–3,41901.0,Miguel Ángel Ortiz Arias,2023-2024,Marc-André ter Stegen,Ignasi Miquel,(4-3-3),(4-1-4-1),65%,35%,569 of 672 — 85%,73% — 259 of 357,5 of 11 — 45%,45% — 5 of 11,2 of 5 — 40%,40% — 2 of 5,1.0,0,3.0,0,13,9,6,2,17,15,762,452,14,17,6,10,15,7,11,19,3,1,8,9,24,23,65,72
24.0,Mon,2024-02-12,21:00,Almería,Athletic Club,0.9,0.7,0–0,12863.0,Víctor García,2023-2024,Lucas Robertone,Óscar de Marcos,(4-2-3-1),(4-2-3-1),39%,61%,266 of 361 — 74%,77% — 435 of 567,4 of 10 — 40%,33% — 4 of 12,4 of 4 — 100%,100% — 4 of 4,5.5,0,1.0,0,17,15,4,10,12,43,504,668,18,20,10,7,13,24,41,14,2,3,5,4,19,26,75,61
25.0,Fri,2024-02-16,21:00,Villarreal,Getafe,1.2,0.8,1–1,16869.0,Javier Alberola,2023-2024,Raúl Albiol,Djené,(4-4-2),(4-4-2),55%,45%,377 of 507 — 74%,64% — 261 of 411,7 of 20 — 35%,9% — 1 of 11,0 of 1 — 0%,85% — 6 of 7,0.0,0,1.0,0,13,13,8,3,12,13,632,516,11,11,8,5,22,19,17,20,6,2,7,5,19,24,83,101
25.0,Sat,2024-02-17,14:00,Atlético Madrid,Las Palmas,3.5,0.7,5–0,61196.0,Jorge Figueroa,2023-2024,Koke,Kirian Rodríguez,(5-3-2),(4-5-1),36%,64%,263 of 365 — 72%,85% — 550 of 650,6 of 12 — 50%,18% — 2 of 11,2 of 2 — 100%,33% — 2 of 6,2.0,0,2.0,0,19,9,3,5,8,14,476,758,21,10,10,9,17,14,23,16,4,0,6,9,20,17,55,70
25.0,Sat,2024-02-17,16:15,Osasuna,Cádiz,2.0,0.5,2–0,19525.0,Francisco Hernández,2023-2024,David García,Jeremías Ledesma,(4-3-3),(4-4-2),56%,44%,404 of 549 — 74%,68% — 298 of 439,4 of 11 — 36%,20% — 1 of 5,1 of 1 — 100%,50% — 2 of 4,4.0,0,2.0,0,20,12,5,4,24,17,654,547,14,13,5,7,25,25,24,28,1,5,10,11,23,18,87,82
25.0,Sat,2024-02-17,18:30,Celta Vigo,Barcelona,0.8,1.5,1–2,23096.0,Juan Pulido,2023-2024,Iago Aspas,Marc-André ter Stegen,(4-4-2),(4-3-3),34%,66%,260 of 373 — 70%,84% — 602 of 713,4 of 13 — 31%,23% — 3 of 13,2 of 3 — 66%,75% — 3 of 4,2.0,0,4.0,0,11,13,2,5,14,16,504,837,19,14,14,7,14,13,25,21,4,1,7,9,17,20,61,56
25.0,Sat,2024-02-17,21:00,Valencia,Sevilla,1.0,0.0,0–0,44506.0,César Soto,2023-2024,José Luis Gayà,Jesús Navas,(4-4-2),(3-5-2),54%,46%,534 of 636 — 84%,81% — 441 of 543,4 of 14 — 29%,100% — 1 of 1,1 of 1 — 100%,100% — 4 of 4,0.0,0,1.0,0,5,8,7,2,26,13,728,642,9,15,5,5,11,10,15,29,3,1,4,9,34,20,67,75
25.0,Sun,2024-02-18,14:00,Rayo Vallecano,Real Madrid,1.1,1.1,1–1,14354.0,Alejandro Muñíz,2023-2024,Óscar Valentín,Nacho,(4-4-2),(4-2-3-1),41%,59%,292 of 379 — 77%,82% — 457 of 556,2 of 7 — 29%,36% — 4 of 11,3 of 4 — 75%,100% — 2 of 2,4.0,0,4.5,0,17,7,4,10,13,24,514,673,20,24,8,5,12,12,32,15,4,2,9,4,22,13,70,52
25.0,Sun,2024-02-18,16:15,Granada,Almería,2.0,1.4,1–1,18756.0,Jesús Gil,2023-2024,Carlos Neva,Lucas Robertone,(4-3-3),(4-2-3-1),58%,42%,401 of 504 — 80%,75% — 270 of 361,7 of 19 — 37%,23% — 3 of 13,2 of 3 — 66%,85% — 6 of 7,2.0,0,3.0,0,13,22,10,4,26,18,610,499,19,18,7,6,10,9,15,42,0,3,10,8,20,17,77,66
25.0,Sun,2024-02-18,18:30,Mallorca,Real Sociedad,0.1,1.1,1–2,18153.0,Pablo González,2023-2024,Antonio Raillo,Mikel Merino,(5-3-2),(4-3-3),33%,67%,154 of 262 — 59%,80% — 436 of 542,1 of 4 — 25%,26% — 5 of 19,3 of 5 — 60%,0% — 0 of 1,10.5,1,5.0,0,12,18,3,9,9,34,385,645,19,13,11,4,33,27,35,17,2,2,12,4,19,25,77,48
25.0,Sun,2024-02-18,21:00,Betis,Alavés,0.8,0.5,0–0,43514.0,Mateo Busquets,2023-2024,Nabil Fekir,Rubén Duarte,(4-2-3-1),(4-2-3-1),62%,38%,452 of 559 — 81%,67% — 233 of 349,1 of 13 — 8%,31% — 4 of 13,4 of 4 — 100%,100% — 1 of 1,5.0,0,2.0,0,13,9,6,8,24,22,699,473,23,18,6,12,22,19,25,22,1,1,7,10,33,24,55,78
25.0,Mon,2024-02-19,21:00,Athletic Club,Girona,1.8,2.1,3–2,46220.0,José Sánchez,2023-2024,Iñaki Williams,Juanpe,(4-2-3-1),(4-2-3-1),31%,69%,241 of 319 — 76%,88% — 632 of 718,7 of 14 — 50%,42% — 5 of 12,3 of 5 — 60%,57% — 4 of 7,1.0,0,2.0,0,16,13,3,4,10,14,423,806,23,12,10,6,9,7,12,9,2,3,6,7,12,22,57,48
26.0,Fri,2024-02-23,21:00,Real Sociedad,Villarreal,1.5,1.0,1–3,30609.0,Javier Villanueva,2023-2024,Robin Le Normand,Raúl Albiol,(4-1-4-1),(4-4-2),70%,30%,544 of 648 — 84%,73% — 204 of 281,7 of 21 — 33%,67% — 4 of 6,1 of 4 — 25%,85% — 6 of 7,3.0,0,4.0,0,15,14,13,2,40,6,740,397,14,12,11,10,20,13,13,39,4,1,2,13,27,18,54,62
26.0,Sat,2024-02-24,16:15,Barcelona,Getafe,3.1,0.5,4–0,36803.0,Alejandro Muñíz,2023-2024,Marc-André ter Stegen,Djené,(4-3-3),(4-5-1),67%,33%,523 of 616 — 85%,64% — 192 of 298,9 of 17 — 53%,40% — 4 of 10,4 of 4 — 100%,55% — 5 of 9,1.0,0,4.0,0,12,18,5,8,14,20,743,408,16,21,3,12,13,5,30,14,5,4,6,5,20,14,71,62
26.0,Sat,2024-02-24,18:30,Alavés,Mallorca,0.5,2.2,1–1,16102.0,Víctor García,2023-2024,Luis Rioja,Martin Valjent,(4-2-3-1),(5-4-1),52%,48%,346 of 472 — 73%,73% — 321 of 441,1 of 9 — 11%,47% — 7 of 15,6 of 7 — 85%,0% — 0 of 1,0.0,0,2.0,0,7,15,3,3,25,19,580,561,9,10,6,9,26,32,24,27,2,0,7,9,21,23,82,80
26.0,Sat,2024-02-24,21:00,Almería,Atlético Madrid,0.5,1.5,2–2,14472.0,Javier Alberola,2023-2024,Lucas Robertone,Koke,(4-2-3-1),(3-5-2),40%,60%,309 of 406 — 76%,83% — 493 of 597,4 of 9 — 44%,50% — 9 of 18,7 of 9 — 77%,50% — 2 of 4,1.0,0,1.0,0,13,12,2,7,11,18,541,719,14,21,7,11,17,10,21,13,1,2,4,3,24,28,56,66
26.0,Sun,2024-02-25,14:00,Cádiz,Celta Vigo,2.2,0.7,2–2,18123.0,Miguel Ángel Ortiz Arias,2023-2024,Jeremías Ledesma,Iago Aspas,(4-4-2),(4-4-2),65%,35%,444 of 614 — 72%,56% — 183 of 328,6 of 19 — 32%,43% — 3 of 7,1 of 3 — 33%,66% — 4 of 6,2.0,0,3.0,0,13,20,9,1,42,4,729,456,20,16,6,4,25,38,6,38,3,2,4,16,25,18,109,89
26.0,Sun,2024-02-25,16:15,Betis,Athletic Club,1.2,0.2,3–1,53537.0,Guillermo Cuadra,2023-2024,Nabil Fekir,Óscar de Marcos,(4-2-3-1),(4-2-3-1),57%,43%,506 of 615 — 82%,76% — 349 of 462,5 of 13 — 38%,33% — 1 of 3,0 of 1 — 0%,60% — 3 of 5,1.0,0,7.5,0,14,12,5,3,10,19,721,549,18,8,10,10,18,10,20,10,2,2,3,7,17,31,62,69
26.0,Sun,2024-02-25,17:30,Las Palmas,Osasuna,0.7,0.7,1–1,25075.0,José Luis Munuera,2023-2024,Kirian Rodríguez,Unai García,(4-5-1),(3-5-2),71%,29%,607 of 718 — 85%,63% — 183 of 290,3 of 9 — 33%,33% — 2 of 6,1 of 2 — 50%,66% — 2 of 3,2.0,0,1.0,0,6,15,6,7,15,22,815,392,10,17,6,6,8,14,17,25,2,3,8,6,21,22,57,84
26.0,Sun,2024-02-25,21:00,Real Madrid,Sevilla,1.0,0.8,1–0,74969.0,Isidro Díaz de Mera,2023-2024,Nacho,Sergio Ramos,(4-3-3),(5-3-2),64%,36%,617 of 690 — 89%,81% — 316 of 391,6 of 16 — 38%,25% — 1 of 4,1 of 1 — 100%,83% — 5 of 6,1.0,0,3.0,0,10,13,7,2,16,12,791,498,14,28,4,4,7,7,7,24,1,0,5,9,28,14,57,68
26.0,Mon,2024-02-26,21:00,Girona,Rayo Vallecano,2.2,0.5,3–0,8923.0,Ricardo de Burgos,2023-2024,Aleix García,Óscar Valentín,(4-2-3-1),(4-2-3-1),54%,46%,478 of 565 — 85%,82% — 389 of 473,8 of 14 — 57%,14% — 1 of 7,1 of 1 — 100%,62% — 5 of 8,3.0,0,6.5,0,13,16,2,2,22,9,645,567,17,14,8,10,10,6,11,17,4,2,5,7,13,18,50,55
27.0,Fri,2024-03-01,21:00,Celta Vigo,Almería,1.5,0.1,1–0,18005.0,José Sánchez,2023-2024,Carl Starfelt,Lucas Robertone,(4-4-2),(4-2-3-1),66%,34%,550 of 650 — 85%,71% — 238 of 336,6 of 15 — 40%,0% — 0 of 3,0 of 0 — %,83% — 5 of 6,1.0,0,2.0,1,8,14,7,0,28,7,743,454,11,22,2,6,23,9,12,32,2,3,3,8,25,20,66,62
27.0,Sat,2024-03-02,14:00,Sevilla,Real Sociedad,2.0,1.5,3–2,35884.0,Mateo Busquets,2023-2024,Jesús Navas,Igor Zubeldia,(5-3-2),(4-1-3-2),39%,61%,263 of 364 — 72%,80% — 445 of 558,5 of 12 — 42%,25% — 3 of 12,2 of 3 — 66%,40% — 2 of 5,1.0,0,2.0,0,12,15,2,5,13,13,495,675,22,29,7,6,23,19,27,13,1,6,8,8,23,25,79,65
27.0,Sat,2024-03-02,16:15,Rayo Vallecano,Cádiz,0.7,1.0,1–1,12272.0,Javier Alberola,2023-2024,Óscar Valentín,Jeremías Ledesma,(4-2-3-1),(4-4-2),53%,47%,351 of 486 — 72%,62% — 268 of 433,5 of 9 — 56%,31% — 5 of 16,4 of 5 — 80%,80% — 4 of 5,1.0,0,1.0,0,14,17,4,9,17,32,621,553,18,21,4,8,16,21,40,12,0,3,9,13,24,27,89,120
27.0,Sat,2024-03-02,18:30,Getafe,Las Palmas,2.3,1.6,3–3,7623.0,Pablo González,2023-2024,Jaime Mata,Kirian Rodríguez,(4-3-3),(4-5-1),28%,72%,174 of 277 — 63%,84% — 606 of 723,5 of 16 — 31%,36% — 5 of 14,2 of 5 — 40%,40% — 2 of 5,4.0,0,1.0,0,28,9,4,4,14,22,381,818,10,10,12,6,12,6,21,13,2,4,9,5,19,19,81,60
27.0,Sat,2024-03-02,21:00,Valencia,Real Madrid,1.1,2.2,2–2,47427.0,Jesús Gil,2023-2024,José Luis Gayà,Dani Carvajal,(4-4-2),(4-3-1-2),30%,70%,247 of 333 — 74%,89% — 691 of 778,5 of 12 — 42%,50% — 5 of 10,3 of 5 — 60%,60% — 3 of 5,2.0,0,3.0,1,19,11,2,2,15,16,431,876,19,11,11,8,5,8,18,14,0,2,9,3,19,16,48,41
27.0,Sun,2024-03-03,14:00,Villarreal,Granada,2.0,0.5,5–1,15896.0,Juan Pulido,2023-2024,Gerard Moreno,Carlos Neva,(4-4-2),(3-4-3),48%,52%,389 of 468 — 83%,83% — 418 of 503,10 of 16 — 63%,33% — 3 of 9,2 of 3 — 66%,50% — 5 of 10,1.0,0,2.0,0,12,15,6,4,14,26,571,596,16,20,9,14,6,6,25,13,1,2,10,6,11,16,54,57
27.0,Sun,2024-03-03,16:15,Atlético Madrid,Betis,3.0,0.6,2–1,61901.0,César Soto,2023-2024,Koke,Germán Pezzella,(3-5-2),(4-2-3-1),42%,58%,372 of 481 — 77%,81% — 532 of 657,11 of 16 — 69%,50% — 6 of 12,5 of 6 — 83%,90% — 10 of 11,1.0,0,2.0,0,9,12,4,6,13,27,608,769,18,12,11,12,16,10,26,16,3,0,9,9,10,27,64,70
27.0,Sun,2024-03-03,18:30,Mallorca,Girona,1.2,1.0,1–0,17769.0,Francisco Hernández,2023-2024,Antonio Raillo,Juanpe,(5-3-2),(4-2-3-1),40%,60%,245 of 356 — 69%,80% — 429 of 536,1 of 16 — 6%,27% — 4 of 15,4 of 4 — 100%,0% — 0 of 1,5.0,0,0.0,0,19,9,8,5,22,18,457,631,13,6,12,13,17,12,22,14,0,1,12,7,13,24,93,69
27.0,Sun,2024-03-03,21:00,Athletic Club,Barcelona,0.4,0.7,0–0,50295.0,Alejandro Hernández,2023-2024,Iñaki Williams,Marc-André ter Stegen,(4-2-3-1),(4-3-3),40%,60%,301 of 407 — 74%,85% — 509 of 601,2 of 8 — 25%,13% — 1 of 8,1 of 1 — 100%,100% — 2 of 2,3.0,0,3.0,0,14,11,4,4,29,14,506,711,16,24,7,9,15,15,14,29,5,0,10,9,15,13,81,57
27.0,Mon,2024-03-04,21:00,Osasuna,Alavés,1.0,1.0,1–0,17215.0,Jorge Figueroa,2023-2024,David García,Luis Rioja,(4-2-3-1),(4-3-3),55%,45%,366 of 508 — 72%,71% — 296 of 418,4 of 15 — 27%,40% — 4 of 10,4 of 4 — 100%,75% — 3 of 4,2.0,0,1.0,0,15,11,5,5,20,27,622,552,17,11,5,8,26,15,19,34,0,2,3,8,32,20,100,84
28.0,Fri,2024-03-08,21:00,Barcelona,Mallorca,2.0,0.6,1–0,38225.0,Javier Villanueva,2023-2024,Marc-André ter Stegen,Antonio Raillo,(4-3-3),(5-3-2),63%,37%,564 of 649 — 87%,75% — 281 of 375,5 of 19 — 26%,33% — 3 of 9,3 of 3 — 100%,80% — 4 of 5,1.0,0,1.0,0,10,14,4,1,14,22,776,501,13,30,13,17,17,20,22,21,2,6,7,5,19,7,51,60
28.0,Sat,2024-03-09,14:00,Valencia,Getafe,0.8,1.3,1–0,37961.0,Juan Pulido,2023-2024,José Luis Gayà,Djené,(4-4-2),(4-4-2),51%,49%,323 of 444 — 73%,69% — 296 of 427,3 of 10 — 30%,33% — 5 of 15,5 of 5 — 100%,66% — 2 of 3,2.0,0,3.0,0,10,19,5,5,17,33,577,560,14,18,3,12,13,31,39,15,2,2,10,9,23,25,76,110
28.0,Sat,2024-03-09,16:15,Cádiz,Atlético Madrid,1.1,0.9,2–0,15917.0,Pablo González,2023-2024,Jeremías Ledesma,Koke,(4-4-2),(5-3-2),40%,60%,295 of 406 — 73%,81% — 493 of 612,3 of 7 — 43%,50% — 4 of 8,4 of 4 — 100%,33% — 1 of 3,4.0,0,5.0,0,20,15,3,1,15,25,534,722,25,17,5,10,17,13,23,14,4,1,6,4,13,19,80,64
28.0,Sat,2024-03-09,18:30,Granada,Real Sociedad,1.7,2.1,2–3,9214.0,Juan Martínez,2023-2024,Carlos Neva,Mikel Oyarzabal,(4-4-2),(4-1-4-1),37%,63%,193 of 305 — 63%,80% — 421 of 529,5 of 12 — 42%,73% — 8 of 11,5 of 8 — 62%,80% — 4 of 5,1.0,0,2.0,0,17,11,4,6,13,24,419,647,18,14,6,7,17,32,22,23,1,6,6,5,20,23,95,73
28.0,Sat,2024-03-09,21:00,Girona,Osasuna,1.9,0.2,2–0,11598.0,Mateo Busquets,2023-2024,Aleix García,Unai García,(3-4-3),(3-5-1-1),60%,40%,520 of 591 — 88%,80% — 315 of 393,6 of 11 — 55%,14% — 1 of 7,1 of 1 — 100%,66% — 4 of 6,3.0,0,3.0,0,10,16,5,7,14,26,689,480,15,19,11,7,4,9,21,12,6,2,10,3,20,15,56,58
28.0,Sun,2024-03-10,14:00,Alavés,Rayo Vallecano,0.6,0.6,1–0,16519.0,José Luis Munuera,2023-2024,Luis Rioja,Isaac Palazón Camacho,(4-2-3-1),(4-2-3-1),34%,66%,230 of 329 — 70%,83% — 519 of 625,4 of 12 — 33%,33% — 3 of 9,3 of 3 — 100%,75% — 3 of 4,2.0,0,2.0,0,13,10,7,5,17,21,424,720,12,13,7,6,11,15,21,13,2,4,8,12,23,13,83,71
28.0,Sun,2024-03-10,15:15,Las Palmas,Athletic Club,1.2,1.1,0–2,27316.0,Miguel Ángel Ortiz Arias,2023-2024,Kirian Rodríguez,Óscar de Marcos,(4-1-4-1),(4-2-3-1),70%,30%,585 of 697 — 84%,64% — 190 of 296,2 of 14 — 14%,29% — 2 of 7,1 of 2 — 50%,100% — 2 of 2,3.0,0,3.0,0,8,14,10,3,26,13,806,425,13,24,5,6,8,15,18,26,3,3,6,7,26,21,68,74
28.0,Sun,2024-03-10,18:30,Real Madrid,Celta Vigo,3.4,0.8,4–0,73644.0,Mario Melero,2023-2024,Nacho,Iago Aspas,(4-3-1-2),(5-3-2),62%,38%,604 of 674 — 90%,82% — 331 of 405,13 of 25 — 52%,9% — 1 of 11,1 of 1 — 100%,84% — 11 of 13,2.0,0,3.0,0,8,13,12,1,22,10,799,517,22,21,11,9,9,3,8,21,0,0,6,10,12,23,43,52
28.0,Sun,2024-03-10,21:00,Betis,Villarreal,1.0,1.4,2–3,47711.0,Alejandro Hernández,2023-2024,Nabil Fekir,Gerard Moreno,(4-2-3-1),(4-4-2),54%,46%,458 of 556 — 82%,83% — 400 of 480,4 of 13 — 31%,67% — 4 of 6,2 of 4 — 50%,50% — 2 of 4,4.5,0,5.5,0,12,17,11,4,33,12,659,598,18,15,11,11,13,12,16,27,0,2,3,8,18,18,75,46
28.0,Mon,2024-03-11,21:00,Almería,Sevilla,2.0,2.4,2–2,13095.0,Ricardo de Burgos,2023-2024,Adri Embarba,Jesús Navas,(4-2-3-1),(5-3-2),44%,56%,349 of 456 — 77%,79% — 464 of 590,4 of 14 — 29%,32% — 6 of 19,4 of 6 — 66%,50% — 2 of 4,2.0,0,1.0,0,6,11,1,8,14,21,583,697,7,17,6,13,22,20,30,18,2,2,7,11,27,19,68,110
29.0,Fri,2024-03-15,21:00,Real Sociedad,Cádiz,1.9,0.8,2–0,31000.0,César Soto,2023-2024,Mikel Oyarzabal,Jeremías Ledesma,(4-3-3),(4-4-2),63%,37%,493 of 621 — 79%,67% — 239 of 359,6 of 14 — 43%,15% — 2 of 13,2 of 2 — 100%,66% — 4 of 6,3.0,0,1.0,0,15,6,8,2,15,9,722,473,15,14,5,4,36,15,9,18,1,5,6,9,24,12,85,79
29.0,Sat,2024-03-16,14:00,Mallorca,Granada,1.6,0.4,1–0,16477.0,Ricardo de Burgos,2023-2024,Antonio Raillo,Carlos Neva,(5-3-2),(4-4-2),52%,48%,326 of 450 — 72%,76% — 316 of 418,8 of 18 — 44%,38% — 3 of 8,3 of 3 — 100%,87% — 7 of 8,2.0,0,0.0,0,17,9,10,2,28,11,564,543,14,18,10,8,29,16,13,30,3,0,4,10,32,19,81,67
29.0,Sat,2024-03-16,16:15,Osasuna,Real Madrid,0.7,2.9,2–4,22430.0,Juan Martínez,2023-2024,Unai García,Dani Carvajal,(3-5-2),(4-3-3),36%,64%,269 of 355 — 76%,85% — 529 of 619,4 of 10 — 40%,53% — 9 of 17,5 of 9 — 55%,50% — 2 of 4,3.0,0,2.0,0,18,8,5,7,22,7,467,729,16,19,3,2,11,13,16,17,1,3,7,10,14,25,69,66
29.0,Sat,2024-03-16,18:30,Getafe,Girona,1.2,1.8,1–0,12912.0,José Luis Munuera,2023-2024,Djené,Juanpe,(4-1-4-1),(4-2-3-1),41%,59%,265 of 368 — 72%,80% — 419 of 522,3 of 11 — 27%,23% — 3 of 13,3 of 3 — 100%,66% — 2 of 3,4.0,0,4.0,0,16,13,2,5,9,23,476,613,21,16,6,4,11,16,22,13,1,2,11,7,19,22,76,61
29.0,Sat,2024-03-16,21:00,Athletic Club,Alavés,1.7,1.3,2–0,48257.0,Alejandro Muñíz,2023-2024,Óscar de Marcos,Luis Rioja,(4-2-3-1),(4-2-3-1),59%,41%,501 of 606 — 83%,70% — 291 of 415,4 of 16 — 25%,33% — 2 of 6,2 of 2 — 100%,50% — 2 of 4,1.0,0,3.0,0,7,13,5,4,18,15,719,518,11,21,5,7,17,8,9,16,6,2,3,10,17,16,53,77
29.0,Sun,2024-03-17,14:00,Sevilla,Celta Vigo,1.7,1.6,1–2,36544.0,Francisco Hernández,2023-2024,Jesús Navas,Iago Aspas,(5-3-2),(3-4-3),36%,64%,306 of 390 — 78%,88% — 615 of 698,4 of 11 — 36%,28% — 5 of 18,3 of 5 — 60%,75% — 3 of 4,4.0,0,0.0,0,13,6,3,8,10,17,498,805,14,14,3,5,15,7,25,17,1,3,9,10,21,21,68,48
29.0,Sun,2024-03-17,15:15,Las Palmas,Almería,0.9,0.8,0–1,22865.0,Víctor García,2023-2024,Kirian Rodríguez,Lucas Robertone,(4-5-1),(4-2-3-1),65%,35%,548 of 664 — 83%,69% — 243 of 353,6 of 21 — 29%,67% — 2 of 3,1 of 2 — 50%,100% — 6 of 6,2.0,0,2.0,0,8,17,11,3,33,10,758,469,11,13,4,14,16,17,14,31,3,3,0,16,22,14,49,73
29.0,Sun,2024-03-17,16:15,Villarreal,Valencia,2.0,1.1,1–0,20647.0,Jorge Figueroa,2023-2024,Francis Coquelin,José Luis Gayà,(4-4-2),(4-4-2),52%,48%,412 of 513 — 80%,74% — 345 of 466,6 of 12 — 50%,50% — 7 of 14,7 of 7 — 100%,83% — 5 of 6,5.0,0,1.0,0,12,12,5,2,14,18,610,567,10,22,7,12,21,10,16,11,1,2,6,7,19,23,67,78
29.0,Sun,2024-03-17,18:30,Rayo Vallecano,Betis,0.7,0.8,2–0,13264.0,Juan Pulido,2023-2024,Óscar Valentín,Nabil Fekir,(4-2-3-1),(4-2-3-1),39%,61%,208 of 329 — 63%,73% — 380 of 523,4 of 8 — 50%,9% — 1 of 11,1 of 1 — 100%,50% — 2 of 4,4.0,0,4.0,0,22,16,4,8,16,19,482,629,31,21,14,8,7,15,31,20,2,2,9,2,23,38,83,88
29.0,Sun,2024-03-17,21:00,Atlético Madrid,Barcelona,0.8,1.5,0–3,68253.0,José Sánchez,2023-2024,Jan Oblak,Sergi Roberto,(3-4-3),(4-3-3),41%,59%,305 of 400 — 76%,86% — 489 of 570,3 of 13 — 23%,56% — 5 of 9,2 of 5 — 40%,100% — 3 of 3,3.0,1,1.0,0,15,9,7,3,20,13,497,683,14,14,7,6,7,11,14,28,8,0,8,12,14,19,59,60
30.0,Fri,2024-03-29,21:00,Cádiz,Granada,1.6,0.5,1–0,15422.0,Guillermo Cuadra,2023-2024,Jeremías Ledesma,Carlos Neva,(4-4-2),(5-4-1),59%,41%,409 of 525 — 78%,68% — 250 of 366,5 of 13 — 38%,20% — 2 of 10,2 of 2 — 100%,80% — 4 of 5,2.0,0,4.0,0,17,14,5,2,21,14,661,498,25,24,14,6,14,6,18,16,2,1,9,11,24,19,85,81
30.0,Sat,2024-03-30,14:00,Getafe,Sevilla,1.6,0.8,0–1,10139.0,Javier Villanueva,2023-2024,Djené,Sergio Ramos,(4-1-4-1),(5-3-2),66%,34%,499 of 629 — 79%,63% — 202 of 323,5 of 18 — 28%,30% — 3 of 10,2 of 3 — 66%,100% — 5 of 5,4.0,0,5.0,0,11,15,6,3,20,13,742,466,22,22,3,10,15,18,16,29,4,2,8,9,26,25,90,90
30.0,Sat,2024-03-30,16:15,Almería,Osasuna,0.8,1.0,0–3,10565.0,Pablo González,2023-2024,Lucas Robertone,Sergio Herrera,(4-3-3),(4-4-2),51%,49%,382 of 471 — 81%,75% — 342 of 454,5 of 12 — 42%,67% — 4 of 6,1 of 4 — 25%,100% — 5 of 5,3.0,0,2.0,0,13,15,6,1,23,11,583,534,13,9,17,4,14,25,14,16,2,2,6,13,21,24,67,94
30.0,Sat,2024-03-30,18:30,Valencia,Mallorca,1.5,0.9,0–0,42567.0,Miguel Ángel Ortiz Arias,2023-2024,Thierry Correia,Jaume Costa,(4-4-2),(5-3-2),53%,47%,424 of 538 — 79%,77% — 361 of 469,4 of 14 — 29%,27% — 3 of 11,3 of 3 — 100%,100% — 4 of 4,0.0,0,2.0,0,8,11,3,3,17,20,651,590,10,21,14,9,17,21,18,24,0,1,6,9,33,16,63,79
30.0,Sat,2024-03-30,21:00,Barcelona,Las Palmas,1.7,0.3,1–0,46788.0,Mateo Busquets,2023-2024,Sergi Roberto,Kirian Rodríguez,(4-3-3),(4-5-1),69%,31%,670 of 770 — 87%,71% — 252 of 353,2 of 14 — 14%,0% — 0 of 8,0 of 0 — %,50% — 1 of 2,5.0,0,1.0,1,11,9,6,1,17,11,867,462,16,24,6,8,5,7,10,16,8,4,5,9,22,20,53,58
30.0,Sun,2024-03-31,14:00,Celta Vigo,Rayo Vallecano,0.8,0.6,0–0,21505.0,Alejandro Hernández,2023-2024,Iago Aspas,Óscar Valentín,(3-4-3),(4-2-3-1),61%,39%,526 of 625 — 84%,77% — 312 of 406,0 of 13 — 0%,25% — 2 of 8,2 of 2 — 100%,% — 0 of 0,3.0,0,3.0,0,12,16,3,2,23,14,713,509,15,18,6,10,16,14,15,24,1,1,7,8,24,19,70,55
30.0,Sun,2024-03-31,16:15,Girona,Betis,2.6,0.5,3–2,12774.0,Jesús Gil,2023-2024,Aleix García,Nabil Fekir,(3-4-3),(4-1-4-1),57%,43%,532 of 624 — 85%,81% — 378 of 467,4 of 8 — 50%,57% — 4 of 7,2 of 4 — 50%,50% — 2 of 4,3.0,0,4.0,0,13,14,5,4,17,12,714,567,11,20,5,12,10,9,16,21,3,2,4,5,27,15,50,61
30.0,Sun,2024-03-31,18:30,Alavés,Real Sociedad,0.3,0.9,0–1,18575.0,Francisco Hernández,2023-2024,Luis Rioja,Mikel Oyarzabal,(4-2-3-1),(4-3-3),41%,59%,246 of 366 — 67%,76% — 398 of 521,0 of 3 — 0%,25% — 3 of 12,2 of 3 — 66%,% — 0 of 0,2.0,0,2.0,0,10,15,3,8,12,18,466,615,16,15,9,6,18,31,19,24,3,3,10,7,25,25,99,67
30.0,Sun,2024-03-31,21:00,Real Madrid,Athletic Club,1.1,0.3,2–0,72991.0,Javier Alberola,2023-2024,Nacho,Óscar de Marcos,(4-2-2-2),(4-2-3-1),58%,42%,600 of 681 — 88%,81% — 391 of 485,4 of 9 — 44%,43% — 3 of 7,3 of 3 — 100%,50% — 2 of 4,2.0,0,1.0,0,9,13,4,7,10,22,773,572,9,24,11,12,8,2,20,10,1,0,8,6,16,15,57,40
30.0,Mon,2024-04-01,21:00,Villarreal,Atlético Madrid,0.8,1.3,1–2,19679.0,Mario Melero,2023-2024,Raúl Albiol,Koke,(4-3-3),(5-3-2),52%,48%,474 of 561 — 84%,83% — 425 of 509,2 of 11 — 18%,57% — 8 of 14,6 of 8 — 75%,50% — 1 of 2,3.0,0,3.0,0,14,22,3,3,18,12,667,621,18,22,10,14,8,8,8,17,1,0,7,10,24,13,60,56
26.0,Thu,2024-04-04,20:00,Granada,Valencia,0.6,0.4,0–1,15107.0,Alejandro Hernández,2023-2024,Carlos Neva,Thierry Correia,(4-4-2),(4-4-2),57%,43%,353 of 486 — 73%,68% — 245 of 362,3 of 13 — 23%,33% — 2 of 6,1 of 2 — 50%,100% — 3 of 3,3.0,0,1.0,0,20,15,5,4,21,12,585,479,11,9,1,9,23,19,22,41,2,0,4,9,29,22,104,86
31.0,Fri,2024-04-12,21:00,Betis,Celta Vigo,1.2,1.6,2–1,48938.0,Juan Martínez,2023-2024,Germán Pezzella,Iago Aspas,(4-2-3-1),(3-4-3),47%,53%,463 of 550 — 84%,84% — 528 of 625,3 of 15 — 20%,42% — 5 of 12,4 of 5 — 80%,33% — 1 of 3,1.0,0,0.0,0,7,10,6,5,17,15,674,736,21,18,13,4,14,9,22,15,1,1,8,9,17,24,61,53
31.0,Sat,2024-04-13,14:00,Atlético Madrid,Girona,2.3,2.4,3–1,64214.0,Ricardo de Burgos,2023-2024,Koke,Aleix García,(4-4-2),(4-5-1),41%,59%,378 of 461 — 82%,89% — 591 of 661,3 of 16 — 19%,42% — 5 of 12,4 of 5 — 80%,33% — 1 of 3,3.0,0,2.0,0,18,12,2,0,14,13,555,761,20,12,3,6,4,9,12,15,3,0,12,8,11,16,58,59
31.0,Sat,2024-04-13,16:15,Rayo Vallecano,Getafe,1.0,0.3,0–0,12868.0,Jorge Figueroa,2023-2024,Óscar Valentín,Djené,(4-4-2),(4-4-1-1),63%,37%,370 of 489 — 76%,60% — 169 of 282,2 of 12 — 17%,0% — 0 of 7,0 of 0 — %,100% — 2 of 2,4.0,0,6.0,0,17,19,3,0,24,6,582,379,16,19,2,7,24,16,12,26,4,2,9,10,20,12,85,91
31.0,Sat,2024-04-13,18:30,Mallorca,Real Madrid,0.6,1.5,0–1,23244.0,José Sánchez,2023-2024,Antonio Raillo,Nacho,(5-4-1),(4-2-3-1),44%,56%,367 of 467 — 79%,85% — 505 of 593,2 of 6 — 33%,50% — 8 of 16,7 of 8 — 87%,100% — 2 of 2,2.0,0,1.0,0,18,7,4,2,25,11,560,705,20,10,12,4,9,17,14,23,1,1,5,4,21,17,76,50
31.0,Sat,2024-04-13,21:00,Cádiz,Barcelona,1.0,0.9,0–1,19607.0,Juan Pulido,2023-2024,Jeremías Ledesma,Sergi Roberto,(4-4-2),(4-3-3),38%,62%,271 of 379 — 72%,83% — 505 of 609,3 of 14 — 21%,8% — 1 of 12,0 of 1 — 0%,100% — 3 of 3,3.0,0,3.0,0,17,15,8,4,25,15,487,716,21,14,8,4,16,8,22,21,5,2,8,12,20,22,84,78
31.0,Sun,2024-04-14,13:00,Las Palmas,Sevilla,0.1,2.1,0–2,23698.0,Alejandro Muñíz,2023-2024,Kirian Rodríguez,Sergio Ramos,(4-5-1),(5-3-2),63%,37%,579 of 666 — 87%,83% — 327 of 395,2 of 5 — 40%,30% — 3 of 10,1 of 3 — 33%,100% — 2 of 2,3.0,1,3.0,0,8,13,6,2,20,20,728,491,8,15,4,8,2,6,6,31,2,2,9,5,31,16,47,60
31.0,Sun,2024-04-14,16:15,Granada,Alavés,1.3,0.3,2–0,13398.0,Víctor García,2023-2024,Carlos Neva,Rubén Duarte,(4-4-2),(4-2-3-1),38%,62%,197 of 302 — 65%,75% — 366 of 489,2 of 8 — 25%,38% — 3 of 8,3 of 3 — 100%,50% — 1 of 2,3.0,0,2.0,0,16,11,1,5,8,25,431,583,19,12,16,6,17,21,23,13,2,4,10,7,17,36,89,92
31.0,Sun,2024-04-14,18:30,Athletic Club,Villarreal,0.7,2.1,1–1,50061.0,Guillermo Cuadra,2023-2024,Óscar de Marcos,Raúl Albiol,(4-2-3-1),(4-4-2),53%,47%,449 of 542 — 83%,80% — 390 of 490,6 of 13 — 46%,13% — 1 of 8,1 of 1 — 100%,83% — 5 of 6,3.0,0,4.5,0,13,12,3,1,25,11,646,598,11,15,13,13,5,8,12,23,1,2,5,9,19,15,54,70
31.0,Sun,2024-04-14,21:00,Real Sociedad,Almería,1.5,1.6,2–2,26520.0,Isidro Díaz de Mera,2023-2024,Mikel Oyarzabal,Lucas Robertone,(4-4-2),(4-2-3-1),50%,50%,359 of 468 — 77%,80% — 378 of 473,4 of 17 — 24%,33% — 2 of 6,1 of 2 — 50%,50% — 2 of 4,2.0,1,2.0,0,16,8,5,1,31,6,563,584,17,13,4,4,12,16,14,29,2,1,4,15,25,24,72,70
31.0,Mon,2024-04-15,21:00,Osasuna,Valencia,1.9,0.2,0–1,19480.0,José Luis Munuera,2023-2024,David García,Giorgi Mamardashvili,(4-4-2),(4-4-2),65%,35%,533 of 676 — 79%,66% — 238 of 359,1 of 12 — 8%,75% — 3 of 4,2 of 3 — 66%,100% — 1 of 1,0.0,0,2.0,0,10,10,4,1,37,6,754,492,11,15,4,8,26,18,9,39,5,0,5,15,35,15,91,70
32.0,Fri,2024-04-19,21:00,Athletic Club,Granada,1.5,0.2,1–1,45917.0,Javier Villanueva,2023-2024,Óscar de Marcos,Antonio Puertas,(4-2-3-1),(4-4-2),67%,33%,545 of 670 — 81%,68% — 222 of 327,5 of 17 — 29%,0% — 0 of 5,0 of 0 — %,80% — 4 of 5,4.0,0,2.0,0,11,15,11,4,34,17,780,467,13,25,7,18,19,16,12,33,1,1,8,11,32,14,66,82
32.0,Sat,2024-04-20,14:00,Celta Vigo,Las Palmas,4.0,1.0,4–1,21256.0,Francisco Hernández,2023-2024,Iago Aspas,Kirian Rodríguez,(3-4-3),(4-5-1),32%,68%,310 of 386 — 80%,90% — 722 of 803,13 of 21 — 62%,44% — 4 of 9,3 of 4 — 75%,69% — 9 of 13,1.0,0,0.0,0,10,9,8,4,13,11,495,905,24,19,7,5,12,6,11,18,6,1,7,9,19,18,55,40
32.0,Sat,2024-04-20,16:15,Rayo Vallecano,Osasuna,0.5,0.5,2–1,12617.0,Mario Melero,2023-2024,Óscar Valentín,David García,(4-4-2),(4-3-3),64%,36%,462 of 596 — 78%,61% — 210 of 342,6 of 17 — 35%,33% — 2 of 6,1 of 2 — 50%,66% — 4 of 6,4.0,0,1.0,0,9,15,5,1,25,10,704,454,23,18,11,9,24,14,13,26,3,3,5,14,31,24,81,99
32.0,Sat,2024-04-20,18:30,Valencia,Betis,1.1,1.3,1–2,46371.0,Mateo Busquets,2023-2024,Thierry Correia,Germán Pezzella,(4-4-2),(4-2-3-1),54%,46%,390 of 502 — 78%,75% — 317 of 421,4 of 7 — 57%,50% — 6 of 12,4 of 6 — 66%,100% — 4 of 4,2.0,0,3.0,0,18,10,7,6,29,11,617,531,20,15,8,12,18,18,9,28,5,2,5,6,28,18,78,78
32.0,Sat,2024-04-20,21:00,Girona,Cádiz,2.1,1.6,4–1,12665.0,Javier Alberola,2023-2024,Aleix García,Jeremías Ledesma,(4-2-3-1),(4-4-2),57%,43%,527 of 595 — 89%,81% — 363 of 449,5 of 10 — 50%,42% — 5 of 12,4 of 5 — 80%,20% — 1 of 5,1.0,0,2.0,0,11,14,2,4,20,25,707,529,9,20,8,10,14,7,27,15,3,1,7,7,14,17,59,58
32.0,Sun,2024-04-21,14:00,Getafe,Real Sociedad,0.5,1.2,1–1,12228.0,Víctor García,2023-2024,Djené,Mikel Oyarzabal,(4-2-3-1),(4-3-3),41%,59%,230 of 342 — 67%,76% — 378 of 497,2 of 6 — 33%,43% — 3 of 7,2 of 3 — 66%,50% — 1 of 2,0.0,0,2.0,0,12,18,0,4,11,11,445,585,19,22,8,3,22,19,12,17,6,2,8,7,25,26,106,75
32.0,Sun,2024-04-21,16:15,Almería,Villarreal,1.8,1.6,1–2,10601.0,Miguel Ángel Ortiz Arias,2023-2024,Lucas Robertone,Gerard Moreno,(4-2-3-1),(4-4-2),57%,43%,475 of 551 — 86%,83% — 345 of 415,5 of 24 — 21%,27% — 3 of 11,1 of 3 — 33%,80% — 4 of 5,4.5,0,4.0,0,10,16,5,2,23,10,644,517,9,10,5,8,9,11,13,19,1,2,9,20,19,11,77,45
32.0,Sun,2024-04-21,18:30,Alavés,Atlético Madrid,0.4,0.9,2–0,18719.0,Jesús Gil,2023-2024,Carlos Benavídez,Koke,(4-2-3-1),(3-5-2),32%,68%,178 of 270 — 66%,82% — 477 of 585,3 of 8 — 38%,27% — 4 of 15,4 of 4 — 100%,33% — 1 of 3,5.0,0,3.0,0,20,12,1,11,18,29,392,685,13,16,9,2,12,14,35,20,0,1,7,6,18,24,71,76
32.0,Sun,2024-04-21,21:00,Real Madrid,Barcelona,2.3,1.4,3–2,77981.0,César Soto,2023-2024,Luka Modrić,Marc-André ter Stegen,(4-1-2-1-2),(4-3-3),47%,53%,441 of 505 — 87%,88% — 506 of 575,7 of 13 — 54%,40% — 6 of 15,4 of 6 — 66%,71% — 5 of 7,3.0,0,2.0,0,11,12,2,8,9,18,602,676,19,15,5,11,4,6,18,14,1,2,10,6,17,18,55,49
32.0,Mon,2024-04-22,21:00,Sevilla,Mallorca,1.1,0.7,2–1,35203.0,Alejandro Hernández,2023-2024,Jesús Navas,Antonio Raillo,(5-3-2),(5-4-1),54%,46%,466 of 562 — 83%,78% — 381 of 487,4 of 11 — 36%,63% — 5 of 8,4 of 5 — 80%,50% — 2 of 4,0.0,0,2.0,0,10,8,4,4,20,18,654,563,16,9,5,10,23,19,16,20,1,5,3,12,16,19,70,76
33.0,Fri,2024-04-26,21:00,Real Sociedad,Real Madrid,0.6,0.4,0–1,37109.0,José Luis Munuera,2023-2024,Mikel Oyarzabal,Nacho,(4-1-4-1),(4-2-3-1),56%,44%,479 of 575 — 83%,81% — 370 of 455,3 of 9 — 33%,60% — 3 of 5,2 of 3 — 66%,100% — 3 of 3,3.0,0,4.0,0,13,11,11,3,28,6,669,543,14,14,7,6,15,24,6,27,2,4,0,10,23,20,56,63
33.0,Sat,2024-04-27,13:00,Las Palmas,Girona,1.6,1.9,0–2,18734.0,Jorge Figueroa,2023-2024,Kirian Rodríguez,Aleix García,(4-5-1),(4-2-3-1),61%,39%,540 of 658 — 82%,77% — 321 of 419,4 of 9 — 44%,25% — 1 of 4,0 of 1 — 0%,100% — 4 of 4,2.0,0,3.0,0,12,10,4,2,19,11,745,530,16,19,11,9,7,9,10,11,3,3,7,7,37,18,64,55
33.0,Sat,2024-04-27,16:15,Almería,Getafe,2.4,1.7,1–3,7874.0,Guillermo Cuadra,2023-2024,Lucas Robertone,Djené,(4-2-3-1),(4-2-3-1),56%,44%,337 of 436 — 77%,71% — 244 of 344,10 of 21 — 48%,63% — 5 of 8,2 of 5 — 40%,90% — 9 of 10,6.5,0,4.0,0,15,31,9,2,30,10,537,449,12,15,8,9,15,9,10,25,2,1,3,11,23,13,57,80
33.0,Sat,2024-04-27,18:30,Alavés,Celta Vigo,2.3,0.2,3–0,18039.0,Juan Pulido,2023-2024,Rubén Duarte,Iago Aspas,(4-2-3-1),(3-4-3),38%,62%,227 of 335 — 68%,84% — 471 of 558,8 of 16 — 50%,0% — 0 of 4,0 of 0 — %,62% — 5 of 8,3.0,0,3.0,0,10,9,8,3,31,9,439,667,15,15,12,5,10,10,16,21,1,0,9,11,28,28,75,57
33.0,Sat,2024-04-27,21:00,Atlético Madrid,Athletic Club,0.8,1.0,3–1,64612.0,Juan Martínez,2023-2024,Koke,Iñaki Williams,(3-5-2),(4-2-3-1),42%,58%,374 of 478 — 78%,86% — 555 of 647,3 of 8 — 38%,14% — 1 of 7,0 of 1 — 0%,33% — 1 of 3,3.0,0,2.0,0,16,15,3,5,11,31,568,743,15,13,7,11,13,9,28,11,1,0,7,4,16,18,66,56
33.0,Sun,2024-04-28,14:00,Cádiz,Mallorca,0.4,0.9,1–1,18174.0,Isidro Díaz de Mera,2023-2024,Jeremías Ledesma,Antonio Raillo,(4-4-2),(5-4-1),58%,42%,394 of 526 — 75%,68% — 262 of 386,2 of 10 — 20%,22% — 2 of 9,1 of 2 — 50%,100% — 2 of 2,3.0,0,2.0,0,14,21,3,1,28,7,632,521,21,25,11,11,23,30,11,34,0,2,6,10,28,28,76,98
33.0,Sun,2024-04-28,16:15,Granada,Osasuna,2.6,0.8,3–0,13825.0,Alejandro Muñíz,2023-2024,Carlos Neva,Sergio Herrera,(4-4-2),(4-3-3),38%,62%,281 of 383 — 73%,81% — 497 of 615,4 of 12 — 33%,18% — 2 of 11,2 of 2 — 100%,25% — 1 of 4,4.0,0,0.0,0,17,5,0,6,8,24,494,713,15,15,9,3,18,19,19,7,5,0,7,9,22,16,67,88
33.0,Sun,2024-04-28,18:30,Villarreal,Rayo Vallecano,1.4,1.0,3–0,17869.0,Pablo González,2023-2024,Raúl Albiol,Isaac Palazón Camacho,(4-4-2),(4-2-3-1),46%,54%,371 of 445 — 83%,84% — 450 of 533,7 of 15 — 47%,20% — 4 of 20,4 of 4 — 100%,57% — 4 of 7,2.0,0,1.0,0,15,8,3,6,13,19,543,639,20,16,5,7,5,3,15,12,2,3,12,8,13,17,60,56
33.0,Sun,2024-04-28,21:00,Betis,Sevilla,1.8,1.4,1–1,55770.0,José Sánchez,2023-2024,Germán Pezzella,Jesús Navas,(4-2-3-1),(4-4-2),50%,50%,350 of 431 — 81%,80% — 338 of 424,3 of 14 — 21%,10% — 1 of 10,0 of 1 — 0%,100% — 3 of 3,3.0,0,5.0,0,9,20,4,6,14,14,535,526,18,22,4,8,18,17,19,17,2,2,6,7,13,17,48,66
33.0,Mon,2024-04-29,21:00,Barcelona,Valencia,2.2,2.1,4–2,30167.0,Ricardo de Burgos,2023-2024,Marc-André ter Stegen,Thierry Correia,(4-3-3),(4-4-2),80%,20%,713 of 800 — 89%,59% — 121 of 206,13 of 27 — 48%,50% — 2 of 4,1 of 2 — 50%,69% — 9 of 13,1.0,0,0.0,1,12,5,15,1,29,6,913,326,10,17,7,9,12,6,4,28,2,2,1,11,20,12,69,60
34.0,Fri,2024-05-03,21:00,Getafe,Athletic Club,4.5,0.6,0–2,12149.0,Jesús Gil,2023-2024,Djené,Óscar de Marcos,(4-2-3-1),(4-2-3-1),64%,36%,469 of 601 — 78%,69% — 231 of 335,8 of 33 — 24%,29% — 2 of 7,0 of 2 — 0%,100% — 8 of 8,0.0,0,3.5,1,6,9,10,6,33,9,721,471,26,8,5,5,21,15,14,38,4,0,5,13,31,15,110,79
34.0,Sat,2024-05-04,14:00,Real Sociedad,Las Palmas,0.6,0.5,2–0,29330.0,Miguel Ángel Ortiz Arias,2023-2024,Mikel Oyarzabal,Kirian Rodríguez,(4-1-4-1),(4-4-2),52%,48%,435 of 514 — 85%,83% — 397 of 477,4 of 9 — 44%,14% — 1 of 7,1 of 1 — 100%,75% — 3 of 4,2.0,0,1.0,0,12,11,7,2,11,8,606,565,12,16,5,12,11,7,17,9,3,3,4,5,20,21,65,43
34.0,Sat,2024-05-04,16:15,Real Madrid,Cádiz,2.3,0.9,3–0,72654.0,Javier Villanueva,2023-2024,Nacho,Jeremías Ledesma,(4-3-3),(4-5-1),70%,30%,756 of 838 — 90%,77% — 274 of 355,9 of 19 — 47%,29% — 2 of 7,2 of 2 — 100%,66% — 6 of 9,0.0,0,1.0,0,6,12,7,4,30,17,943,474,14,25,6,9,6,10,12,27,2,1,4,9,14,20,47,54
34.0,Sat,2024-05-04,18:30,Girona,Barcelona,1.8,2.6,4–2,14090.0,Alejandro Hernández,2023-2024,Aleix García,Sergi Roberto,(4-2-3-1),(4-3-3),40%,60%,341 of 416 — 82%,87% — 542 of 621,6 of 9 — 67%,40% — 6 of 15,5 of 6 — 83%,33% — 2 of 6,0.0,0,3.0,0,11,8,5,4,8,12,509,711,13,21,6,7,3,6,15,4,4,2,12,5,15,20,51,61
34.0,Sat,2024-05-04,21:00,Mallorca,Atlético Madrid,0.2,0.7,0–1,20519.0,Javier Alberola,2023-2024,Antonio Raillo,Koke,(5-3-2),(3-4-3),59%,41%,476 of 586 — 81%,76% — 309 of 406,4 of 7 — 57%,44% — 4 of 9,3 of 4 — 75%,100% — 4 of 4,2.0,0,0.0,0,12,7,6,2,32,8,658,512,8,18,8,7,13,13,14,28,2,0,9,9,17,19,70,68
34.0,Sun,2024-05-05,14:00,Osasuna,Betis,0.8,1.1,0–2,18300.0,Víctor García,2023-2024,Sergio Herrera,Nabil Fekir,(4-5-1),(4-2-3-1),42%,58%,293 of 403 — 73%,82% — 462 of 566,2 of 12 — 17%,40% — 4 of 10,2 of 4 — 50%,100% — 2 of 2,2.0,1,2.0,0,13,13,8,5,30,12,499,662,8,14,8,11,18,16,15,26,1,4,9,12,22,16,79,63
34.0,Sun,2024-05-05,16:15,Celta Vigo,Villarreal,3.9,0.6,3–2,19548.0,César Soto,2023-2024,Iago Aspas,Raúl Albiol,(3-4-3),(4-4-2),53%,47%,581 of 631 — 92%,87% — 475 of 549,6 of 22 — 27%,27% — 3 of 11,1 of 3 — 33%,66% — 4 of 6,4.0,0,0.0,1,11,5,2,1,21,10,725,617,17,11,7,4,6,6,9,9,0,1,7,15,7,11,35,64
34.0,Sun,2024-05-05,18:30,Valencia,Alavés,0.9,0.8,0–1,44643.0,Mario Melero,2023-2024,Jaume Doménech,Carlos Benavídez,(4-4-2),(4-2-3-1),58%,42%,371 of 483 — 77%,69% — 241 of 350,1 of 13 — 8%,29% — 4 of 14,3 of 4 — 75%,100% — 1 of 1,1.0,0,3.0,0,9,17,5,7,25,22,605,468,13,24,10,10,18,16,20,24,2,0,6,11,28,14,73,91
34.0,Sun,2024-05-05,21:00,Sevilla,Granada,1.7,0.4,3–0,32658.0,Mateo Busquets,2023-2024,Jesús Navas,Carlos Neva,(3-4-3),(4-4-2),60%,40%,477 of 588 — 81%,73% — 286 of 393,5 of 11 — 45%,38% — 3 of 8,3 of 3 — 100%,40% — 2 of 5,2.0,0,2.0,0,15,13,5,4,24,21,688,494,14,16,11,9,22,14,19,22,1,2,10,6,22,18,77,70
34.0,Sun,2024-05-05,21:00,Rayo Vallecano,Almería,1.4,0.4,0–1,10864.0,Francisco Hernández,2023-2024,Óscar Valentín,Adri Embarba,(4-4-2),(4-2-3-1),68%,32%,553 of 677 — 82%,68% — 222 of 325,10 of 27 — 37%,29% — 2 of 7,1 of 2 — 50%,100% — 10 of 10,3.0,0,2.0,0,17,15,9,2,39,8,792,476,18,23,7,16,15,12,7,51,3,1,10,13,31,16,71,81
35.0,Fri,2024-05-10,21:00,Alavés,Girona,1.7,1.7,2–2,17906.0,José Luis Munuera,2023-2024,Carlos Benavídez,Arnau Martinez,(4-2-3-1),(4-2-3-1),36%,64%,267 of 339 — 79%,88% — 541 of 613,8 of 14 — 57%,33% — 5 of 15,3 of 5 — 60%,75% — 6 of 8,3.0,0,2.0,0,13,6,5,3,25,10,443,697,18,13,6,5,15,8,10,19,0,3,12,11,14,10,63,53
35.0,Sat,2024-05-11,14:00,Mallorca,Las Palmas,0.3,0.4,1–0,16050.0,Juan Martínez,2023-2024,Antonio Raillo,Kirian Rodríguez,(5-3-2),(4-5-1),44%,56%,298 of 386 — 77%,84% — 414 of 494,2 of 7 — 29%,14% — 1 of 7,1 of 1 — 100%,50% — 1 of 2,6.0,0,2.0,0,18,10,2,2,15,13,480,595,23,19,10,5,17,18,19,14,2,3,7,7,22,23,84,43
35.0,Sat,2024-05-11,16:15,Villarreal,Sevilla,3.1,1.7,3–2,16862.0,Isidro Díaz de Mera,2023-2024,Daniel Parejo,Jesús Navas,(4-4-2),(5-3-2),59%,41%,475 of 573 — 83%,77% — 304 of 393,7 of 25 — 28%,43% — 3 of 7,2 of 3 — 66%,57% — 4 of 7,3.0,0,5.0,0,12,14,10,1,38,16,665,507,9,19,6,8,12,11,8,34,6,1,5,16,16,10,58,69
35.0,Sat,2024-05-11,18:30,Granada,Real Madrid,1.0,1.5,0–4,20058.0,Pablo González,2023-2024,Carlos Neva,Luka Modrić,(4-4-2),(4-3-3),42%,58%,342 of 420 — 81%,86% — 493 of 572,1 of 12 — 8%,54% — 7 of 13,3 of 7 — 42%,100% — 1 of 1,2.0,0,0.0,0,11,10,8,5,25,14,519,669,14,14,14,8,4,6,11,20,3,0,5,12,20,16,59,43
35.0,Sat,2024-05-11,21:00,Athletic Club,Osasuna,1.4,1.0,2–2,45273.0,José Sánchez,2023-2024,Iker Muniain,Sergio Herrera,(4-2-3-1),(4-1-4-1),67%,33%,557 of 669 — 83%,72% — 239 of 333,6 of 15 — 40%,23% — 3 of 13,1 of 3 — 33%,66% — 4 of 6,2.0,0,4.0,0,9,14,8,6,37,18,777,470,16,21,3,13,14,15,12,40,3,2,7,6,19,11,58,75
35.0,Sun,2024-05-12,14:00,Cádiz,Getafe,1.5,0.5,1–0,16592.0,Ricardo de Burgos,2023-2024,Jeremías Ledesma,Djené,(4-4-2),(5-3-2),45%,55%,287 of 394 — 73%,79% — 383 of 483,5 of 12 — 42%,40% — 4 of 10,4 of 4 — 100%,100% — 5 of 5,5.0,0,2.0,0,23,16,6,2,19,15,499,606,16,23,5,6,11,15,22,26,2,1,8,7,20,21,89,88
35.0,Sun,2024-05-12,16:15,Atlético Madrid,Celta Vigo,1.4,0.4,1–0,63014.0,Jorge Figueroa,2023-2024,Koke,Iago Aspas,(3-4-3),(3-4-3),56%,44%,588 of 679 — 87%,82% — 444 of 539,8 of 21 — 38%,33% — 2 of 6,2 of 2 — 100%,87% — 7 of 8,1.0,0,1.0,0,7,9,4,7,14,16,782,633,19,10,4,11,5,2,18,24,4,0,5,11,18,13,68,44
35.0,Sun,2024-05-12,18:30,Valencia,Rayo Vallecano,1.3,0.6,0–0,42642.0,Juan Pulido,2023-2024,Thierry Correia,Óscar Valentín,(4-2-3-1),(4-2-3-1),51%,49%,306 of 433 — 71%,73% — 303 of 416,5 of 13 — 38%,8% — 1 of 12,1 of 1 — 100%,100% — 5 of 5,1.0,0,2.0,0,14,21,6,3,26,16,542,546,24,17,8,5,18,21,19,25,5,3,12,6,24,16,88,83
35.0,Sun,2024-05-12,21:00,Betis,Almería,0.8,1.2,3–2,48622.0,Alejandro Muñíz,2023-2024,Guido Rodríguez,Lucas Robertone,(4-2-3-1),(4-3-3),48%,52%,453 of 551 — 82%,85% — 509 of 598,7 of 14 — 50%,50% — 7 of 14,5 of 7 — 71%,57% — 4 of 7,0.0,0,2.0,0,9,10,3,5,13,18,673,725,27,22,13,13,10,12,16,14,2,1,7,3,27,17,64,59
35.0,Mon,2024-05-13,21:00,Barcelona,Real Sociedad,2.1,0.7,2–0,35829.0,Guillermo Cuadra,2023-2024,Marc-André ter Stegen,Mikel Oyarzabal,(4-3-3),(3-4-3),56%,44%,531 of 610 — 87%,84% — 399 of 473,4 of 13 — 31%,30% — 3 of 10,3 of 3 — 100%,75% — 3 of 4,2.0,0,3.0,0,12,14,6,2,11,9,694,562,15,18,7,4,14,9,13,14,1,2,6,7,13,16,55,51
36.0,Tue,2024-05-14,19:30,Osasuna,Mallorca,0.4,1.0,1–1,17852.0,Francisco Hernández,2023-2024,Rubén García,Antonio Raillo,(4-3-3),(5-4-1),52%,48%,371 of 506 — 73%,74% — 337 of 458,4 of 10 — 40%,40% — 4 of 10,3 of 4 — 75%,75% — 3 of 4,0.0,0,1.0,0,12,11,2,4,14,16,606,584,16,19,8,9,22,17,16,39,1,3,6,7,37,25,87,86
36.0,Tue,2024-05-14,21:30,Real Madrid,Alavés,2.5,1.3,5–0,68954.0,Mateo Busquets,2023-2024,Nacho,Rubén Duarte,(4-3-1-2),(4-2-3-1),71%,29%,763 of 831 — 92%,78% — 265 of 339,11 of 22 — 50%,56% — 10 of 18,10 of 10 — 100%,54% — 6 of 11,1.0,0,1.0,0,6,12,4,1,8,15,936,443,14,18,4,7,12,10,11,15,0,2,5,8,21,14,45,56
36.0,Tue,2024-05-14,22:00,Girona,Villarreal,1.6,0.6,0–1,11440.0,José Sánchez,2023-2024,Aleix García,Daniel Parejo,(4-2-3-1),(4-4-2),67%,33%,728 of 810 — 90%,83% — 338 of 408,4 of 22 — 18%,27% — 3 of 11,2 of 3 — 66%,100% — 4 of 4,1.0,0,6.5,0,3,14,5,1,35,7,890,516,14,16,5,13,6,4,4,29,1,0,10,14,20,7,46,48
36.0,Wed,2024-05-15,19:30,Rayo Vallecano,Granada,2.5,1.2,2–1,12738.0,Isidro Díaz de Mera,2023-2024,Óscar Valentín,Carlos Neva,(4-2-3-1),(4-2-3-1),33%,67%,152 of 253 — 60%,80% — 409 of 513,9 of 18 — 50%,10% — 1 of 10,0 of 1 — 0%,77% — 7 of 9,4.0,1,3.0,0,12,17,6,6,11,18,375,620,14,17,14,10,13,19,26,21,3,2,11,8,32,26,61,77
36.0,Wed,2024-05-15,19:30,Sevilla,Cádiz,1.3,2.5,0–1,35805.0,Miguel Ángel Ortiz Arias,2023-2024,Jesús Navas,Jeremías Ledesma,(5-3-2),(4-4-2),56%,44%,421 of 510 — 83%,75% — 298 of 400,3 of 14 — 21%,37% — 7 of 19,6 of 7 — 85%,100% — 3 of 3,6.0,0,2.0,0,13,11,1,9,17,30,630,512,22,19,3,4,17,13,28,16,0,2,8,15,18,19,70,80
36.0,Wed,2024-05-15,22:00,Celta Vigo,Athletic Club,0.7,0.2,2–1,21301.0,Víctor García,2023-2024,Iván Villar,Iñigo Lekue,(3-4-3),(4-2-3-1),53%,47%,453 of 565 — 80%,76% — 378 of 495,4 of 10 — 40%,29% — 2 of 7,1 of 2 — 50%,50% — 2 of 4,2.0,0,0.0,0,15,14,2,2,12,10,665,586,22,17,7,7,14,19,12,13,3,0,7,8,24,21,62,85
36.0,Wed,2024-05-15,22:00,Getafe,Atlético Madrid,0.6,1.3,0–3,13027.0,Mario Melero,2023-2024,David Soria,Koke,(4-4-1-1),(5-4-1),45%,55%,413 of 495 — 83%,86% — 516 of 599,3 of 8 — 38%,43% — 3 of 7,0 of 3 — 0%,100% — 3 of 3,4.0,0,3.0,0,17,7,6,3,20,11,573,696,12,17,9,4,8,13,10,29,1,6,7,4,17,15,58,60
36.0,Thu,2024-05-16,18:30,Las Palmas,Betis,2.3,1.3,2–2,22606.0,Javier Villanueva,2023-2024,Kirian Rodríguez,Guido Rodríguez,(4-2-3-1),(4-2-3-1),57%,43%,435 of 537 — 81%,75% — 304 of 404,9 of 16 — 56%,67% — 4 of 6,3 of 4 — 75%,77% — 7 of 9,2.0,0,1.0,0,9,12,4,8,17,12,658,532,20,33,9,9,13,11,17,19,6,7,2,7,27,20,57,68
36.0,Thu,2024-05-16,21:30,Almería,Barcelona,0.9,1.6,0–2,15543.0,Javier Alberola,2023-2024,Lucas Robertone,Sergi Roberto,(4-2-3-1),(4-3-3),36%,64%,333 of 403 — 83%,89% — 649 of 730,3 of 12 — 25%,44% — 7 of 16,5 of 7 — 71%,100% — 3 of 3,0.0,0,1.0,0,10,11,4,7,8,17,511,814,17,13,8,5,5,11,22,8,5,1,8,8,15,20,47,60
36.0,Thu,2024-05-16,22:00,Real Sociedad,Valencia,1.3,0.8,1–0,25067.0,César Soto,2023-2024,Mikel Merino,Thierry Correia,(4-3-3),(4-4-2),57%,43%,485 of 599 — 81%,74% — 329 of 444,5 of 10 — 50%,43% — 3 of 7,3 of 3 — 100%,80% — 4 of 5,0.0,0,2.0,0,11,13,3,3,15,9,692,530,18,9,6,6,20,9,15,16,0,5,5,8,16,27,81,67
37.0,Sat,2024-05-18,21:00,Alavés,Getafe,1.2,0.3,1–0,18709.0,Jorge Figueroa,2023-2024,Rubén Duarte,David Soria,(4-2-3-1),(5-3-2),48%,52%,175 of 296 — 59%,65% — 205 of 317,2 of 9 — 22%,40% — 4 of 10,4 of 4 — 100%,50% — 1 of 2,5.0,0,8.5,0,13,27,2,1,17,9,395,428,11,14,4,6,28,11,22,26,3,0,6,16,32,26,83,87
37.0,Sun,2024-05-19,19:00,Villarreal,Real Madrid,1.7,1.0,4–4,21671.0,Alejandro Hernández,2023-2024,Gerard Moreno,Luka Modrić,(4-4-2),(4-2-3-1),43%,57%,476 of 545 — 87%,91% — 654 of 721,7 of 21 — 33%,50% — 6 of 12,2 of 6 — 33%,42% — 3 of 7,2.0,0,2.0,0,15,12,3,3,26,13,648,842,24,24,6,10,10,4,8,19,0,1,8,9,16,18,45,58
37.0,Sun,2024-05-19,19:00,Mallorca,Almería,3.0,0.4,2–2,20573.0,Ricardo de Burgos,2023-2024,Antonio Raillo,Fernando,(5-3-2),(4-2-3-1),52%,48%,387 of 491 — 79%,81% — 368 of 456,8 of 29 — 28%,43% — 3 of 7,1 of 3 — 33%,75% — 6 of 8,2.0,0,3.0,0,9,9,12,2,39,13,599,582,13,16,15,6,21,16,10,39,2,1,8,15,23,15,66,66
37.0,Sun,2024-05-19,19:00,Cádiz,Las Palmas,0.9,0.6,0–0,18950.0,César Soto,2023-2024,Jeremías Ledesma,Kirian Rodríguez,(4-4-2),(4-3-3),49%,51%,354 of 492 — 72%,75% — 390 of 517,3 of 10 — 30%,11% — 1 of 9,1 of 1 — 100%,100% — 3 of 3,3.0,1,1.0,0,13,12,5,3,25,11,587,649,20,20,9,5,28,12,11,29,2,4,10,13,19,22,96,78
37.0,Sun,2024-05-19,19:00,Betis,Real Sociedad,1.7,0.4,0–2,58036.0,Juan Martínez,2023-2024,Nabil Fekir,Mikel Oyarzabal,(4-2-3-1),(4-4-2),67%,33%,568 of 681 — 83%,70% — 234 of 332,8 of 17 — 47%,40% — 2 of 5,0 of 2 — 0%,100% — 8 of 8,3.0,0,4.0,0,12,18,6,2,22,5,779,464,17,28,4,11,17,16,6,36,3,1,4,4,23,17,70,79
37.0,Sun,2024-05-19,19:00,Barcelona,Rayo Vallecano,1.3,1.3,3–0,35823.0,Jesús Gil,2023-2024,Sergi Roberto,Óscar Valentín,(4-2-3-1),(4-1-4-1),72%,28%,604 of 677 — 89%,72% — 194 of 269,6 of 14 — 43%,27% — 4 of 15,4 of 4 — 100%,50% — 3 of 6,4.0,0,2.0,0,10,7,7,5,15,13,769,372,9,21,4,5,11,10,11,15,0,3,12,11,21,10,57,64
37.0,Sun,2024-05-19,19:00,Valencia,Girona,3.2,2.6,1–3,36138.0,Guillermo Cuadra,2023-2024,Giorgi Mamardashvili,Aleix García,(4-4-2),(4-2-3-1),37%,63%,317 of 380 — 83%,89% — 583 of 653,5 of 19 — 26%,28% — 5 of 18,3 of 5 — 60%,100% — 5 of 5,2.0,0,0.0,0,10,8,5,4,20,12,487,747,13,14,10,4,5,12,13,18,0,4,8,12,11,5,49,44
37.0,Sun,2024-05-19,19:00,Atlético Madrid,Osasuna,1.6,1.8,1–4,58401.0,Pablo González,2023-2024,Koke,Sergio Herrera,(5-4-1),(4-1-4-1),56%,44%,434 of 531 — 82%,77% — 314 of 409,2 of 14 — 14%,40% — 6 of 15,2 of 6 — 33%,50% — 1 of 2,2.0,0,2.0,0,12,9,7,5,26,19,619,502,12,6,1,5,10,24,18,26,4,3,6,15,12,16,65,82
37.0,Sun,2024-05-19,19:00,Granada,Celta Vigo,1.9,1.7,1–2,11473.0,Javier Alberola,2023-2024,Carlos Neva,Iago Aspas,(4-3-3),(3-5-2),49%,51%,348 of 467 — 75%,78% — 379 of 485,3 of 10 — 30%,63% — 5 of 8,3 of 5 — 60%,66% — 2 of 3,2.0,0,1.0,0,15,12,10,2,21,5,561,598,22,20,7,1,15,15,8,28,2,2,5,10,24,22,95,76
37.0,Sun,2024-05-19,19:00,Athletic Club,Sevilla,1.6,0.9,2–0,44717.0,Juan Pulido,2023-2024,Iker Muniain,Jesús Navas,(4-2-3-1),(3-4-3),53%,47%,447 of 534 — 84%,79% — 370 of 468,6 of 15 — 40%,44% — 4 of 9,4 of 4 — 100%,66% — 4 of 6,1.0,0,1.0,0,12,5,8,3,18,23,635,576,12,21,5,9,11,7,15,18,3,0,9,12,19,20,57,71
38.0,Fri,2024-05-24,21:00,Girona,Granada,4.6,1.0,7–0,12813.0,Alejandro Muñíz,2023-2024,Aleix García,Sergio Ruiz,(4-3-3),(4-2-3-1),70%,30%,595 of 670 — 89%,78% — 227 of 290,7 of 14 — 50%,20% — 2 of 10,2 of 2 — 100%,28% — 2 of 7,3.0,0,6.5,0,6,13,4,2,22,13,749,401,12,19,7,6,4,3,5,29,4,0,6,12,12,7,42,61
38.0,Sat,2024-05-25,14:00,Osasuna,Villarreal,0.9,1.6,1–1,18385.0,Mario Melero,2023-2024,Lucas Torró,Manu Trigueros,(4-1-4-1),(4-4-2),43%,57%,308 of 400 — 77%,86% — 459 of 534,6 of 12 — 50%,27% — 3 of 11,2 of 3 — 66%,83% — 5 of 6,4.0,0,3.0,0,13,6,6,4,25,11,473,635,14,12,10,3,5,7,8,21,1,4,7,8,13,22,68,66
38.0,Sat,2024-05-25,16:15,Real Sociedad,Atlético Madrid,0.6,2.2,0–2,30678.0,José Sánchez,2023-2024,Aritz Elustondo,Koke,(4-3-3),(3-4-3),59%,41%,499 of 573 — 87%,83% — 334 of 403,2 of 14 — 14%,40% — 4 of 10,2 of 4 — 50%,100% — 2 of 2,3.0,0,6.5,0,19,15,8,4,20,7,673,507,12,12,6,5,6,7,14,25,0,4,5,3,10,26,40,58
38.0,Sat,2024-05-25,18:30,Almería,Cádiz,2.9,0.5,6–1,7558.0,Mateo Busquets,2023-2024,Fernando,Álex Fernández,(4-2-3-1),(4-2-3-1),46%,54%,390 of 466 — 84%,85% — 467 of 551,12 of 27 — 44%,33% — 4 of 12,3 of 4 — 75%,58% — 7 of 12,2.0,0,2.0,0,4,9,1,4,13,14,581,660,18,11,7,7,9,9,17,19,0,1,7,11,10,22,40,65
38.0,Sat,2024-05-25,18:30,Rayo Vallecano,Athletic Club,1.1,0.9,0–1,13090.0,José Luis Munuera,2023-2024,Radamel Falcao,Iñigo Lekue,(4-2-3-1),(4-2-3-1),63%,37%,501 of 627 — 80%,68% — 250 of 369,4 of 17 — 24%,14% — 1 of 7,0 of 1 — 0%,100% — 4 of 4,1.0,0,1.0,0,6,13,8,2,31,8,727,472,18,11,3,4,18,9,10,26,0,2,4,11,21,20,83,97
38.0,Sat,2024-05-25,21:00,Real Madrid,Betis,1.0,0.7,0–0,73614.0,Isidro Díaz de Mera,2023-2024,Nacho,Juan Miranda,(4-3-1-2),(4-4-1-1),59%,41%,621 of 682 — 91%,83% — 389 of 467,4 of 13 — 31%,27% — 3 of 11,3 of 3 — 100%,100% — 4 of 4,2.0,0,1.0,0,8,11,4,5,18,16,778,547,11,17,7,5,3,0,13,12,4,2,10,11,10,10,46,50
38.0,Sun,2024-05-26,14:00,Getafe,Mallorca,0.9,1.4,1–2,9545.0,Víctor García,2023-2024,Djené,Antonio Raillo,(4-1-4-1),(4-1-4-1),50%,50%,360 of 443 — 81%,78% — 341 of 439,6 of 16 — 38%,44% — 4 of 9,2 of 4 — 50%,83% — 5 of 6,0.0,0,2.0,0,12,10,3,4,9,19,537,514,17,13,2,8,4,16,10,18,0,2,8,10,19,20,66,73
38.0,Sun,2024-05-26,15:15,Las Palmas,Alavés,1.0,2.5,1–1,23043.0,Francisco Hernández,2023-2024,Kirian Rodríguez,Rubén Duarte,(4-2-3-1),(4-2-3-1),65%,35%,466 of 563 — 83%,67% — 203 of 301,4 of 9 — 44%,23% — 3 of 13,2 of 3 — 66%,75% — 3 of 4,2.0,0,1.0,0,16,10,2,6,10,16,663,422,13,24,4,12,5,15,13,18,3,1,12,6,27,16,57,68
38.0,Sun,2024-05-26,16:15,Celta Vigo,Valencia,1.5,2.0,2–2,21878.0,Miguel Ángel Ortiz Arias,2023-2024,Iago Aspas,Thierry Correia,(3-4-3),(4-4-2),54%,46%,460 of 548 — 84%,80% — 375 of 467,3 of 8 — 38%,0% — 0 of 11,0 of 0 — %,66% — 2 of 3,0.0,0,0.0,0,18,18,2,2,14,14,651,570,12,23,7,8,5,8,14,20,2,1,12,4,19,12,65,52
38.0,Sun,2024-05-26,21:00,Sevilla,Barcelona,1.5,1.3,1–2,34888.0,Javier Villanueva,2023-2024,Sergio Ramos,Marc-André ter Stegen,(3-4-3),(4-3-3),39%,61%,373 of 438 — 85%,90% — 612 of 677,6 of 15 — 40%,55% — 6 of 11,4 of 6 — 66%,83% — 5 of 6,2.0,0,1.0,0,11,9,6,5,24,11,529,762,16,7,11,9,4,5,16,18,1,7,7,9,8,10,70,31
