Wk,Day,Date,Time,Home,Away,xG,xG.1,Score,Attendance,Referee,season,t1_captain,t2_captain,t1_formation,t2_formation,t1_possession,t2_possession,t1_passing,t2_passing,t1_shots,t2_shots,t1_saves,t2_saves,t1_yellow_cards,t1_red_cards,t2_yellow_cards,t2_red_cards,t1_fouls,t2_fouls,t1_corners,t2_corners,t1_crosses,t2_crosses,t1_touches,t2_touches,t1_tackles,t2_tackles,t1_interceptions,t2_interceptions,t1_aerials_won,t2_aerials_won,t1_clearances,t2_clearances,t1_offsides,t2_offsides,t1_goal_kicks,t2_goal_kicks,t1_throw_ins,t2_throw_ins,t1_long_balls,t2_long_balls
1.0,Fri,2022-08-05,21:00,Lyon,Ajaccio,1.3,1.5,2–1,48516.0,Benoît Bastien,2022-2023,Alexandre Lacazette,Vincent Marchetti,(4-3-3),(4-4-2),67%,33%,583 of 671 — 87%,72% — 239 of 332,5 of 10 — 50%,43% — 3 of 7,3 of 3 — 100%,80% — 4 of 5,1.0,1.0,7.5,0.0,10,18,4,3,7,12,755,433,15,22,11,11,13,8,11,8,0,0,10,4,22,20,61,57
1.0,Sat,2022-08-06,17:00,Strasbourg,Monaco,0.8,2.8,1–2,25359.0,François Letexier,2022-2023,Dimitri Liénard,Axel Disasi,(3-4-1-2),(4-2-3-1),53%,47%,409 of 523 — 78%,77% — 359 of 465,7 of 11 — 64%,46% — 11 of 24,9 of 11 — 81%,85% — 6 of 7,0.0,0.0,2.0,0.0,17,15,3,7,16,25,660,595,26,14,15,10,24,16,15,16,3,3,11,3,16,20,77,75
1.0,Sat,2022-08-06,21:00,Clermont Foot,Paris S-G,0.3,3.5,0–5,12203.0,Jeremy Stinat,2022-2023,Florent Ogier,Marquinhos,(4-2-3-1),(3-4-3),38%,62%,367 of 439 — 84%,89% — 630 of 710,1 of 7 — 14%,67% — 12 of 18,7 of 12 — 58%,100% — 1 of 1,2.0,0.0,1.0,0.0,13,13,0,6,3,14,546,787,16,9,12,5,4,3,17,3,0,4,4,6,6,14,53,36
1.0,Sun,2022-08-07,13:00,Toulouse,Nice,0.9,1.2,1–1,20567.0,Johan Hamel,2022-2023,Branco van den Boomen,Dante,(4-2-3-1),(4-3-3),46%,54%,398 of 500 — 80%,83% — 489 of 591,3 of 6 — 50%,36% — 4 of 11,3 of 4 — 75%,66% — 2 of 3,1.0,0.0,2.0,0.0,10,8,6,3,17,13,596,683,23,15,16,9,14,8,13,9,2,2,9,8,18,24,79,50
1.0,Sun,2022-08-07,15:00,Angers,Nantes,1.5,1.5,0–0,12000.0,Hakim Ben El Hadj Salem,2022-2023,Pierrick Capelle,Alban Lafont,(4-2-3-1),(3-4-1-2),49%,51%,304 of 407 — 75%,73% — 312 of 429,6 of 16 — 38%,21% — 3 of 14,3 of 3 — 100%,100% — 6 of 6,3.0,0.0,3.0,0.0,15,13,3,6,15,17,532,532,23,19,4,8,16,20,20,20,1,3,11,9,19,28,61,96
1.0,Sun,2022-08-07,15:00,Lille,Auxerre,2.4,0.6,4–1,32292.0,Eric Wattellier,2022-2023,José Fonte,Birama Touré,(4-2-3-1),(4-2-3-1),59%,41%,579 of 649 — 89%,82% — 367 of 445,6 of 16 — 38%,20% — 2 of 10,1 of 2 — 50%,33% — 2 of 6,2.0,0.0,1.0,0.0,10,9,7,2,14,15,730,532,14,16,3,8,6,7,15,19,2,4,6,10,13,22,62,83
1.0,Sun,2022-08-07,15:00,Montpellier,Troyes,1.7,2.0,3–2,12003.0,Pierre Gaillouste,2022-2023,Téji Savanier,Florian Tardieu,(4-2-3-1),(5-4-1),54%,46%,366 of 446 — 82%,82% — 316 of 385,6 of 17 — 35%,60% — 9 of 15,8 of 9 — 88%,50% — 3 of 6,1.0,0.0,0.0,0.0,13,10,3,6,12,22,530,487,15,17,7,15,8,15,7,14,4,0,6,9,20,16,46,66
1.0,Sun,2022-08-07,15:00,Lens,Brest,2.5,1.2,3–2,37015.0,Thomas Léonard,2022-2023,Seko Fofana,Brendan Chardonnet,(3-4-3),(4-4-2),61%,39%,440 of 524 — 84%,70% — 236 of 337,6 of 15 — 40%,60% — 3 of 5,2 of 3 — 66%,50% — 3 of 6,2.0,0.0,4.0,0.0,16,14,6,3,12,11,608,420,12,15,7,8,11,12,10,9,0,2,3,10,21,23,60,57
1.0,Sun,2022-08-07,17:05,Rennes,Lorient,1.8,1.1,0–1,28177.0,Bastien Dechepy,2022-2023,Hamari Traoré,Laurent Abergel,(4-3-3),(4-3-3),63%,37%,589 of 684 — 86%,78% — 309 of 398,6 of 21 — 29%,25% — 2 of 8,2 of 2 — 100%,100% — 6 of 6,3.0,0.0,1.0,0.0,11,5,7,2,25,8,777,517,19,25,9,9,17,8,9,21,0,1,6,8,20,19,50,59
1.0,Sun,2022-08-07,20:45,Marseille,Reims,2.1,0.9,4–1,62738.0,Jérôme Brisard,2022-2023,Valentin Rongier,Yunis Abdelhamid,(3-4-3),(4-3-3),56%,44%,418 of 533 — 78%,74% — 315 of 425,6 of 16 — 38%,38% — 6 of 16,5 of 6 — 83%,50% — 3 of 6,1.0,0.0,0.0,0.0,14,10,6,7,23,18,637,544,17,9,16,11,23,22,20,22,1,1,10,8,24,24,88,51
2.0,Fri,2022-08-12,21:00,Nantes,Lille,1.0,2.0,1–1,30689.0,Bastien Dechepy,2022-2023,Alban Lafont,José Fonte,(3-5-2),(4-2-3-1),31%,69%,196 of 307 — 64%,81% — 550 of 678,1 of 10 — 10%,25% — 4 of 16,3 of 4 — 75%,0% — 0 of 1,1.0,0.0,4.0,0.0,14,10,5,11,15,26,455,789,23,18,21,8,18,15,31,22,0,1,7,9,28,25,76,61
2.0,Sat,2022-08-13,17:00,Monaco,Rennes,1.8,2.1,1–1,8000.0,Jérémie Pignard,2022-2023,Wissam Ben Yedder,Hamari Traoré,(4-4-2),(4-3-3),35%,65%,272 of 360 — 76%,86% — 579 of 670,3 of 11 — 27%,33% — 8 of 24,7 of 8 — 87%,66% — 2 of 3,0.0,1.0,3.0,0.0,6,11,1,6,10,17,474,793,13,19,8,5,12,12,20,17,1,1,13,6,20,18,75,66
2.0,Sat,2022-08-13,21:00,Paris S-G,Montpellier,3.2,0.9,5–2,46000.0,Willy Delajod,2022-2023,Marquinhos,Téji Savanier,(3-4-1-2),(4-1-4-1),59%,41%,575 of 635 — 91%,87% — 387 of 445,8 of 18 — 44%,57% — 4 of 7,2 of 4 — 50%,62% — 5 of 8,2.0,0.0,1.0,0.0,15,18,11,0,14,4,738,557,18,22,14,9,5,5,2,17,1,1,3,9,6,8,29,41
2.0,Sun,2022-08-14,15:00,Ajaccio,Lens,0.5,1.4,0–0,9070.0,Stéphanie Frappart,2022-2023,Vincent Marchetti,Seko Fofana,(4-4-2),(3-4-1-2),36%,64%,222 of 311 — 71%,83% — 452 of 545,2 of 9 — 22%,25% — 3 of 12,3 of 3 — 100%,100% — 2 of 2,5.0,0.0,2.0,0.0,16,18,1,3,8,16,410,629,12,10,14,4,19,19,21,16,2,1,8,6,18,18,68,49
2.0,Sun,2022-08-14,15:00,Reims,Clermont Foot,2.7,1.9,2–4,9456.0,Johan Hamel,2022-2023,Yunis Abdelhamid,Florent Ogier,(3-4-3),(4-2-3-1),42%,58%,260 of 349 — 74%,83% — 402 of 484,3 of 7 — 43%,44% — 4 of 9,1 of 4 — 25%,100% — 3 of 3,3.0,1.0,3.0,0.0,18,8,1,6,12,13,444,584,15,19,13,10,7,8,11,9,0,1,9,6,20,15,57,69
2.0,Sun,2022-08-14,15:00,Auxerre,Angers,0.8,1.4,2–2,15577.0,Ruddy Buquet,2022-2023,Birama Touré,Souleyman Doumbia,(4-1-4-1),(4-2-3-1),40%,60%,271 of 364 — 74%,83% — 453 of 549,4 of 11 — 36%,18% — 2 of 11,0 of 2 — 0%,75% — 3 of 4,6.5,0.0,3.0,0.0,10,16,4,5,15,25,477,643,23,9,14,5,16,17,20,9,1,0,9,9,18,23,85,61
2.0,Sun,2022-08-14,15:00,Troyes,Toulouse,1.0,1.5,0–3,6000.0,Marc Bollengier,2022-2023,Florian Tardieu,Brecht Dejaegere,(5-4-1),(4-2-3-1),33%,67%,221 of 299 — 74%,85% — 518 of 613,1 of 12 — 8%,40% — 4 of 10,2 of 4 — 50%,100% — 1 of 1,2.0,0.0,1.0,0.0,14,19,6,6,17,19,400,703,19,21,4,5,10,11,18,10,2,2,4,8,11,13,49,71
2.0,Sun,2022-08-14,17:05,Nice,Strasbourg,1.6,0.9,1–1,24707.0,Hakim Ben El Hadj Salem,2022-2023,Dante,Dimitri Liénard,(4-2-3-1),(3-5-2),55%,45%,476 of 587 — 81%,79% — 386 of 488,2 of 12 — 17%,56% — 5 of 9,4 of 5 — 80%,100% — 2 of 2,1.0,0.0,4.0,0.0,7,13,7,3,23,14,684,597,15,16,6,8,18,14,16,24,4,0,8,7,27,14,74,75
2.0,Sun,2022-08-14,20:45,Brest,Marseille,2.0,0.7,1–1,13709.0,Jeremy Stinat,2022-2023,Brendan Chardonnet,Valentin Rongier,(4-3-3),(3-4-3),47%,53%,344 of 455 — 76%,78% — 396 of 508,5 of 17 — 29%,40% — 2 of 5,1 of 2 — 50%,80% — 4 of 5,1.0,0.0,4.0,0.0,10,15,7,5,29,10,583,634,23,16,12,8,17,10,14,30,1,3,5,12,26,18,80,68
3.0,Fri,2022-08-19,21:00,Lyon,Troyes,2.6,1.0,4–1,43000.0,Eric Wattellier,2022-2023,Alexandre Lacazette,Adil Rami,(4-3-3),(5-4-1),66%,34%,690 of 784 — 88%,80% — 328 of 409,8 of 16 — 50%,0% — 0 of 3,0 of 0 — %,50% — 4 of 8,0.0,0.0,1.0,0.0,9,7,4,5,18,13,886,517,24,19,14,18,7,6,11,19,0,2,6,10,15,14,54,45
3.0,Sat,2022-08-20,17:00,Monaco,Lens,1.6,2.5,1–4,8700.0,Willy Delajod,2022-2023,Wissam Ben Yedder,Seko Fofana,(4-4-2),(3-4-3),46%,54%,372 of 448 — 83%,85% — 453 of 533,5 of 12 — 42%,38% — 5 of 13,2 of 5 — 40%,80% — 4 of 5,5.5,0.0,0.0,0.0,18,13,3,5,13,9,526,604,10,6,9,13,8,6,11,9,1,3,6,10,12,9,52,64
3.0,Sat,2022-08-20,21:00,Marseille,Nantes,1.1,2.2,2–1,63147.0,Jérémie Pignard,2022-2023,Valentin Rongier,Alban Lafont,(3-4-3),(5-4-1),56%,44%,414 of 517 — 80%,75% — 309 of 411,5 of 16 — 31%,18% — 2 of 11,2 of 2 — 100%,80% — 4 of 5,6.5,0.0,1.0,0.0,15,6,7,4,18,22,631,533,20,16,7,10,17,15,17,26,3,1,12,8,20,20,47,89
3.0,Sun,2022-08-21,13:00,Strasbourg,Reims,1.2,2.0,1–1,25175.0,Ruddy Buquet,2022-2023,Dimitri Liénard,Yunis Abdelhamid,(3-5-2),(3-4-1-2),63%,37%,460 of 574 — 80%,73% — 251 of 344,3 of 12 — 25%,50% — 6 of 12,5 of 6 — 83%,66% — 2 of 3,1.0,0.0,4.0,0.0,12,16,5,4,18,13,671,463,19,11,11,14,19,8,15,19,1,5,4,5,19,20,77,53
3.0,Sun,2022-08-21,15:00,Angers,Brest,0.6,1.8,1–3,8735.0,Jérôme Brisard,2022-2023,Pierrick Capelle,Brendan Chardonnet,(4-2-3-1),(4-3-3),50%,50%,461 of 545 — 85%,84% — 453 of 539,5 of 7 — 71%,64% — 7 of 11,4 of 7 — 57%,80% — 4 of 5,2.0,1.0,0.0,0.0,9,10,3,6,9,21,661,654,24,22,9,12,10,10,10,12,4,4,9,6,19,23,38,80
3.0,Sun,2022-08-21,15:00,Clermont Foot,Nice,0.7,1.4,1–0,11500.0,Thomas Léonard,2022-2023,Florent Ogier,Dante,(4-2-3-1),(4-2-3-1),48%,52%,478 of 547 — 87%,87% — 522 of 599,2 of 7 — 29%,31% — 4 of 13,4 of 4 — 100%,50% — 1 of 2,1.0,0.0,3.5,1.0,4,21,3,6,11,23,652,683,18,14,6,6,5,8,16,12,3,1,6,6,14,16,65,54
3.0,Sun,2022-08-21,15:00,Toulouse,Lorient,1.8,2.5,2–2,23862.0,Gustavo Correia,2022-2023,Brecht Dejaegere,Laurent Abergel,(4-3-3),(4-2-3-1),52%,48%,404 of 501 — 81%,82% — 378 of 463,8 of 16 — 50%,17% — 2 of 12,1 of 2 — 50%,75% — 6 of 8,2.0,0.0,1.0,0.0,14,10,3,6,24,11,613,590,19,20,12,10,15,7,15,18,2,2,5,8,18,19,52,56
3.0,Sun,2022-08-21,15:00,Montpellier,Auxerre,1.0,1.3,1–2,13137.0,Mathieu Vernice,2022-2023,Téji Savanier,Birama Touré,(4-1-4-1),(4-1-4-1),64%,36%,524 of 614 — 85%,81% — 275 of 340,7 of 13 — 54%,17% — 1 of 6,0 of 1 — 0%,85% — 6 of 7,1.0,2.0,4.5,1.0,10,13,7,2,26,11,699,452,12,17,8,9,8,11,6,30,2,0,5,8,22,10,60,63
3.0,Sun,2022-08-21,17:05,Rennes,Ajaccio,1.2,1.4,2–1,27592.0,Hakim Ben El Hadj Salem,2022-2023,Hamari Traoré,Vincent Marchetti,(4-4-2),(4-4-2),55%,45%,417 of 529 — 79%,68% — 297 of 434,7 of 16 — 44%,22% — 2 of 9,1 of 2 — 50%,71% — 5 of 7,6.5,1.0,2.0,0.0,13,11,4,8,11,23,652,531,16,17,6,13,32,23,21,10,2,1,6,7,25,18,76,74
3.0,Sun,2022-08-21,20:45,Lille,Paris S-G,1.7,3.4,1–7,47526.0,Clément Turpin,2022-2023,José Fonte,Marquinhos,(4-2-3-1),(3-4-3),48%,52%,514 of 572 — 90%,89% — 552 of 619,9 of 16 — 56%,56% — 9 of 16,2 of 9 — 22%,88% — 8 of 9,2.0,0.0,1.0,0.0,13,8,2,4,8,9,670,707,13,24,15,5,6,6,5,6,2,4,6,5,8,7,33,32
4.0,Fri,2022-08-26,21:00,Ajaccio,Lille,1.5,1.7,1–3,9070.0,Thomas Léonard,2022-2023,Vincent Marchetti,José Fonte,(4-4-2),(4-2-3-1),42%,58%,275 of 387 — 71%,81% — 427 of 524,2 of 14 — 14%,67% — 4 of 6,1 of 4 — 25%,50% — 1 of 2,3.0,0.0,2.0,0.0,13,13,6,0,32,11,476,635,11,12,7,8,17,18,9,30,2,2,5,8,28,20,62,65
4.0,Sat,2022-08-27,17:00,Auxerre,Strasbourg,0.6,1.3,1–0,16059.0,Johan Hamel,2022-2023,Birama Touré,Dimitri Liénard,(4-1-4-1),(3-5-2),42%,58%,374 of 481 — 78%,81% — 539 of 663,3 of 7 — 43%,29% — 4 of 14,4 of 4 — 100%,66% — 2 of 3,0.0,0.0,1.0,0.0,4,6,2,5,15,25,591,748,10,11,12,5,13,24,38,20,5,2,10,1,18,18,110,74
4.0,Sat,2022-08-27,21:00,Lens,Rennes,1.3,1.0,2–1,37848.0,Jérôme Brisard,2022-2023,Seko Fofana,Hamari Traoré,(3-4-3),(4-3-3),51%,49%,462 of 545 — 85%,82% — 438 of 532,4 of 17 — 24%,50% — 6 of 12,5 of 6 — 83%,50% — 2 of 4,0.0,0.0,1.0,0.0,15,13,7,2,21,10,652,634,15,11,17,13,12,14,19,21,1,3,3,10,20,17,65,47
4.0,Sun,2022-08-28,13:00,Nantes,Toulouse,1.5,0.6,3–1,26574.0,Mathieu Vernice,2022-2023,Alban Lafont,Brecht Dejaegere,(4-3-3),(4-2-3-1),50%,50%,364 of 461 — 79%,78% — 358 of 457,8 of 16 — 50%,33% — 3 of 9,2 of 3 — 66%,62% — 5 of 8,0.0,0.0,3.0,0.0,11,9,4,5,19,15,557,563,13,16,14,14,9,19,12,19,2,2,10,8,21,21,82,68
4.0,Sun,2022-08-28,15:00,Troyes,Angers,1.9,0.7,3–1,6673.0,Stéphanie Frappart,2022-2023,Adil Rami,Pierrick Capelle,(5-4-1),(3-1-4-2),49%,51%,459 of 552 — 83%,85% — 490 of 577,11 of 25 — 44%,14% — 1 of 7,1 of 1 — 100%,72% — 8 of 11,2.0,0.0,4.5,0.0,8,12,8,3,22,10,666,676,14,12,11,6,13,7,15,19,3,1,5,12,11,17,45,47
4.0,Sun,2022-08-28,15:00,Lorient,Clermont Foot,2.9,0.6,2–1,10591.0,Willy Delajod,2022-2023,Laurent Abergel,Florent Ogier,(4-2-3-1),(4-2-3-1),40%,60%,346 of 418 — 83%,85% — 542 of 635,8 of 21 — 38%,22% — 2 of 9,1 of 2 — 50%,87% — 7 of 8,1.0,0.0,4.5,0.0,12,9,3,4,8,24,546,731,26,14,12,12,8,11,20,9,2,1,5,5,14,15,47,44
4.0,Sun,2022-08-28,15:00,Nice,Marseille,1.0,1.4,0–3,31418.0,François Letexier,2022-2023,Dante,Dimitri Payet,(4-2-3-1),(3-4-3),49%,51%,389 of 483 — 81%,83% — 412 of 497,2 of 16 — 13%,31% — 4 of 13,1 of 4 — 25%,100% — 2 of 2,1.0,0.0,1.0,0.0,7,15,7,5,17,15,583,616,16,21,13,18,9,7,13,17,1,0,6,9,27,15,58,47
4.0,Sun,2022-08-28,15:00,Brest,Montpellier,0.3,2.5,0–7,11546.0,Marc Bollengier,2022-2023,Brendan Chardonnet,Jordan Ferri,(4-3-3),(4-2-3-1),52%,48%,332 of 427 — 78%,78% — 310 of 397,0 of 6 — 0%,57% — 8 of 14,1 of 8 — 12%,% — 0 of 0,0.0,1.0,2.0,0.0,15,16,5,4,17,12,513,505,10,18,10,6,15,13,9,20,1,1,3,5,22,22,65,58
4.0,Sun,2022-08-28,17:05,Reims,Lyon,0.4,1.1,1–1,14930.0,Jeremy Stinat,2022-2023,Yunis Abdelhamid,Alexandre Lacazette,(3-4-1-2),(4-3-3),26%,74%,169 of 263 — 64%,84% — 619 of 736,5 of 8 — 63%,28% — 5 of 18,4 of 5 — 80%,80% — 4 of 5,1.0,1.0,1.0,0.0,12,12,2,7,6,38,400,839,25,17,11,11,14,14,38,6,0,0,12,7,9,17,66,53
4.0,Sun,2022-08-28,20:45,Paris S-G,Monaco,2.7,1.2,1–1,46000.0,Benoît Bastien,2022-2023,Marquinhos,Wissam Ben Yedder,(3-4-3),(5-3-2),67%,33%,660 of 725 — 91%,78% — 284 of 364,4 of 17 — 24%,75% — 3 of 4,2 of 3 — 66%,100% — 4 of 4,4.0,0.0,4.0,0.0,12,15,4,3,10,8,825,462,16,29,5,16,12,5,4,11,3,1,5,9,16,10,33,50
5.0,Wed,2022-08-31,19:00,Angers,Reims,1.7,2.3,2–4,6500.0,Jérémie Pignard,2022-2023,Nabil Bentaleb,Yunis Abdelhamid,(3-1-4-2),(3-4-1-2),57%,43%,412 of 518 — 80%,74% — 285 of 385,2 of 9 — 22%,40% — 4 of 10,1 of 4 — 25%,50% — 1 of 2,1.0,0.0,7.5,0.0,9,15,4,3,14,9,646,519,19,20,14,15,14,10,7,9,3,4,7,10,28,35,59,70
5.0,Wed,2022-08-31,19:00,Lyon,Auxerre,2.6,0.7,2–1,38609.0,Pierre Gaillouste,2022-2023,Alexandre Lacazette,Birama Touré,(4-3-3),(4-1-4-1),62%,38%,560 of 663 — 84%,76% — 303 of 401,7 of 20 — 35%,33% — 2 of 6,1 of 2 — 50%,71% — 5 of 7,0.0,0.0,2.0,0.0,13,13,9,3,19,20,766,527,18,15,16,18,5,15,8,29,2,0,7,9,25,11,50,60
5.0,Wed,2022-08-31,19:00,Strasbourg,Nantes,0.4,1.2,1–1,25162.0,Clément Turpin,2022-2023,Dimitri Liénard,Alban Lafont,(3-5-2),(4-2-3-1),46%,54%,375 of 487 — 77%,81% — 459 of 567,2 of 5 — 40%,25% — 3 of 12,2 of 3 — 66%,50% — 1 of 2,0.0,0.0,3.0,0.0,13,18,3,6,16,22,590,693,19,17,8,13,13,18,19,19,0,2,8,5,24,19,67,90
5.0,Wed,2022-08-31,19:00,Monaco,Troyes,1.2,2.2,2–4,4045.0,Ruddy Buquet,2022-2023,Wissam Ben Yedder,Florian Tardieu,(3-4-1-2),(5-4-1),52%,48%,427 of 524 — 81%,83% — 399 of 483,6 of 8 — 75%,56% — 10 of 18,7 of 10 — 70%,66% — 4 of 6,4.5,0.0,1.0,0.0,13,11,8,6,13,20,631,612,14,20,11,16,14,12,17,23,0,0,7,4,20,10,59,50
5.0,Wed,2022-08-31,19:00,Montpellier,Ajaccio,1.7,1.2,2–0,10051.0,Bastien Dechepy,2022-2023,Jordan Ferri,Vincent Marchetti,(4-2-3-1),(4-4-2),38%,62%,239 of 338 — 71%,82% — 443 of 543,4 of 9 — 44%,0% — 0 of 15,0 of 0 — %,50% — 2 of 4,2.0,1.0,5.5,0.0,9,17,3,8,6,32,454,634,16,14,14,6,21,23,28,9,1,1,13,9,20,24,70,79
5.0,Wed,2022-08-31,21:00,Lens,Lorient,3.0,1.1,5–2,37161.0,Benoît Bastien,2022-2023,Florian Sotoca,Laurent Abergel,(3-4-3),(4-3-3),58%,42%,501 of 558 — 90%,83% — 343 of 411,8 of 15 — 53%,27% — 3 of 11,1 of 3 — 33%,37% — 3 of 8,1.0,0.0,3.0,0.0,10,6,4,5,18,14,644,493,11,10,11,11,6,4,16,17,1,2,6,8,20,19,44,36
5.0,Wed,2022-08-31,21:00,Marseille,Clermont Foot,2.5,0.1,1–0,62763.0,Eric Wattellier,2022-2023,Dimitri Payet,Florent Ogier,(3-4-3),(3-4-3),60%,40%,486 of 596 — 82%,74% — 290 of 393,6 of 20 — 30%,0% — 0 of 3,0 of 0 — %,83% — 5 of 6,2.0,0.0,2.0,0.0,16,12,7,1,19,11,710,510,21,19,13,17,21,16,9,17,1,0,3,8,27,17,45,55
5.0,Wed,2022-08-31,21:00,Toulouse,Paris S-G,0.8,2.8,0–3,31700.0,Hakim Ben El Hadj Salem,2022-2023,Branco van den Boomen,Marquinhos,(3-4-3),(3-4-3),38%,62%,327 of 390 — 84%,88% — 567 of 641,7 of 14 — 50%,60% — 12 of 20,9 of 12 — 75%,100% — 7 of 7,1.0,0.0,0.0,0.0,10,7,3,9,10,11,512,735,35,14,12,12,1,5,14,3,1,1,13,12,12,18,43,41
5.0,Wed,2022-08-31,21:00,Rennes,Brest,1.5,0.5,3–1,27392.0,Benoît Millot,2022-2023,Benjamin Bourigeaud,Brendan Chardonnet,(4-3-3),(4-2-3-1),64%,36%,587 of 689 — 85%,69% — 264 of 381,9 of 16 — 56%,29% — 2 of 7,1 of 2 — 50%,66% — 6 of 9,2.0,0.0,0.0,0.0,11,6,7,3,17,15,806,510,10,25,7,13,15,13,16,20,3,2,4,7,27,23,64,91
5.0,Wed,2022-08-31,21:00,Lille,Nice,0.9,1.6,1–2,30254.0,Jeremy Stinat,2022-2023,José Fonte,Dante,(4-2-3-1),(3-5-2),62%,38%,513 of 595 — 86%,78% — 279 of 359,6 of 18 — 33%,0% — 0 of 1,0 of 0 — %,83% — 5 of 6,1.0,0.0,4.0,0.0,15,21,6,3,33,14,702,467,13,20,6,10,8,19,12,27,1,0,1,12,16,14,59,65
6.0,Sat,2022-09-03,17:00,Auxerre,Marseille,0.6,1.6,0–2,17025.0,Willy Delajod,2022-2023,Birama Touré,Valentin Rongier,(4-1-4-1),(3-4-3),48%,52%,387 of 479 — 81%,84% — 443 of 529,2 of 8 — 25%,47% — 7 of 15,5 of 7 — 71%,100% — 2 of 2,1.0,0.0,1.0,0.0,8,14,4,1,15,9,599,645,23,18,21,16,12,8,16,19,1,2,8,9,21,15,90,47
6.0,Sat,2022-09-03,19:00,Lyon,Angers,1.4,1.0,5–0,39586.0,Thomas Léonard,2022-2023,Alexandre Lacazette,Nabil Bentaleb,(4-3-3),(3-1-4-2),64%,36%,476 of 570 — 84%,76% — 246 of 322,9 of 16 — 56%,25% — 2 of 8,2 of 2 — 100%,44% — 4 of 9,2.0,0.0,1.0,0.0,5,9,13,3,25,8,678,450,13,23,13,17,10,13,8,24,6,0,3,7,19,17,61,45
6.0,Sat,2022-09-03,21:00,Nantes,Paris S-G,0.4,2.7,0–3,34406.0,Pierre Gaillouste,2022-2023,Alban Lafont,Marquinhos,(3-4-3),(3-4-3),40%,60%,411 of 486 — 85%,89% — 644 of 724,1 of 10 — 10%,32% — 6 of 19,3 of 6 — 50%,100% — 1 of 1,1.0,1.0,4.0,0.0,6,12,1,7,9,10,589,803,23,12,16,12,6,6,10,4,1,1,3,10,3,16,52,42
6.0,Sun,2022-09-04,13:00,Montpellier,Lille,0.5,1.6,1–3,12215.0,Jérôme Brisard,2022-2023,Jordan Ferri,José Fonte,(4-3-2-1),(4-2-3-1),25%,75%,154 of 248 — 62%,87% — 638 of 735,1 of 4 — 25%,31% — 8 of 26,5 of 8 — 62%,0% — 0 of 1,0.0,1.0,4.0,0.0,8,11,1,9,8,23,361,842,20,17,11,7,12,21,30,14,2,3,7,1,20,22,61,56
6.0,Sun,2022-09-04,15:00,Brest,Strasbourg,0.8,2.4,1–1,11003.0,Bastien Dechepy,2022-2023,Pierre Lees-Melou,Alexander Djiku,(4-2-3-1),(3-5-2),59%,41%,435 of 549 — 79%,73% — 275 of 379,2 of 11 — 18%,22% — 2 of 9,2 of 2 — 100%,50% — 1 of 2,3.0,0.0,1.0,1.0,15,9,7,3,35,13,648,483,15,13,15,11,18,14,14,19,2,1,5,8,21,19,95,67
6.0,Sun,2022-09-04,15:00,Ajaccio,Lorient,0.5,0.8,0–1,7000.0,Jeremy Stinat,2022-2023,Riad Nouri,Laurent Abergel,(4-4-2),(4-3-3),58%,42%,386 of 510 — 76%,70% — 258 of 370,3 of 16 — 19%,57% — 4 of 7,3 of 4 — 75%,100% — 3 of 3,4.0,0.0,1.0,0.0,16,12,3,3,33,9,605,477,13,13,14,14,18,24,10,34,4,2,5,17,25,22,83,77
6.0,Sun,2022-09-04,15:00,Clermont Foot,Toulouse,1.3,1.3,2–0,10085.0,François Letexier,2022-2023,Johan Gastien,Brecht Dejaegere,(3-4-3),(4-2-3-1),34%,66%,204 of 290 — 70%,82% — 473 of 574,3 of 12 — 25%,21% — 3 of 14,3 of 3 — 100%,33% — 1 of 3,4.0,0.0,1.0,0.0,14,12,4,6,21,30,420,690,18,21,15,6,6,16,28,18,1,2,10,5,16,28,58,75
6.0,Sun,2022-09-04,15:00,Reims,Lens,2.1,1.9,1–1,15761.0,Eric Wattellier,2022-2023,Yunis Abdelhamid,Florian Sotoca,(3-4-1-2),(3-4-3),37%,63%,283 of 357 — 79%,87% — 536 of 615,4 of 17 — 24%,20% — 4 of 20,3 of 4 — 75%,75% — 3 of 4,2.0,0.0,2.0,1.0,9,11,4,4,17,15,489,732,16,19,22,7,7,4,15,14,1,1,10,9,14,10,46,56
6.0,Sun,2022-09-04,17:05,Troyes,Rennes,0.9,2.4,1–1,8000.0,Mathieu Vernice,2022-2023,Florian Tardieu,Hamari Traoré,(5-4-1),(4-3-3),29%,71%,194 of 276 — 70%,89% — 597 of 674,1 of 9 — 11%,32% — 6 of 19,5 of 6 — 83%,0% — 0 of 1,2.0,1.0,2.0,0.0,13,22,3,5,8,28,383,765,17,14,9,4,13,19,18,5,1,3,12,2,11,18,58,57
6.0,Sun,2022-09-04,20:45,Nice,Monaco,0.7,1.1,0–1,24125.0,Benoît Millot,2022-2023,Dante,Axel Disasi,(3-4-3),(3-4-3),52%,48%,454 of 561 — 81%,81% — 417 of 512,5 of 12 — 42%,14% — 2 of 14,1 of 2 — 50%,100% — 5 of 5,2.0,0.0,1.0,0.0,10,12,3,6,16,16,664,640,15,19,15,15,9,14,17,13,2,2,7,3,18,20,59,54
2.0,Wed,2022-09-07,19:00,Lorient,Lyon,1.0,2.2,3–1,13685.0,Bastien Dechepy,2022-2023,Laurent Abergel,Alexandre Lacazette,(4-3-3),(4-3-3),34%,66%,254 of 340 — 75%,86% — 568 of 660,6 of 11 — 55%,47% — 7 of 15,6 of 7 — 85%,50% — 3 of 6,1.0,0.0,3.0,0.0,8,18,1,6,8,31,463,753,21,14,18,11,10,11,23,8,1,2,6,5,19,16,60,51
7.0,Fri,2022-09-09,21:00,Lens,Troyes,1.4,0.7,1–0,37344.0,Hakim Ben El Hadj Salem,2022-2023,Florian Sotoca,Adil Rami,(3-4-3),(5-4-1),63%,37%,634 of 713 — 89%,81% — 341 of 423,3 of 12 — 25%,29% — 2 of 7,2 of 2 — 100%,66% — 2 of 3,2.0,0.0,1.0,0.0,16,10,9,1,28,5,829,551,18,25,12,17,11,13,13,30,1,0,1,10,18,20,47,41
7.0,Sat,2022-09-10,17:00,Paris S-G,Brest,1.7,1.1,1–0,45000.0,Jérémie Pignard,2022-2023,Presnel Kimpembe,Brendan Chardonnet,(3-4-1-2),(5-3-2),61%,39%,619 of 701 — 88%,81% — 369 of 455,4 of 13 — 31%,40% — 2 of 5,2 of 2 — 100%,75% — 3 of 4,4.0,0.0,2.0,0.0,13,16,3,5,6,15,807,563,15,21,11,20,10,9,13,18,3,1,5,12,17,11,33,68
7.0,Sat,2022-09-10,21:00,Marseille,Lille,2.2,1.0,2–1,62985.0,Benoît Millot,2022-2023,Mattéo Guendouzi,José Fonte,(3-4-3),(3-4-3),53%,47%,393 of 495 — 79%,76% — 333 of 437,6 of 14 — 43%,43% — 3 of 7,2 of 3 — 66%,66% — 4 of 6,5.0,0.0,1.0,0.0,22,17,4,3,11,11,605,550,17,27,5,6,17,15,7,16,1,1,4,5,22,20,65,63
7.0,Sun,2022-09-11,13:00,Strasbourg,Clermont Foot,1.2,0.8,0–0,25089.0,Marc Bollengier,2022-2023,Alexander Djiku,Johan Gastien,(4-3-1-2),(3-4-3),43%,57%,280 of 396 — 71%,78% — 406 of 521,3 of 12 — 25%,40% — 4 of 10,4 of 4 — 100%,100% — 3 of 3,5.5,0.0,2.0,0.0,20,15,3,5,13,17,510,620,22,11,12,13,9,13,19,22,1,3,6,8,20,21,51,84
7.0,Sun,2022-09-11,15:00,Ajaccio,Nice,1.2,1.2,0–1,7068.0,Eric Wattellier,2022-2023,Mathieu Coutadeur,Dante,(4-4-2),(4-4-2),45%,55%,312 of 438 — 71%,80% — 432 of 538,3 of 9 — 33%,25% — 3 of 12,2 of 3 — 66%,100% — 3 of 3,1.0,0.0,5.0,0.0,9,11,2,3,19,9,549,661,23,18,5,8,15,19,10,17,3,1,5,10,34,20,87,68
7.0,Sun,2022-09-11,15:00,Lorient,Nantes,1.3,0.5,3–2,15081.0,Johan Hamel,2022-2023,Laurent Abergel,Alban Lafont,(4-2-3-1),(4-3-3),48%,52%,403 of 481 — 84%,81% — 420 of 519,5 of 13 — 38%,44% — 4 of 9,2 of 4 — 50%,40% — 2 of 5,2.0,0.0,3.0,0.0,9,17,2,5,9,26,599,620,24,21,9,10,12,17,24,9,1,1,8,5,14,19,41,70
7.0,Sun,2022-09-11,15:00,Toulouse,Reims,1.3,1.0,1–0,21315.0,Stéphanie Frappart,2022-2023,Branco van den Boomen,Yunis Abdelhamid,(5-4-1),(3-4-1-2),47%,53%,314 of 421 — 75%,74% — 356 of 483,3 of 14 — 21%,9% — 1 of 11,1 of 1 — 100%,66% — 2 of 3,2.0,0.0,2.0,1.0,17,11,4,6,8,21,569,586,32,14,22,6,14,12,31,7,1,0,13,11,13,22,77,59
7.0,Sun,2022-09-11,15:00,Angers,Montpellier,2.5,0.7,2–1,6165.0,François Letexier,2022-2023,Nabil Bentaleb,Téji Savanier,(4-2-3-1),(4-2-3-1),45%,55%,312 of 412 — 76%,80% — 409 of 512,4 of 10 — 40%,29% — 2 of 7,1 of 2 — 50%,75% — 3 of 4,2.0,0.0,4.0,0.0,15,12,2,5,11,18,523,600,28,17,7,7,15,15,18,7,2,2,7,9,22,31,65,61
7.0,Sun,2022-09-11,17:05,Rennes,Auxerre,1.6,0.7,5–0,27837.0,Thomas Léonard,2022-2023,Hamari Traoré,Birama Touré,(4-4-2),(4-1-4-1),48%,52%,400 of 501 — 80%,80% — 439 of 546,8 of 12 — 67%,43% — 3 of 7,3 of 3 — 100%,37% — 3 of 8,1.0,0.0,1.0,0.0,11,9,2,1,6,14,595,634,19,17,9,11,15,13,12,7,2,3,7,2,18,26,60,88
7.0,Sun,2022-09-11,20:45,Monaco,Lyon,1.7,2.0,2–1,7000.0,Clément Turpin,2022-2023,Axel Disasi,Alexandre Lacazette,(3-4-3),(4-3-3),39%,61%,284 of 388 — 73%,80% — 481 of 601,4 of 11 — 36%,30% — 6 of 20,5 of 6 — 83%,50% — 2 of 4,1.0,0.0,2.0,0.0,12,9,1,6,11,35,537,713,23,11,21,11,17,11,37,10,3,0,11,6,11,23,66,67
8.0,Fri,2022-09-16,21:00,Auxerre,Lorient,2.0,2.5,1–3,14866.0,Ruddy Buquet,2022-2023,Birama Touré,Laurent Abergel,(4-1-4-1),(4-2-3-1),56%,44%,474 of 569 — 83%,80% — 353 of 439,5 of 17 — 29%,67% — 8 of 12,5 of 8 — 62%,80% — 4 of 5,3.0,0.0,1.0,0.0,13,11,9,5,37,10,688,551,21,17,11,13,13,14,16,19,0,1,3,11,19,16,98,60
8.0,Sat,2022-09-17,17:00,Montpellier,Strasbourg,1.8,0.6,2–1,10780.0,Jeremy Stinat,2022-2023,Téji Savanier,Dimitri Liénard,(4-2-3-1),(3-5-2),50%,50%,295 of 409 — 72%,74% — 304 of 413,3 of 9 — 33%,25% — 2 of 8,1 of 2 — 50%,66% — 2 of 3,4.0,0.0,4.0,0.0,11,20,8,6,22,21,523,525,18,16,9,8,19,20,26,23,3,2,8,4,28,31,91,78
8.0,Sat,2022-09-17,21:00,Lille,Toulouse,1.0,0.8,2–1,33635.0,Pierre Gaillouste,2022-2023,José Fonte,Branco van den Boomen,(4-2-3-1),(5-4-1),45%,55%,341 of 454 — 75%,76% — 418 of 550,4 of 10 — 40%,36% — 5 of 14,4 of 5 — 80%,50% — 2 of 4,2.0,0.0,0.0,0.0,20,14,5,7,9,29,584,661,20,18,14,20,18,19,26,11,1,5,5,7,31,33,61,75
8.0,Sun,2022-09-18,13:00,Reims,Monaco,0.6,1.7,0–3,10000.0,Marc Bollengier,2022-2023,Yunis Abdelhamid,Wissam Ben Yedder,(3-4-1-2),(4-4-2),33%,67%,200 of 293 — 68%,84% — 509 of 606,2 of 9 — 22%,55% — 11 of 20,8 of 11 — 72%,100% — 2 of 2,3.0,1.0,3.0,0.0,14,16,5,4,15,23,413,719,21,15,11,14,6,11,26,12,3,2,8,6,12,22,59,72
8.0,Sun,2022-09-18,15:00,Brest,Ajaccio,0.6,0.5,0–1,11153.0,Stéphanie Frappart,2022-2023,Brendan Chardonnet,Mathieu Coutadeur,(5-3-2),(4-4-2),59%,41%,413 of 567 — 73%,64% — 250 of 389,4 of 8 — 50%,67% — 4 of 6,3 of 4 — 75%,100% — 4 of 4,2.0,0.0,2.0,0.0,13,12,6,2,28,10,663,514,12,16,10,20,28,20,13,25,2,0,2,8,33,21,99,87
8.0,Sun,2022-09-18,15:00,Marseille,Rennes,1.6,1.2,1–1,62753.0,Benoît Bastien,2022-2023,Valentin Rongier,Hamari Traoré,(3-4-3),(4-2-3-1),59%,41%,456 of 567 — 80%,77% — 308 of 400,4 of 15 — 27%,36% — 4 of 11,4 of 4 — 100%,75% — 3 of 4,3.0,0.0,4.0,0.0,13,13,11,7,31,13,678,530,19,22,10,18,15,14,20,29,2,1,4,4,20,18,56,64
8.0,Sun,2022-09-18,15:00,Nice,Angers,1.3,1.5,0–1,18545.0,Bastien Dechepy,2022-2023,Dante,Nabil Bentaleb,(4-4-2),(4-2-3-1),50%,50%,377 of 458 — 82%,83% — 383 of 459,5 of 18 — 28%,19% — 3 of 16,2 of 3 — 66%,100% — 5 of 5,0.0,1.0,5.5,0.0,9,11,5,4,15,15,561,562,28,9,9,11,11,8,16,12,1,1,10,7,18,19,62,59
8.0,Sun,2022-09-18,15:00,Clermont Foot,Troyes,1.0,1.5,1–3,10753.0,Jérôme Brisard,2022-2023,Johan Gastien,Gauthier Gallon,(3-4-3),(5-4-1),58%,42%,440 of 547 — 80%,75% — 296 of 393,2 of 14 — 14%,44% — 4 of 9,1 of 4 — 25%,50% — 1 of 2,0.0,0.0,3.0,0.0,8,15,5,1,17,9,653,503,22,11,11,14,9,6,12,18,2,1,6,11,13,28,53,57
8.0,Sun,2022-09-18,17:05,Nantes,Lens,0.9,0.9,0–0,28854.0,Willy Delajod,2022-2023,Alban Lafont,Seko Fofana,(3-4-3),(3-4-3),42%,58%,378 of 461 — 82%,85% — 541 of 636,4 of 12 — 33%,25% — 2 of 8,2 of 2 — 100%,100% — 4 of 4,1.0,0.0,1.0,0.0,14,14,3,7,20,28,573,732,16,21,8,11,6,4,28,17,1,1,7,8,16,17,60,60
8.0,Sun,2022-09-18,20:45,Lyon,Paris S-G,1.0,1.6,0–1,58230.0,François Letexier,2022-2023,Alexandre Lacazette,Marquinhos,(4-4-2),(3-4-3),35%,65%,374 of 442 — 85%,92% — 756 of 826,3 of 12 — 25%,47% — 7 of 15,6 of 7 — 85%,100% — 3 of 3,0.0,0.0,2.0,0.0,14,4,3,7,14,10,561,938,28,19,18,7,3,6,14,8,3,3,3,7,13,10,30,39
9.0,Fri,2022-09-30,21:00,Angers,Marseille,1.2,1.6,0–3,19000.0,Johan Hamel,2022-2023,Nabil Bentaleb,Dimitri Payet,(4-4-2),(3-4-3),43%,57%,326 of 407 — 80%,84% — 446 of 532,5 of 16 — 31%,47% — 7 of 15,4 of 7 — 57%,100% — 5 of 5,0.0,0.0,0.0,0.0,9,14,6,3,12,15,508,624,16,17,12,13,9,8,16,11,1,0,9,11,20,29,52,51
9.0,Sat,2022-10-01,17:00,Strasbourg,Rennes,1.3,3.2,1–3,25226.0,Eric Wattellier,2022-2023,Dimitri Liénard,Hamari Traoré,(3-5-2),(4-4-2),40%,60%,330 of 419 — 79%,85% — 545 of 641,2 of 8 — 25%,41% — 7 of 17,4 of 7 — 57%,100% — 2 of 2,0.0,1.0,2.0,0.0,9,13,1,5,11,19,521,728,11,17,16,9,20,12,15,9,3,2,3,5,17,12,52,70
9.0,Sat,2022-10-01,21:00,Paris S-G,Nice,1.0,0.5,2–1,47000.0,Jérôme Brisard,2022-2023,Marquinhos,Dante,(3-4-3),(5-4-1),57%,43%,617 of 690 — 89%,87% — 431 of 494,4 of 12 — 33%,25% — 1 of 4,0 of 1 — 0%,50% — 2 of 4,1.0,0.0,1.0,0.0,16,9,4,0,8,11,791,621,20,29,5,11,5,4,10,13,3,2,1,6,15,10,37,47
9.0,Sun,2022-10-02,13:00,Lorient,Lille,0.6,2.2,2–1,14916.0,Hakim Ben El Hadj Salem,2022-2023,Laurent Abergel,José Fonte,(4-2-3-1),(4-2-3-1),37%,63%,260 of 341 — 76%,81% — 469 of 582,4 of 7 — 57%,20% — 4 of 20,3 of 4 — 75%,75% — 3 of 4,4.5,0.0,3.0,0.0,13,14,0,14,5,40,477,680,25,19,7,7,13,15,38,5,0,1,13,6,6,21,60,42
9.0,Sun,2022-10-02,15:00,Troyes,Reims,1.6,1.0,2–2,10164.0,Benoît Millot,2022-2023,Florian Tardieu,Yunis Abdelhamid,(5-3-2),(3-4-1-2),68%,32%,538 of 637 — 84%,71% — 218 of 305,6 of 19 — 32%,40% — 2 of 5,0 of 2 — 0%,66% — 4 of 6,4.0,0.0,2.0,1.0,13,13,10,2,45,8,746,446,18,29,9,9,13,7,5,39,3,0,2,7,29,11,57,60
9.0,Sun,2022-10-02,15:00,Auxerre,Brest,1.4,0.6,1–1,14630.0,Florent Batta,2022-2023,Birama Touré,Brendan Chardonnet,(4-1-4-1),(4-2-3-1),48%,52%,395 of 469 — 84%,81% — 404 of 499,2 of 10 — 20%,22% — 2 of 9,1 of 2 — 50%,100% — 2 of 2,4.5,0.0,4.0,0.0,15,18,0,6,14,23,586,583,16,13,15,11,13,17,26,12,0,2,8,8,12,15,74,74
9.0,Sun,2022-10-02,15:00,Ajaccio,Clermont Foot,1.5,1.0,1–3,6610.0,Clément Turpin,2022-2023,Mathieu Coutadeur,Johan Gastien,(4-4-2),(3-4-1-2),52%,48%,380 of 498 — 76%,77% — 349 of 456,3 of 12 — 25%,43% — 3 of 7,0 of 3 — 0%,66% — 2 of 3,3.0,0.0,3.0,0.0,13,10,4,4,26,13,597,575,17,19,9,12,14,14,17,23,0,1,3,14,30,22,72,78
9.0,Sun,2022-10-02,15:00,Toulouse,Montpellier,1.7,1.2,4–2,21820.0,Jérémie Pignard,2022-2023,Brecht Dejaegere,Téji Savanier,(4-3-3),(4-2-3-1),43%,57%,294 of 378 — 78%,79% — 393 of 499,5 of 12 — 42%,22% — 5 of 23,3 of 5 — 60%,20% — 1 of 5,6.5,0.0,4.0,0.0,13,7,3,12,9,34,511,617,14,23,12,6,18,7,33,4,1,3,13,8,19,26,55,75
9.0,Sun,2022-10-02,17:05,Monaco,Nantes,2.1,0.5,4–1,5202.0,Thomas Léonard,2022-2023,Wissam Ben Yedder,Alban Lafont,(4-4-2),(5-4-1),49%,51%,439 of 523 — 84%,85% — 468 of 553,5 of 9 — 56%,29% — 2 of 7,2 of 2 — 100%,40% — 2 of 5,0.0,0.0,1.0,0.0,8,10,7,7,14,20,626,647,20,15,12,12,6,9,14,15,4,0,6,6,20,13,61,62
9.0,Sun,2022-10-02,20:45,Lens,Lyon,2.9,0.1,1–0,36674.0,Benoît Bastien,2022-2023,Seko Fofana,Alexandre Lacazette,(3-4-3),(4-2-3-1),52%,48%,438 of 546 — 80%,79% — 395 of 503,5 of 20 — 25%,0% — 0 of 4,0 of 0 — %,100% — 5 of 5,2.0,0.0,2.0,0.0,19,16,6,2,24,7,675,632,13,21,21,17,17,10,15,23,1,0,2,8,14,20,64,58
10.0,Fri,2022-10-07,21:00,Lyon,Toulouse,1.4,0.5,1–1,41295.0,Ruddy Buquet,2022-2023,Alexandre Lacazette,Brecht Dejaegere,(4-2-3-1),(4-3-3),58%,42%,494 of 603 — 82%,74% — 324 of 437,8 of 19 — 42%,40% — 2 of 5,1 of 2 — 50%,87% — 7 of 8,2.0,0.0,2.0,0.0,13,11,4,5,13,14,717,568,18,14,7,10,16,9,16,24,2,1,4,10,25,19,57,68
10.0,Sat,2022-10-08,17:00,Marseille,Ajaccio,1.7,0.2,1–2,63312.0,Willy Delajod,2022-2023,Dimitri Payet,Mathieu Coutadeur,(3-4-3),(4-4-2),64%,36%,472 of 602 — 78%,68% — 227 of 333,1 of 9 — 11%,17% — 1 of 6,0 of 1 — 0%,100% — 1 of 1,0.0,0.0,2.0,0.0,17,18,11,2,26,11,692,457,14,19,16,16,17,18,13,22,2,1,6,10,22,23,70,70
10.0,Sat,2022-10-08,21:00,Reims,Paris S-G,1.8,1.2,0–0,20543.0,Pierre Gaillouste,2022-2023,Yunis Abdelhamid,Marquinhos,(3-5-2),(3-4-3),37%,63%,297 of 370 — 80%,88% — 556 of 631,4 of 24 — 17%,27% — 3 of 11,3 of 3 — 100%,100% — 4 of 4,3.0,0.0,5.0,1.0,20,12,7,3,16,6,478,725,14,14,15,8,6,7,8,18,3,0,6,19,10,9,45,41
10.0,Sun,2022-10-09,13:00,Montpellier,Monaco,0.7,1.2,0–2,13048.0,Benoît Millot,2022-2023,Téji Savanier,Wissam Ben Yedder,(4-2-3-1),(4-4-2),50%,50%,353 of 460 — 77%,77% — 357 of 461,1 of 11 — 9%,64% — 7 of 11,5 of 7 — 71%,100% — 1 of 1,2.0,0.0,3.0,0.0,13,16,7,2,24,16,582,587,23,12,14,11,10,13,20,30,1,0,4,11,14,28,66,76
10.0,Sun,2022-10-09,15:00,Brest,Lorient,0.9,1.1,1–2,9819.0,Bastien Dechepy,2022-2023,Brendan Chardonnet,Laurent Abergel,(4-4-2),(4-2-3-1),50%,50%,372 of 497 — 75%,77% — 378 of 488,4 of 11 — 36%,36% — 5 of 14,3 of 5 — 60%,75% — 3 of 4,3.0,0.0,1.0,0.0,14,13,7,8,34,20,619,625,25,10,10,15,12,25,18,26,0,1,5,10,22,17,70,51
10.0,Sun,2022-10-09,15:00,Nice,Troyes,2.6,1.5,3–2,18053.0,Johan Hamel,2022-2023,Dante,Adil Rami,(3-4-3),(5-4-1),61%,39%,569 of 651 — 87%,81% — 337 of 418,5 of 13 — 38%,35% — 6 of 17,4 of 6 — 66%,60% — 3 of 5,1.0,0.0,1.0,0.0,8,9,5,5,15,24,742,519,23,17,7,11,10,11,15,10,0,0,14,6,16,11,57,55
10.0,Sun,2022-10-09,15:00,Clermont Foot,Auxerre,1.1,1.0,2–1,11119.0,Mathieu Vernice,2022-2023,Johan Gastien,Birama Touré,(3-4-3),(4-1-4-1),48%,52%,337 of 442 — 76%,83% — 393 of 475,6 of 10 — 60%,29% — 4 of 14,3 of 4 — 75%,66% — 4 of 6,0.0,0.0,0.0,0.0,4,17,4,4,19,17,546,594,17,18,7,12,10,7,16,18,5,0,6,2,18,19,83,91
10.0,Sun,2022-10-09,15:00,Angers,Strasbourg,2.1,2.0,2–3,8000.0,Clément Turpin,2022-2023,Nabil Bentaleb,Alexander Djiku,(4-4-2),(3-5-2),54%,46%,478 of 562 — 85%,81% — 385 of 475,8 of 14 — 57%,47% — 7 of 15,5 of 7 — 71%,75% — 6 of 8,1.0,0.0,1.0,0.0,16,14,6,6,14,26,673,577,18,22,10,7,10,11,11,15,1,3,5,6,17,18,55,83
10.0,Sun,2022-10-09,17:05,Rennes,Nantes,1.8,0.5,3–0,27844.0,Florent Batta,2022-2023,Hamari Traoré,Alban Lafont,(4-4-2),(4-2-3-1),57%,43%,400 of 514 — 78%,69% — 264 of 384,4 of 14 — 29%,38% — 3 of 8,3 of 3 — 100%,25% — 1 of 4,1.0,1.0,0.0,0.0,13,14,4,3,12,17,625,483,17,19,5,5,27,30,15,13,2,3,8,12,22,23,83,76
10.0,Sun,2022-10-09,20:45,Lille,Lens,2.6,1.2,1–0,48527.0,François Letexier,2022-2023,José Fonte,Seko Fofana,(4-2-3-1),(3-4-3),45%,55%,318 of 400 — 80%,81% — 392 of 482,4 of 11 — 36%,22% — 2 of 9,2 of 2 — 100%,100% — 4 of 4,3.0,0.0,5.0,0.0,19,15,5,9,13,20,523,595,17,24,13,9,10,14,26,14,0,2,8,9,20,21,48,58
11.0,Fri,2022-10-14,21:00,Strasbourg,Lille,0.6,2.3,0–3,25313.0,Jérémie Pignard,2022-2023,Alexander Djiku,José Fonte,(3-5-2),(4-2-3-1),43%,57%,339 of 467 — 73%,81% — 497 of 610,1 of 12 — 8%,67% — 6 of 9,4 of 6 — 66%,100% — 1 of 1,3.0,0.0,1.0,0.0,12,17,3,0,22,4,586,726,24,12,19,12,13,11,11,21,1,3,3,11,26,16,67,76
11.0,Sat,2022-10-15,17:00,Lorient,Reims,0.8,0.6,0–0,15776.0,Mathieu Vernice,2022-2023,Vincent Le Goff,Yunis Abdelhamid,(4-2-3-1),(3-5-2),48%,52%,342 of 441 — 78%,78% — 367 of 471,3 of 10 — 30%,29% — 2 of 7,2 of 2 — 100%,100% — 3 of 3,1.0,0.0,4.5,1.0,10,17,2,2,20,18,561,579,30,18,12,14,9,10,17,15,1,2,7,11,25,23,57,52
11.0,Sat,2022-10-15,21:00,Lens,Montpellier,1.8,0.7,1–0,37320.0,Hakim Ben El Hadj Salem,2022-2023,Seko Fofana,Téji Savanier,(3-4-3),(4-2-3-1),65%,35%,582 of 688 — 85%,67% — 248 of 370,5 of 17 — 29%,13% — 1 of 8,1 of 1 — 100%,80% — 4 of 5,2.0,0.0,2.0,0.0,12,10,4,5,23,15,796,483,9,20,8,13,17,9,10,22,1,2,7,14,18,24,74,64
11.0,Sun,2022-10-16,13:00,Toulouse,Angers,2.4,1.2,3–2,21141.0,Benoît Bastien,2022-2023,Brecht Dejaegere,Nabil Bentaleb,(4-3-3),(5-3-2),55%,45%,399 of 497 — 80%,76% — 304 of 401,5 of 13 — 38%,38% — 5 of 13,3 of 5 — 60%,60% — 3 of 5,3.0,0.0,2.0,0.0,12,15,2,8,16,16,601,509,24,18,7,10,10,8,15,15,2,0,8,10,13,10,60,55
11.0,Sun,2022-10-16,15:00,Rennes,Lyon,1.6,1.1,3–2,28152.0,Stéphanie Frappart,2022-2023,Benjamin Bourigeaud,Alexandre Lacazette,(4-4-2),(3-4-1-2),40%,60%,330 of 430 — 77%,82% — 523 of 635,5 of 14 — 36%,71% — 5 of 7,3 of 5 — 60%,40% — 2 of 5,2.0,0.0,2.0,0.0,13,14,3,2,10,14,554,747,18,14,14,19,9,18,20,10,1,3,2,10,24,29,73,55
11.0,Sun,2022-10-16,15:00,Troyes,Ajaccio,0.6,2.4,1–1,7731.0,Jérôme Brisard,2022-2023,Adil Rami,Mathieu Coutadeur,(3-4-3),(4-4-2),51%,49%,339 of 453 — 75%,78% — 342 of 438,2 of 9 — 22%,43% — 6 of 14,5 of 6 — 83%,50% — 1 of 2,2.0,0.0,1.0,0.0,8,14,3,5,16,22,541,569,13,24,7,14,25,20,17,25,6,3,8,5,27,19,75,53
11.0,Sun,2022-10-16,15:00,Auxerre,Nice,0.8,1.6,1–1,14125.0,Eric Wattellier,2022-2023,Birama Touré,Mario Lemina,(4-2-3-1),(3-5-2),45%,55%,375 of 482 — 78%,81% — 477 of 589,3 of 11 — 27%,22% — 2 of 9,1 of 2 — 50%,66% — 2 of 3,0.0,0.0,0.0,0.0,11,3,2,6,19,22,577,686,18,12,9,17,11,17,14,16,2,2,10,13,17,24,92,68
11.0,Sun,2022-10-16,15:00,Nantes,Brest,2.9,0.7,4–1,25759.0,Marc Bollengier,2022-2023,Alban Lafont,Pierre Lees-Melou,(4-2-3-1),(4-2-3-1),54%,46%,380 of 472 — 81%,78% — 317 of 407,4 of 15 — 27%,18% — 2 of 11,1 of 2 — 50%,25% — 1 of 4,0.0,0.0,2.0,0.0,13,10,7,5,19,19,578,524,20,18,11,10,11,10,13,27,3,0,6,8,14,22,72,52
11.0,Sun,2022-10-16,17:05,Monaco,Clermont Foot,1.1,1.9,1–1,4731.0,Ruddy Buquet,2022-2023,Wissam Ben Yedder,Yohann Magnin,(4-4-2),(3-4-1-2),35%,65%,244 of 341 — 72%,88% — 560 of 637,3 of 5 — 60%,29% — 6 of 21,5 of 6 — 83%,66% — 2 of 3,3.0,1.0,4.0,0.0,8,11,3,4,8,16,420,743,17,14,8,10,13,11,16,9,1,2,15,4,13,13,77,59
11.0,Sun,2022-10-16,20:45,Paris S-G,Marseille,2.5,1.2,1–0,47000.0,Clément Turpin,2022-2023,Marquinhos,Valentin Rongier,(4-3-1-2),(3-4-3),50%,50%,492 of 542 — 91%,88% — 478 of 544,8 of 23 — 35%,39% — 7 of 18,7 of 7 — 100%,87% — 7 of 8,1.0,0.0,0.0,1.0,9,16,7,6,6,14,671,667,26,24,5,8,5,2,14,11,1,0,8,10,9,6,33,54
12.0,Fri,2022-10-21,21:00,Ajaccio,Paris S-G,0.3,2.5,0–3,10000.0,Johan Hamel,2022-2023,Mathieu Coutadeur,Marquinhos,(4-4-2),(4-3-1-2),35%,65%,297 of 384 — 77%,89% — 627 of 705,1 of 8 — 13%,55% — 6 of 11,3 of 6 — 50%,100% — 1 of 1,0.0,0.0,1.0,0.0,13,13,3,8,22,11,498,802,32,21,5,2,7,7,12,9,0,7,4,7,14,10,55,43
12.0,Sat,2022-10-22,17:00,Montpellier,Lyon,1.1,2.7,1–2,15339.0,Thomas Léonard,2022-2023,Téji Savanier,Alexandre Lacazette,(4-2-3-1),(3-4-1-2),38%,62%,263 of 356 — 74%,84% — 486 of 579,4 of 10 — 40%,48% — 10 of 21,8 of 10 — 80%,75% — 3 of 4,2.0,1.0,2.0,1.0,9,18,4,7,10,23,474,697,15,17,7,8,11,18,20,16,2,3,5,8,21,18,51,58
12.0,Sat,2022-10-22,21:00,Marseille,Lens,1.8,0.9,0–1,56414.0,Benoît Millot,2022-2023,Valentin Rongier,Seko Fofana,(3-4-3),(3-5-2),56%,44%,438 of 541 — 81%,80% — 338 of 425,3 of 13 — 23%,33% — 4 of 12,3 of 4 — 75%,100% — 3 of 3,3.0,0.0,3.0,0.0,19,20,7,3,20,11,634,537,13,15,13,13,7,7,10,27,2,2,5,7,17,18,54,62
12.0,Sun,2022-10-23,13:00,Angers,Rennes,1.2,2.2,1–2,11500.0,Pierre Gaillouste,2022-2023,Pierrick Capelle,Hamari Traoré,(5-3-2),(4-4-2),30%,70%,219 of 310 — 71%,87% — 622 of 712,2 of 7 — 29%,31% — 4 of 13,3 of 4 — 75%,50% — 1 of 2,3.0,0.0,1.0,0.0,9,11,5,6,16,16,407,797,12,12,14,6,10,12,12,14,0,2,7,4,12,19,66,57
12.0,Sun,2022-10-23,15:00,Troyes,Lorient,0.8,1.4,2–2,10000.0,Marc Bollengier,2022-2023,Erik Palmer-Brown,Vincent Le Goff,(5-4-1),(4-2-3-1),42%,58%,351 of 422 — 83%,86% — 492 of 574,4 of 13 — 31%,25% — 5 of 20,3 of 5 — 60%,75% — 3 of 4,2.0,0.0,0.0,0.0,8,9,3,6,20,17,534,678,18,21,11,12,8,9,18,14,2,2,16,11,7,16,49,48
12.0,Sun,2022-10-23,15:00,Toulouse,Strasbourg,2.2,1.8,2–2,21622.0,Jeremy Stinat,2022-2023,Brecht Dejaegere,Dimitri Liénard,(4-2-3-1),(3-5-2),48%,52%,358 of 457 — 78%,78% — 383 of 493,6 of 17 — 35%,40% — 4 of 10,2 of 4 — 50%,66% — 4 of 6,3.5,0.0,1.0,0.0,14,8,6,6,16,20,567,591,9,10,6,7,21,8,29,23,4,0,8,10,16,21,65,78
12.0,Sun,2022-10-23,15:00,Reims,Auxerre,2.4,0.7,2–1,11411.0,Hakim Ben El Hadj Salem,2022-2023,Yunis Abdelhamid,Birama Touré,(4-2-3-1),(4-2-3-1),54%,46%,361 of 466 — 77%,74% — 296 of 399,10 of 19 — 53%,20% — 2 of 10,1 of 2 — 50%,80% — 8 of 10,4.0,0.0,0.0,0.0,13,12,8,2,28,16,593,529,22,28,14,25,10,13,13,23,4,5,4,8,23,24,48,77
12.0,Sun,2022-10-23,15:00,Clermont Foot,Brest,1.0,3.0,1–3,7275.0,Jérémie Pignard,2022-2023,Johan Gastien,Brendan Chardonnet,(3-4-3),(4-3-3),62%,38%,522 of 633 — 82%,75% — 290 of 385,4 of 14 — 29%,56% — 10 of 18,8 of 10 — 80%,75% — 3 of 4,4.0,0.0,1.0,0.0,10,17,7,4,29,14,733,508,15,18,11,21,8,6,16,21,1,0,5,14,16,14,57,75
12.0,Sun,2022-10-23,17:05,Nice,Nantes,1.4,1.0,1–1,20166.0,François Letexier,2022-2023,Dante,Alban Lafont,(3-4-3),(4-2-3-1),66%,34%,552 of 660 — 84%,75% — 255 of 339,4 of 10 — 40%,36% — 4 of 11,3 of 4 — 75%,100% — 4 of 4,3.0,0.0,5.5,1.0,9,9,7,3,23,18,758,480,20,31,4,14,11,12,12,26,2,1,6,6,31,16,73,73
12.0,Sun,2022-10-23,20:45,Lille,Monaco,2.5,1.1,4–3,35362.0,Willy Delajod,2022-2023,Jonathan Bamba,Wissam Ben Yedder,(4-2-3-1),(4-4-2),59%,41%,437 of 533 — 82%,72% — 267 of 369,7 of 20 — 35%,67% — 6 of 9,3 of 6 — 50%,42% — 3 of 7,1.0,0.0,2.0,0.0,8,10,6,6,8,14,625,454,13,12,4,9,9,16,18,7,3,5,4,8,18,15,48,69
13.0,Fri,2022-10-28,21:00,Lens,Toulouse,2.4,0.7,3–0,37488.0,Florent Batta,2022-2023,Seko Fofana,Brecht Dejaegere,(3-4-3),(4-3-3),52%,48%,379 of 470 — 81%,75% — 321 of 430,7 of 12 — 58%,0% — 0 of 9,0 of 0 — %,57% — 4 of 7,2.0,0.0,1.0,0.0,12,13,6,8,16,20,560,504,6,11,8,10,12,7,17,12,0,0,7,9,15,26,55,81
13.0,Sat,2022-10-29,17:00,Paris S-G,Troyes,2.9,2.0,4–3,47000.0,Eric Wattellier,2022-2023,Presnel Kimpembe,Gauthier Gallon,(4-3-3),(5-4-1),67%,33%,645 of 717 — 90%,83% — 297 of 358,10 of 18 — 56%,31% — 5 of 16,2 of 5 — 40%,70% — 7 of 10,0.0,0.0,3.0,0.0,9,12,8,4,10,12,820,486,25,21,9,12,7,4,5,17,2,1,7,6,13,13,28,45
13.0,Sat,2022-10-29,21:00,Strasbourg,Marseille,1.1,2.0,2–2,25687.0,Ruddy Buquet,2022-2023,Adrien Thomasson,Dimitri Payet,(3-5-2),(3-4-3),51%,49%,407 of 518 — 79%,81% — 405 of 503,5 of 12 — 42%,31% — 4 of 13,2 of 4 — 50%,60% — 3 of 5,0.0,0.0,2.0,0.0,14,11,3,0,20,8,620,610,14,14,13,14,14,11,12,16,0,0,5,9,24,13,56,62
13.0,Sun,2022-10-30,13:00,Auxerre,Ajaccio,1.5,0.4,1–0,15092.0,Benoît Millot,2022-2023,Birama Touré,Mathieu Coutadeur,(4-4-2),(4-4-2),41%,59%,292 of 376 — 78%,81% — 432 of 535,5 of 18 — 28%,20% — 1 of 5,1 of 1 — 100%,80% — 4 of 5,1.0,1.0,1.0,1.0,13,12,5,5,11,22,508,631,16,15,13,10,17,21,34,17,0,3,4,11,19,26,73,69
13.0,Sun,2022-10-30,15:00,Monaco,Angers,1.8,0.6,2–0,7069.0,Stéphanie Frappart,2022-2023,Wissam Ben Yedder,Pierrick Capelle,(3-4-1-2),(5-3-2),52%,48%,419 of 530 — 79%,82% — 403 of 489,4 of 7 — 57%,43% — 3 of 7,3 of 3 — 100%,50% — 2 of 4,3.0,0.0,3.0,0.0,18,15,7,0,27,6,609,596,21,13,11,5,5,7,4,21,1,2,6,4,11,12,60,54
13.0,Sun,2022-10-30,15:00,Rennes,Montpellier,1.2,0.9,3–0,26617.0,Bastien Dechepy,2022-2023,Hamari Traoré,Téji Savanier,(4-4-2),(5-3-2),55%,45%,465 of 562 — 83%,78% — 354 of 456,3 of 14 — 21%,38% — 3 of 8,3 of 3 — 100%,0% — 0 of 3,1.0,0.0,2.0,0.0,15,12,3,4,17,19,665,561,10,20,12,11,11,12,16,16,0,5,6,9,16,16,79,55
13.0,Sun,2022-10-30,15:00,Brest,Reims,1.5,1.0,0–0,11008.0,Willy Delajod,2022-2023,Brendan Chardonnet,Yunis Abdelhamid,(4-2-3-1),(4-2-3-1),51%,49%,346 of 464 — 75%,74% — 329 of 444,4 of 12 — 33%,27% — 3 of 11,3 of 3 — 100%,100% — 4 of 4,1.0,0.0,1.0,0.0,15,13,5,5,16,18,595,559,22,25,13,10,17,12,20,14,5,2,11,9,25,25,94,75
13.0,Sun,2022-10-30,15:00,Nantes,Clermont Foot,1.7,0.7,1–1,30894.0,Benoît Bastien,2022-2023,Ludovic Blas,Florent Ogier,(4-2-3-1),(3-4-3),55%,45%,463 of 583 — 79%,77% — 366 of 477,4 of 13 — 31%,60% — 6 of 10,5 of 6 — 83%,75% — 3 of 4,0.0,0.0,2.0,0.0,15,9,2,2,31,13,682,594,15,17,8,15,17,26,14,21,0,1,6,9,25,20,77,87
13.0,Sun,2022-10-30,17:05,Lorient,Nice,1.8,1.8,1–2,16034.0,Clément Turpin,2022-2023,Vincent Le Goff,Dante,(4-1-4-1),(4-4-2),44%,56%,430 of 509 — 84%,89% — 583 of 652,7 of 14 — 50%,31% — 5 of 16,3 of 5 — 60%,85% — 6 of 7,0.0,0.0,1.0,0.0,7,7,8,3,13,15,603,788,18,26,5,15,10,5,12,15,2,1,9,7,15,12,49,55
13.0,Sun,2022-10-30,20:45,Lyon,Lille,1.6,1.5,1–0,55790.0,Jérôme Brisard,2022-2023,Alexandre Lacazette,José Fonte,(3-5-2),(4-2-3-1),45%,55%,371 of 474 — 78%,82% — 481 of 585,3 of 6 — 50%,33% — 5 of 15,5 of 5 — 100%,66% — 2 of 3,3.0,0.0,1.0,0.0,11,15,3,6,11,15,599,703,27,27,20,7,10,16,21,14,2,1,6,6,19,27,85,44
14.0,Fri,2022-11-04,21:00,Troyes,Auxerre,1.9,1.4,1–1,12689.0,Pierre Gaillouste,2022-2023,Gauthier Gallon,Birama Touré,(3-4-1-2),(4-4-2),50%,50%,435 of 528 — 82%,85% — 442 of 523,5 of 21 — 24%,15% — 2 of 13,1 of 2 — 50%,80% — 4 of 5,2.0,0.0,0.0,0.0,9,10,10,5,27,25,636,645,13,14,7,11,14,9,17,31,0,2,9,9,17,12,50,59
14.0,Sat,2022-11-05,17:00,Ajaccio,Strasbourg,3.7,0.9,4–2,7203.0,Mathieu Vernice,2022-2023,Mathieu Coutadeur,Alexander Djiku,(4-4-2),(3-4-3),49%,51%,315 of 409 — 77%,77% — 327 of 423,5 of 9 — 56%,56% — 5 of 9,3 of 5 — 60%,60% — 3 of 5,0.0,1.0,4.0,0.0,15,20,4,3,17,20,504,512,10,10,9,11,14,21,21,11,1,0,4,6,17,17,67,70
14.0,Sat,2022-11-05,21:00,Angers,Lens,0.5,1.8,1–2,11585.0,Thomas Léonard,2022-2023,Nabil Bentaleb,Seko Fofana,(5-3-2),(3-4-3),44%,56%,389 of 471 — 83%,85% — 516 of 609,3 of 6 — 50%,33% — 4 of 12,2 of 4 — 50%,66% — 2 of 3,1.0,0.0,2.0,0.0,16,6,3,4,7,19,558,694,19,15,2,7,9,7,12,6,0,2,6,4,14,21,47,71
14.0,Sun,2022-11-06,13:00,Lorient,Paris S-G,0.8,1.6,1–2,16778.0,Benoît Bastien,2022-2023,Vincent Le Goff,Marquinhos,(4-1-4-1),(3-4-1-2),41%,59%,358 of 435 — 82%,89% — 557 of 628,2 of 9 — 22%,47% — 7 of 15,5 of 7 — 71%,50% — 1 of 2,1.0,0.0,1.0,0.0,10,9,5,8,16,24,541,733,22,18,7,10,7,9,23,15,0,0,13,6,11,18,43,50
14.0,Sun,2022-11-06,15:00,Clermont Foot,Montpellier,3.4,1.2,1–1,10990.0,Marc Bollengier,2022-2023,Florent Ogier,Téji Savanier,(3-4-1-2),(5-3-2),54%,46%,330 of 459 — 72%,71% — 279 of 392,6 of 14 — 43%,33% — 2 of 6,2 of 2 — 100%,83% — 5 of 6,1.0,0.0,2.0,0.0,14,17,5,1,27,12,568,513,28,19,10,15,24,13,13,20,1,1,12,5,29,20,77,77
14.0,Sun,2022-11-06,15:00,Nice,Brest,1.1,1.1,1–0,19035.0,Jeremy Stinat,2022-2023,Dante,Brendan Chardonnet,(4-4-2),(4-3-3),56%,44%,526 of 610 — 86%,80% — 390 of 485,9 of 14 — 64%,17% — 2 of 12,2 of 2 — 100%,88% — 8 of 9,1.0,0.0,1.0,0.0,6,11,2,6,14,20,733,586,21,14,11,14,10,11,23,11,5,2,7,4,11,19,53,83
14.0,Sun,2022-11-06,15:00,Toulouse,Monaco,0.7,2.4,0–2,23005.0,Benoît Millot,2022-2023,Brecht Dejaegere,Axel Disasi,(4-3-3),(4-2-3-1),48%,52%,315 of 438 — 72%,76% — 356 of 468,5 of 13 — 38%,42% — 10 of 24,8 of 10 — 80%,100% — 5 of 5,0.0,0.0,1.0,0.0,9,11,7,6,17,20,572,601,13,19,16,21,17,15,17,13,2,2,14,10,17,23,61,64
14.0,Sun,2022-11-06,15:00,Reims,Nantes,2.8,0.7,1–0,11477.0,Ruddy Buquet,2022-2023,Yunis Abdelhamid,Alban Lafont,(4-2-3-1),(4-1-4-1),57%,43%,423 of 539 — 78%,70% — 289 of 411,8 of 21 — 38%,27% — 4 of 15,4 of 4 — 100%,100% — 8 of 8,2.0,0.0,5.5,0.0,7,14,10,4,27,15,676,545,24,25,14,20,17,14,19,21,1,0,3,10,22,21,80,73
14.0,Sun,2022-11-06,17:05,Lille,Rennes,2.4,0.9,1–1,35539.0,Johan Hamel,2022-2023,José Fonte,Hamari Traoré,(4-2-3-1),(4-3-3),62%,38%,517 of 614 — 84%,73% — 280 of 381,7 of 19 — 37%,50% — 1 of 2,1 of 1 — 100%,85% — 6 of 7,4.0,0.0,1.0,1.0,9,14,6,2,15,6,716,492,21,23,7,5,19,14,4,21,1,0,1,7,17,15,63,64
14.0,Sun,2022-11-06,20:45,Marseille,Lyon,0.8,0.9,1–0,62975.0,François Letexier,2022-2023,Valentin Rongier,Alexandre Lacazette,(3-4-3),(4-1-2-1-2),47%,53%,378 of 488 — 77%,79% — 441 of 557,2 of 6 — 33%,36% — 4 of 11,4 of 4 — 100%,50% — 1 of 2,0.0,0.0,1.0,0.0,9,13,6,4,20,18,619,672,27,27,12,10,12,14,14,12,2,0,7,6,23,19,81,56
15.0,Fri,2022-11-11,21:00,Lyon,Nice,1.3,1.6,1–1,57000.0,Eric Wattellier,2022-2023,Alexandre Lacazette,Dante,(4-3-3),(4-4-2),63%,37%,597 of 698 — 86%,79% — 326 of 414,2 of 8 — 25%,17% — 2 of 12,2 of 2 — 100%,100% — 2 of 2,1.0,0.0,0.0,0.0,7,7,3,4,21,10,803,552,24,26,9,15,13,7,5,21,0,3,8,7,22,14,70,57
15.0,Sat,2022-11-12,17:00,Lens,Clermont Foot,1.5,0.2,2–1,37519.0,Hakim Ben El Hadj Salem,2022-2023,Seko Fofana,Johan Gastien,(3-4-3),(3-4-1-2),61%,39%,469 of 562 — 83%,72% — 259 of 361,3 of 16 — 19%,40% — 2 of 5,2 of 2 — 100%,33% — 1 of 3,1.0,0.0,3.0,0.0,19,17,5,3,34,9,639,459,9,12,11,10,8,5,3,17,2,3,3,7,14,15,42,73
15.0,Sat,2022-11-12,21:00,Rennes,Toulouse,2.1,1.0,2–1,26835.0,Willy Delajod,2022-2023,Hamari Traoré,Branco van den Boomen,(4-4-2),(4-3-3),46%,54%,361 of 461 — 78%,79% — 422 of 536,8 of 16 — 50%,40% — 4 of 10,3 of 4 — 75%,75% — 6 of 8,0.0,0.0,0.0,0.0,9,10,4,4,12,19,579,641,10,16,14,6,16,12,18,13,2,4,4,8,16,22,65,70
15.0,Sun,2022-11-13,13:00,Paris S-G,Auxerre,2.0,0.7,5–0,45000.0,Thomas Léonard,2022-2023,Marco Verratti,Birama Touré,(4-3-1-2),(5-4-1),59%,41%,594 of 672 — 88%,81% — 383 of 470,6 of 9 — 67%,30% — 3 of 10,3 of 3 — 100%,16% — 1 of 6,0.0,0.0,0.0,0.0,5,7,3,7,9,13,762,571,12,23,5,11,9,7,11,8,3,0,7,8,7,7,47,68
15.0,Sun,2022-11-13,15:00,Montpellier,Reims,1.7,2.1,1–1,11778.0,Florent Batta,2022-2023,Téji Savanier,Yunis Abdelhamid,(5-3-2),(4-2-3-1),49%,51%,280 of 422 — 66%,71% — 309 of 436,8 of 16 — 50%,24% — 4 of 17,3 of 4 — 75%,87% — 7 of 8,2.0,0.0,2.0,0.0,15,15,11,7,38,19,547,573,20,20,14,22,17,20,19,35,1,2,7,10,31,31,81,70
15.0,Sun,2022-11-13,15:00,Brest,Troyes,2.4,1.0,2–1,10642.0,Ruddy Buquet,2022-2023,Brendan Chardonnet,Yoann Salmier,(4-3-3),(3-4-3),54%,46%,373 of 467 — 80%,78% — 313 of 403,3 of 13 — 23%,25% — 2 of 8,2 of 2 — 100%,100% — 3 of 3,3.0,0.0,2.0,1.0,13,12,5,5,21,15,571,503,17,17,11,10,11,10,10,16,2,2,7,16,14,13,57,69
15.0,Sun,2022-11-13,15:00,Nantes,Ajaccio,1.1,2.5,2–2,29407.0,Jérémie Pignard,2022-2023,Alban Lafont,Mathieu Coutadeur,(4-2-3-1),(4-4-2),53%,47%,324 of 429 — 76%,71% — 272 of 382,5 of 15 — 33%,25% — 3 of 12,2 of 3 — 66%,60% — 3 of 5,3.0,0.0,4.0,0.0,16,17,9,6,22,23,535,480,16,13,4,6,30,20,20,26,1,2,8,5,18,17,73,84
15.0,Sun,2022-11-13,15:00,Lille,Angers,0.6,0.6,1–0,36360.0,Miguel Nogueira,2022-2023,José Fonte,Pierrick Capelle,(4-2-3-1),(5-3-2),58%,42%,520 of 604 — 86%,78% — 337 of 434,4 of 9 — 44%,25% — 2 of 8,2 of 2 — 100%,75% — 3 of 4,3.0,1.0,1.0,0.0,18,12,2,6,8,17,730,532,24,21,3,13,8,19,15,8,2,1,6,5,22,19,63,60
15.0,Sun,2022-11-13,17:05,Strasbourg,Lorient,2.3,0.5,1–1,25117.0,Pierre Gaillouste,2022-2023,Dimitri Liénard,Vincent Le Goff,(4-4-2),(4-1-4-1),61%,39%,543 of 670 — 81%,75% — 328 of 437,4 of 20 — 20%,33% — 2 of 6,1 of 2 — 50%,75% — 3 of 4,4.0,0.0,1.0,0.0,9,9,4,2,40,5,786,567,16,15,10,7,23,12,9,45,2,1,5,13,19,23,77,56
15.0,Sun,2022-11-13,20:45,Monaco,Marseille,2.0,1.9,2–3,10631.0,Benoît Bastien,2022-2023,Wissam Ben Yedder,Valentin Rongier,(4-2-3-1),(3-4-3),42%,58%,327 of 427 — 77%,86% — 515 of 597,5 of 10 — 50%,27% — 3 of 11,0 of 3 — 0%,80% — 4 of 5,3.0,0.0,1.0,0.0,17,9,5,4,21,13,507,706,12,8,11,10,15,8,10,22,0,1,9,7,12,12,62,60
16.0,Wed,2022-12-28,15:00,Troyes,Nantes,0.2,1.5,0–0,9043.0,Stéphanie Frappart,2022-2023,Yoann Salmier,Alban Lafont,(4-2-3-1),(4-1-4-1),56%,44%,514 of 620 — 83%,81% — 402 of 495,2 of 6 — 33%,26% — 5 of 19,5 of 5 — 100%,100% — 2 of 2,0.0,0.0,2.0,0.0,9,12,4,4,15,30,723,627,15,20,7,15,9,17,22,23,0,0,6,6,22,15,57,67
16.0,Wed,2022-12-28,15:00,Ajaccio,Angers,1.6,1.9,1–0,7088.0,Jeremy Stinat,2022-2023,Mathieu Coutadeur,Paul Bernardoni,(4-4-2),(4-2-3-1),46%,54%,310 of 413 — 75%,78% — 382 of 487,2 of 10 — 20%,29% — 4 of 14,4 of 4 — 100%,100% — 2 of 2,1.0,0.0,0.0,0.0,13,13,3,5,13,23,516,587,11,21,6,6,10,23,21,16,2,2,9,5,26,27,89,67
16.0,Wed,2022-12-28,17:00,Auxerre,Monaco,1.3,1.3,2–3,16503.0,Marc Bollengier,2022-2023,Birama Touré,Wissam Ben Yedder,(4-4-1-1),(4-4-2),38%,62%,284 of 377 — 75%,79% — 491 of 618,5 of 10 — 50%,40% — 2 of 5,0 of 2 — 0%,100% — 5 of 5,1.0,0.0,0.0,0.0,9,15,1,3,12,17,503,711,21,13,14,5,18,15,18,14,3,2,7,6,16,30,75,71
16.0,Wed,2022-12-28,19:00,Clermont Foot,Lille,0.7,1.6,0–2,13122.0,François Letexier,2022-2023,Yohann Magnin,José Fonte,(3-4-3),(3-4-3),43%,57%,311 of 417 — 75%,81% — 448 of 553,3 of 9 — 33%,15% — 2 of 13,1 of 2 — 50%,100% — 3 of 3,5.5,0.0,2.0,0.0,9,17,3,3,14,6,533,675,18,27,15,10,16,9,10,19,3,3,7,6,22,23,65,49
16.0,Wed,2022-12-28,21:00,Paris S-G,Strasbourg,2.1,1.3,2–1,47000.0,Clément Turpin,2022-2023,Marquinhos,Alexander Djiku,(4-3-1-2),(4-1-2-1-2),71%,29%,724 of 816 — 89%,79% — 262 of 330,5 of 9 — 56%,25% — 3 of 12,3 of 3 — 100%,80% — 4 of 5,5.5,0.0,1.0,0.0,9,13,8,3,16,11,911,466,18,35,3,17,3,10,7,25,3,0,8,5,28,8,56,53
16.0,Wed,2022-12-28,21:00,Brest,Lyon,1.3,3.1,2–4,14601.0,Bastien Dechepy,2022-2023,Brendan Chardonnet,Alexandre Lacazette,(4-3-3),(4-2-3-1),43%,57%,291 of 395 — 74%,84% — 430 of 514,5 of 17 — 29%,50% — 8 of 16,5 of 8 — 62%,60% — 3 of 5,2.0,0.0,2.0,0.0,8,19,6,6,27,16,492,631,16,18,9,15,15,6,18,20,1,0,7,11,21,17,49,66
16.0,Thu,2022-12-29,17:00,Lorient,Montpellier,1.0,1.7,0–2,15963.0,Willy Delajod,2022-2023,Laurent Abergel,Téji Savanier,(4-2-3-1),(4-2-3-1),48%,52%,398 of 494 — 81%,77% — 416 of 541,4 of 12 — 33%,43% — 6 of 14,4 of 6 — 66%,100% — 4 of 4,3.0,0.0,4.0,0.0,15,15,5,2,21,13,623,631,19,13,15,4,16,14,8,14,0,2,7,10,21,21,49,74
16.0,Thu,2022-12-29,19:00,Reims,Rennes,1.4,1.6,3–1,13262.0,Hakim Ben El Hadj Salem,2022-2023,Yunis Abdelhamid,Hamari Traoré,(4-2-3-1),(4-3-3),34%,66%,224 of 328 — 68%,82% — 530 of 644,4 of 10 — 40%,45% — 5 of 11,4 of 5 — 80%,25% — 1 of 4,2.0,0.0,2.0,0.0,8,8,4,6,13,20,442,750,20,13,10,10,14,16,14,15,5,3,4,7,16,21,58,76
16.0,Thu,2022-12-29,21:00,Marseille,Toulouse,2.6,1.8,6–1,61371.0,Jérémie Pignard,2022-2023,Dimitri Payet,Brecht Dejaegere,(3-4-3),(4-3-3),51%,49%,402 of 494 — 81%,78% — 377 of 482,6 of 12 — 50%,44% — 4 of 9,4 of 4 — 100%,33% — 2 of 6,1.0,0.0,2.0,0.0,14,8,1,6,10,19,612,580,19,20,11,18,15,8,22,10,0,0,4,6,19,22,47,55
16.0,Thu,2022-12-29,21:00,Nice,Lens,1.0,1.0,0–0,24672.0,Benoît Millot,2022-2023,Dante,Seko Fofana,(3-4-3),(3-4-3),41%,59%,356 of 432 — 82%,88% — 538 of 613,5 of 9 — 56%,20% — 2 of 10,2 of 2 — 100%,100% — 5 of 5,2.0,0.0,3.0,0.0,11,18,4,6,9,16,520,703,14,18,7,4,7,10,11,13,2,3,8,4,14,12,51,42
17.0,Sun,2023-01-01,15:00,Monaco,Brest,1.4,0.8,1–0,6150.0,Jeremy Stinat,2022-2023,Axel Disasi,Brendan Chardonnet,(4-4-2),(4-3-3),51%,49%,384 of 477 — 81%,76% — 344 of 454,5 of 17 — 29%,46% — 6 of 13,6 of 6 — 100%,80% — 4 of 5,3.0,0.0,4.0,0.0,23,14,7,5,17,18,614,564,27,20,9,16,23,17,17,14,1,2,4,10,19,19,62,65
17.0,Sun,2023-01-01,15:00,Angers,Lorient,2.3,0.6,1–2,6000.0,Florent Batta,2022-2023,Pierrick Capelle,Laurent Abergel,(4-2-3-1),(4-2-3-1),42%,58%,306 of 391 — 78%,82% — 445 of 543,6 of 15 — 40%,50% — 5 of 10,4 of 5 — 80%,83% — 5 of 6,3.0,0.0,0.0,0.0,16,9,7,7,19,15,525,667,18,27,6,9,13,14,21,13,3,0,3,8,23,31,72,53
17.0,Sun,2023-01-01,15:00,Toulouse,Ajaccio,1.1,0.0,2–0,25957.0,Pierre Gaillouste,2022-2023,Brecht Dejaegere,Mathieu Coutadeur,(4-3-3),(4-4-2),62%,38%,484 of 608 — 80%,67% — 255 of 380,4 of 11 — 36%,0% — 0 of 1,0 of 0 — %,50% — 2 of 4,3.0,0.0,1.0,0.0,15,15,5,2,19,11,703,470,12,12,11,18,20,14,9,15,3,1,3,13,13,27,81,93
17.0,Sun,2023-01-01,15:00,Nantes,Auxerre,1.0,0.8,1–0,23266.0,Benoît Bastien,2022-2023,Alban Lafont,Birama Touré,(4-4-2),(4-4-1-1),50%,50%,344 of 453 — 76%,75% — 334 of 445,3 of 10 — 30%,43% — 6 of 14,6 of 6 — 100%,66% — 2 of 3,1.0,0.0,2.0,0.0,10,19,3,7,14,21,577,567,17,10,8,15,25,28,23,19,1,0,9,8,19,23,73,77
17.0,Sun,2023-01-01,17:00,Lyon,Clermont Foot,0.7,1.2,0–1,30000.0,Stéphanie Frappart,2022-2023,Alexandre Lacazette,Florent Ogier,(4-2-3-1),(3-4-3),60%,40%,496 of 582 — 85%,75% — 293 of 390,2 of 13 — 15%,17% — 2 of 12,2 of 2 — 100%,100% — 2 of 2,1.0,0.0,3.0,0.0,21,13,7,4,13,7,712,512,21,26,11,14,12,6,14,10,0,2,3,8,19,19,59,54
17.0,Sun,2023-01-01,20:45,Lens,Paris S-G,1.8,1.6,3–1,38047.0,Jérôme Brisard,2022-2023,Seko Fofana,Marquinhos,(3-4-3),(4-3-1-2),41%,59%,339 of 423 — 80%,87% — 534 of 617,4 of 10 — 40%,38% — 6 of 16,5 of 6 — 83%,25% — 1 of 4,2.0,0.0,3.0,0.0,16,12,3,7,6,19,546,714,21,13,11,6,8,5,23,10,3,0,6,5,11,17,61,33
17.0,Mon,2023-01-02,15:00,Strasbourg,Troyes,1.1,1.2,2–3,25135.0,Benoît Millot,2022-2023,Alexander Djiku,Yoann Salmier,(4-3-1-2),(4-2-3-1),56%,44%,471 of 594 — 79%,74% — 344 of 466,7 of 17 — 41%,56% — 5 of 9,2 of 5 — 40%,71% — 5 of 7,1.0,0.0,2.0,0.0,10,12,3,1,21,2,697,588,10,15,10,13,41,23,5,32,3,2,5,10,28,13,85,79
17.0,Mon,2023-01-02,17:00,Lille,Reims,2.3,0.8,1–1,31086.0,Eric Wattellier,2022-2023,José Fonte,Yunis Abdelhamid,(3-4-3),(4-2-3-1),61%,39%,560 of 646 — 87%,79% — 326 of 415,5 of 14 — 36%,67% — 6 of 9,5 of 6 — 83%,80% — 4 of 5,1.0,0.0,1.0,0.0,8,12,5,1,13,8,764,526,22,24,7,9,8,6,13,10,1,3,8,7,21,28,52,63
17.0,Mon,2023-01-02,19:00,Montpellier,Marseille,1.4,1.4,1–2,18971.0,Ruddy Buquet,2022-2023,Téji Savanier,Dimitri Payet,(4-2-3-1),(3-4-3),41%,59%,269 of 365 — 74%,82% — 434 of 531,0 of 7 — 0%,41% — 7 of 17,6 of 7 — 85%,% — 0 of 0,2.0,0.0,2.0,1.0,10,14,5,7,18,24,466,638,19,18,6,12,12,8,17,13,3,2,3,9,23,20,51,71
17.0,Mon,2023-01-02,21:00,Rennes,Nice,1.9,0.4,2–1,27427.0,Thomas Léonard,2022-2023,Hamari Traoré,Dante,(4-4-2),(3-4-3),62%,38%,582 of 673 — 86%,77% — 322 of 419,5 of 20 — 25%,50% — 3 of 6,2 of 3 — 66%,60% — 3 of 5,1.0,0.0,1.0,0.0,16,7,5,2,21,6,788,530,16,22,13,10,10,13,6,25,1,1,6,9,15,20,61,51
18.0,Wed,2023-01-11,19:00,Nantes,Lyon,1.1,0.5,0–0,27657.0,Marc Bollengier,2022-2023,Alban Lafont,Alexandre Lacazette,(4-4-2),(4-3-3),40%,60%,301 of 415 — 73%,86% — 536 of 626,5 of 13 — 38%,60% — 6 of 10,6 of 6 — 100%,100% — 5 of 5,2.0,0.0,3.0,0.0,12,15,6,1,22,13,518,745,10,16,13,11,17,17,18,26,2,2,3,7,21,17,86,43
18.0,Wed,2023-01-11,19:00,Auxerre,Toulouse,1.1,2.2,0–5,12405.0,Florent Batta,2022-2023,Birama Touré,Brecht Dejaegere,(4-4-2),(4-3-3),48%,52%,284 of 370 — 77%,78% — 317 of 406,4 of 18 — 22%,75% — 6 of 8,2 of 6 — 33%,100% — 4 of 4,3.0,0.0,1.0,0.0,22,13,7,4,29,13,480,517,20,16,6,10,16,19,11,27,0,1,5,8,16,12,53,65
18.0,Wed,2023-01-11,19:00,Brest,Lille,0.3,0.7,0–0,11452.0,Mathieu Vernice,2022-2023,Brendan Chardonnet,Benjamin André,(4-3-3),(4-2-3-1),29%,71%,201 of 304 — 66%,85% — 626 of 733,0 of 5 — 0%,36% — 4 of 11,4 of 4 — 100%,% — 0 of 0,0.0,0.0,1.0,0.0,15,12,0,8,11,23,420,832,21,15,16,10,10,19,22,10,0,2,7,4,25,14,66,72
18.0,Wed,2023-01-11,19:00,Clermont Foot,Rennes,1.7,1.1,2–1,10648.0,Clément Turpin,2022-2023,Yohann Magnin,Hamari Traoré,(3-4-3),(4-4-2),39%,61%,285 of 387 — 74%,85% — 523 of 616,5 of 11 — 45%,22% — 2 of 9,1 of 2 — 50%,60% — 3 of 5,0.0,0.0,3.5,1.0,12,13,4,1,10,9,485,721,12,15,15,11,14,16,12,12,2,0,6,4,17,20,65,67
18.0,Wed,2023-01-11,19:00,Ajaccio,Reims,1.0,0.9,0–1,6648.0,Willy Delajod,2022-2023,Vincent Marchetti,Yunis Abdelhamid,(4-4-2),(4-2-3-1),48%,52%,285 of 434 — 66%,71% — 338 of 473,1 of 11 — 9%,11% — 1 of 9,0 of 1 — 0%,100% — 1 of 1,3.0,0.0,3.0,0.0,20,22,2,2,32,11,531,591,14,19,12,10,24,20,8,27,3,2,4,5,31,31,75,88
18.0,Wed,2023-01-11,21:00,Paris S-G,Angers,1.3,0.5,2–0,47000.0,Eric Wattellier,2022-2023,Marquinhos,Pierrick Capelle,(3-4-3),(4-2-3-1),66%,34%,796 of 863 — 92%,87% — 386 of 442,6 of 9 — 67%,0% — 0 of 6,0 of 0 — %,66% — 4 of 6,1.0,0.0,2.0,0.0,5,10,5,1,10,7,945,530,19,18,4,8,3,2,5,8,3,2,6,1,14,8,39,28
18.0,Wed,2023-01-11,21:00,Troyes,Marseille,0.2,1.9,0–2,14222.0,Hakim Ben El Hadj Salem,2022-2023,Yoann Salmier,Valentin Rongier,(4-2-3-1),(3-4-3),32%,68%,262 of 336 — 78%,88% — 620 of 703,1 of 5 — 20%,31% — 4 of 13,2 of 4 — 50%,100% — 1 of 1,2.0,0.0,3.0,0.0,12,13,4,7,11,27,425,779,9,12,8,10,6,3,12,9,1,4,5,2,20,15,48,69
18.0,Wed,2023-01-11,21:00,Nice,Montpellier,2.5,0.2,6–1,17500.0,Bastien Dechepy,2022-2023,Dante,Téji Savanier,(4-2-3-1),(4-2-3-1),58%,42%,437 of 519 — 84%,78% — 299 of 381,10 of 16 — 63%,50% — 2 of 4,1 of 2 — 50%,40% — 4 of 10,1.0,0.0,1.0,0.0,16,17,3,4,16,12,645,505,32,32,7,10,5,7,19,20,0,3,5,5,12,24,39,47
18.0,Wed,2023-01-11,21:00,Strasbourg,Lens,0.8,1.9,2–2,25624.0,François Letexier,2022-2023,Dimitri Liénard,Seko Fofana,(5-3-2),(3-4-3),35%,65%,286 of 364 — 79%,87% — 589 of 680,6 of 9 — 67%,53% — 8 of 15,6 of 8 — 75%,66% — 4 of 6,1.0,0.0,1.0,0.0,15,10,3,4,11,34,485,781,16,26,5,8,13,5,34,10,0,0,9,2,13,23,60,72
18.0,Wed,2023-01-11,21:00,Lorient,Monaco,1.3,1.8,2–2,14521.0,Jérôme Brisard,2022-2023,Laurent Abergel,Axel Disasi,(4-2-3-1),(4-2-2-2),42%,58%,303 of 403 — 75%,81% — 451 of 557,6 of 8 — 75%,25% — 4 of 16,2 of 4 — 50%,66% — 4 of 6,1.0,0.0,1.0,0.0,8,13,3,4,13,25,529,671,21,19,12,10,9,15,25,17,1,2,11,5,15,24,70,64
19.0,Sat,2023-01-14,17:00,Lens,Auxerre,2.0,0.3,1–0,38208.0,Willy Delajod,2022-2023,Seko Fofana,Birama Touré,(3-4-3),(4-5-1),67%,33%,549 of 635 — 86%,72% — 222 of 310,1 of 9 — 11%,17% — 1 of 6,1 of 1 — 100%,100% — 1 of 1,2.0,0.0,4.5,0.0,21,16,9,2,37,11,716,402,14,15,7,11,14,10,13,27,0,1,4,9,15,22,51,58
19.0,Sat,2023-01-14,19:00,Marseille,Lorient,2.2,0.5,3–1,62276.0,Bastien Dechepy,2022-2023,Valentin Rongier,Laurent Abergel,(3-4-3),(4-2-3-1),68%,32%,626 of 705 — 89%,76% — 250 of 329,7 of 15 — 47%,27% — 3 of 11,2 of 3 — 66%,57% — 4 of 7,1.0,0.0,0.0,0.0,14,12,6,3,30,6,800,427,11,13,14,7,14,9,13,21,1,0,4,10,10,14,58,46
19.0,Sat,2023-01-14,21:00,Lyon,Strasbourg,2.8,1.1,1–2,38473.0,Jeremy Stinat,2022-2023,Alexandre Lacazette,Dimitri Liénard,(3-4-1-2),(5-3-2),72%,28%,646 of 770 — 84%,70% — 207 of 297,6 of 27 — 22%,50% — 4 of 8,2 of 4 — 50%,100% — 6 of 6,1.0,0.0,3.0,0.0,10,16,14,2,42,3,880,470,22,22,14,19,16,18,4,42,1,0,3,9,34,16,73,48
19.0,Sun,2023-01-15,13:00,Lille,Troyes,3.8,0.9,5–1,31254.0,Pierre Gaillouste,2022-2023,Benjamin André,Yoann Salmier,(4-4-2),(4-2-3-1),67%,33%,632 of 698 — 91%,84% — 294 of 350,13 of 23 — 57%,20% — 2 of 10,1 of 2 — 50%,61% — 8 of 13,1.0,0.0,0.0,0.0,12,5,7,2,15,12,775,453,12,15,8,7,5,6,8,17,2,1,10,4,11,10,62,40
19.0,Sun,2023-01-15,15:00,Toulouse,Brest,1.4,1.0,1–1,20637.0,Benoît Millot,2022-2023,Brecht Dejaegere,Brendan Chardonnet,(4-3-3),(4-1-4-1),64%,36%,495 of 601 — 82%,71% — 241 of 340,6 of 16 — 38%,29% — 5 of 17,4 of 5 — 80%,83% — 5 of 6,2.0,0.0,2.0,0.0,17,12,10,5,28,18,707,461,14,14,15,21,11,29,14,21,2,0,11,15,21,10,63,79
19.0,Sun,2023-01-15,15:00,Montpellier,Nantes,0.9,0.6,0–3,10947.0,Thomas Léonard,2022-2023,Téji Savanier,Alban Lafont,(4-2-3-1),(5-3-2),47%,53%,315 of 422 — 75%,76% — 361 of 474,5 of 11 — 45%,58% — 7 of 12,4 of 7 — 57%,100% — 5 of 5,1.0,2.0,2.0,0.0,13,14,3,5,18,28,536,582,13,15,3,11,21,24,27,17,1,2,4,8,28,20,62,62
19.0,Sun,2023-01-15,15:00,Angers,Clermont Foot,0.6,1.7,1–2,12160.0,Mathieu Vernice,2022-2023,Pierrick Capelle,Yohann Magnin,(4-2-3-1),(3-4-3),58%,42%,567 of 664 — 85%,82% — 386 of 473,1 of 5 — 20%,60% — 6 of 10,4 of 6 — 66%,0% — 0 of 1,2.0,0.0,2.0,0.0,15,11,3,1,24,11,770,597,17,21,14,15,9,9,13,19,0,1,4,5,21,21,58,55
19.0,Sun,2023-01-15,15:00,Reims,Nice,0.9,0.8,0–0,11383.0,François Letexier,2022-2023,Yunis Abdelhamid,Dante,(4-2-3-1),(4-3-3),51%,49%,465 of 569 — 82%,82% — 452 of 552,2 of 13 — 15%,67% — 4 of 6,4 of 4 — 100%,100% — 2 of 2,1.0,0.0,1.0,0.0,6,5,5,3,19,11,696,697,29,31,7,14,7,6,6,19,1,2,8,16,26,20,58,72
19.0,Sun,2023-01-15,17:05,Monaco,Ajaccio,3.7,0.3,7–1,8000.0,Ruddy Buquet,2022-2023,Wissam Ben Yedder,Riad Nouri,(4-2-2-2),(5-4-1),65%,35%,564 of 674 — 84%,75% — 271 of 362,7 of 10 — 70%,40% — 2 of 5,1 of 2 — 50%,14% — 1 of 7,1.0,0.0,2.0,0.0,8,14,3,3,19,7,760,467,21,16,11,12,11,12,3,21,1,2,3,3,17,21,64,51
19.0,Sun,2023-01-15,20:45,Rennes,Paris S-G,0.8,1.0,1–0,27566.0,Benoît Bastien,2022-2023,Hamari Traoré,Marquinhos,(3-4-3),(3-4-3),35%,65%,319 of 390 — 82%,89% — 631 of 709,6 of 8 — 75%,13% — 1 of 8,1 of 1 — 100%,83% — 5 of 6,0.0,0.0,0.0,0.0,8,17,4,5,10,14,503,789,17,16,10,6,10,5,25,12,2,2,6,1,12,21,46,50
20.0,Fri,2023-01-27,21:00,Lorient,Rennes,0.9,1.5,2–1,16782.0,Benoît Millot,2022-2023,Laurent Abergel,Hamari Traoré,(4-2-3-1),(5-4-1),33%,67%,281 of 369 — 76%,85% — 623 of 735,4 of 4 — 100%,32% — 6 of 19,5 of 6 — 83%,50% — 2 of 4,1.0,0.0,1.0,0.0,4,6,2,10,4,42,515,846,26,19,9,8,15,15,48,8,1,0,9,3,17,21,47,54
20.0,Sat,2023-01-28,17:00,Troyes,Lens,1.2,2.9,1–1,13500.0,Clément Turpin,2022-2023,Yoann Salmier,Seko Fofana,(3-4-3),(3-4-3),27%,73%,169 of 269 — 63%,84% — 605 of 722,1 of 6 — 17%,19% — 4 of 21,3 of 4 — 75%,0% — 0 of 1,2.0,0.0,1.0,0.0,12,7,3,11,7,47,393,822,20,22,8,5,9,17,43,8,0,2,18,5,17,22,63,47
20.0,Sat,2023-01-28,21:00,Marseille,Monaco,1.6,1.5,1–1,64502.0,Jérémie Pignard,2022-2023,Valentin Rongier,Wissam Ben Yedder,(3-4-3),(4-2-2-2),61%,39%,498 of 631 — 79%,70% — 284 of 408,6 of 22 — 27%,36% — 4 of 11,4 of 4 — 100%,83% — 5 of 6,2.0,0.0,2.0,0.0,7,9,6,3,21,14,745,536,23,28,14,13,20,14,9,29,1,1,8,9,16,14,62,76
20.0,Sun,2023-01-29,13:00,Nice,Lille,1.6,1.6,1–0,22126.0,Eric Wattellier,2022-2023,Dante,José Fonte,(4-3-3),(4-2-3-1),44%,56%,387 of 474 — 82%,85% — 512 of 602,6 of 12 — 50%,44% — 7 of 16,7 of 7 — 100%,83% — 5 of 6,3.0,0.0,2.0,0.0,12,11,5,7,16,13,593,711,22,16,11,10,12,8,20,22,0,1,7,6,10,21,68,52
20.0,Sun,2023-01-29,15:00,Clermont Foot,Nantes,0.7,0.1,0–0,11015.0,Florent Batta,2022-2023,,,,,,,,,,,,,,,,,,,,,,,,,,,,,,,,,,,,,,,,
20.0,Sun,2023-01-29,15:00,Strasbourg,Toulouse,1.3,1.2,1–2,25196.0,Willy Delajod,2022-2023,Alexander Djiku,Branco van den Boomen,(3-5-2),(4-3-3),54%,46%,468 of 607 — 77%,74% — 380 of 513,2 of 11 — 18%,38% — 3 of 8,1 of 3 — 33%,50% — 1 of 2,2.0,1.0,1.0,0.0,14,10,4,2,17,5,730,640,17,25,13,9,16,28,9,20,1,2,5,7,31,27,94,72
20.0,Sun,2023-01-29,15:00,Brest,Angers,1.6,0.8,4–0,12629.0,Marc Bollengier,2022-2023,Pierre Lees-Melou,Nabil Bentaleb,(4-1-4-1),(4-4-2),41%,59%,328 of 426 — 77%,83% — 508 of 611,7 of 9 — 78%,13% — 1 of 8,1 of 1 — 100%,42% — 3 of 7,0.0,0.0,2.0,0.0,10,17,4,5,15,21,524,694,17,16,14,18,11,10,14,7,3,3,6,5,20,29,62,56
20.0,Sun,2023-01-29,15:00,Auxerre,Montpellier,1.8,0.7,0–2,14206.0,Jeremy Stinat,2022-2023,Birama Touré,Téji Savanier,(4-3-3),(4-2-3-1),58%,42%,414 of 536 — 77%,70% — 265 of 381,4 of 15 — 27%,75% — 3 of 4,1 of 3 — 33%,100% — 4 of 4,1.0,0.0,3.0,0.0,13,18,5,3,29,10,661,518,24,28,13,13,14,11,12,25,0,0,4,13,36,22,76,69
20.0,Sun,2023-01-29,17:05,Ajaccio,Lyon,1.7,1.9,0–2,6788.0,Thomas Léonard,2022-2023,Vincent Marchetti,Alexandre Lacazette,(4-4-2),(4-1-4-1),51%,49%,308 of 437 — 70%,73% — 308 of 424,5 of 16 — 31%,25% — 2 of 8,0 of 2 — 0%,100% — 5 of 5,2.0,0.0,3.0,0.0,22,18,5,1,17,7,557,557,22,22,10,14,20,22,8,15,3,2,6,6,20,26,72,81
20.0,Sun,2023-01-29,20:45,Paris S-G,Reims,1.6,2.5,1–1,46000.0,Ruddy Buquet,2022-2023,Marquinhos,Yunis Abdelhamid,(4-2-3-1),(4-5-1),59%,41%,657 of 738 — 89%,84% — 429 of 508,4 of 12 — 33%,24% — 4 of 17,3 of 4 — 75%,75% — 3 of 4,2.0,1.0,1.0,0.0,5,10,3,3,5,24,837,622,10,31,8,15,6,2,16,9,1,4,12,4,12,9,55,43
21.0,Wed,2023-02-01,19:00,Reims,Lorient,3.8,0.6,4–2,10746.0,Florent Batta,2022-2023,Yunis Abdelhamid,Vincent Le Goff,(4-2-3-1),(4-2-3-1),58%,42%,529 of 605 — 87%,79% — 346 of 439,8 of 30 — 27%,42% — 5 of 12,3 of 5 — 60%,62% — 5 of 8,1.0,0.0,0.0,0.0,11,7,5,7,21,14,728,556,17,15,6,6,14,6,13,20,3,1,2,12,17,11,47,60
21.0,Wed,2023-02-01,19:00,Lille,Clermont Foot,1.3,1.4,0–0,32498.0,Jeremy Stinat,2022-2023,José Fonte,Yohann Magnin,(4-2-3-1),(3-4-3),66%,34%,565 of 670 — 84%,74% — 251 of 339,5 of 22 — 23%,38% — 5 of 13,5 of 5 — 100%,100% — 5 of 5,0.0,0.0,1.0,0.0,15,11,8,3,24,9,788,498,22,25,6,11,10,12,5,25,2,2,5,13,28,12,62,69
21.0,Wed,2023-02-01,19:00,Toulouse,Troyes,2.2,1.2,4–1,17725.0,Mathieu Vernice,2022-2023,Brecht Dejaegere,Yoann Salmier,(4-3-3),(3-5-2),55%,45%,509 of 593 — 86%,83% — 396 of 478,5 of 12 — 42%,20% — 2 of 10,2 of 2 — 100%,40% — 2 of 5,2.0,0.0,3.0,0.0,12,14,8,0,19,3,677,563,14,5,11,9,5,15,4,12,2,0,4,6,22,24,71,38
21.0,Wed,2023-02-01,19:00,Angers,Ajaccio,0.4,1.4,1–2,7255.0,Bastien Dechepy,2022-2023,Nabil Bentaleb,Vincent Marchetti,(4-4-2),(4-4-2),40%,60%,224 of 334 — 67%,75% — 381 of 506,2 of 6 — 33%,44% — 4 of 9,2 of 4 — 50%,50% — 1 of 2,1.0,1.0,2.0,0.0,18,11,2,6,7,29,450,612,17,20,11,15,19,20,19,15,1,2,12,5,27,23,59,89
21.0,Wed,2023-02-01,19:00,Nantes,Marseille,1.2,1.7,0–2,34125.0,Willy Delajod,2022-2023,Alban Lafont,Valentin Rongier,(4-2-3-1),(3-4-3),41%,59%,275 of 372 — 74%,81% — 432 of 535,2 of 12 — 17%,31% — 4 of 13,3 of 4 — 75%,100% — 2 of 2,4.0,0.0,3.0,0.0,14,16,5,7,21,17,477,628,13,13,9,8,11,15,20,18,0,3,8,9,20,19,63,47
21.0,Wed,2023-02-01,21:00,Lens,Nice,0.6,2.1,0–1,37437.0,Thomas Léonard,2022-2023,Seko Fofana,Dante,(3-4-3),(5-4-1),55%,45%,470 of 571 — 82%,80% — 366 of 459,4 of 9 — 44%,43% — 6 of 14,5 of 6 — 83%,100% — 4 of 4,0.0,0.0,2.0,0.0,12,8,5,3,19,9,688,595,15,23,13,11,7,13,12,22,3,3,5,8,26,18,55,70
21.0,Wed,2023-02-01,21:00,Monaco,Auxerre,1.2,1.4,3–2,3561.0,Eric Wattellier,2022-2023,Wissam Ben Yedder,Birama Touré,(4-2-2-2),(4-3-3),44%,56%,354 of 452 — 78%,82% — 480 of 585,6 of 16 — 38%,27% — 3 of 11,1 of 3 — 33%,50% — 3 of 6,0.0,0.0,0.0,0.0,11,7,5,4,9,13,576,703,26,20,8,9,10,18,12,8,3,1,8,4,15,18,65,76
21.0,Wed,2023-02-01,21:00,Montpellier,Paris S-G,0.5,4.4,1–3,17454.0,Jérémie Pignard,2022-2023,Téji Savanier,Marquinhos,(3-5-2),(4-1-3-2),34%,66%,279 of 381 — 73%,88% — 654 of 744,3 of 6 — 50%,39% — 7 of 18,4 of 7 — 57%,66% — 2 of 3,1.0,0.0,1.0,0.0,9,12,1,3,11,13,479,846,17,15,16,11,5,8,12,11,3,4,12,3,7,15,48,48
21.0,Wed,2023-02-01,21:00,Rennes,Strasbourg,1.1,0.1,3–0,26176.0,Marc Bollengier,2022-2023,Benjamin Bourigeaud,Alexander Djiku,(4-3-3),(5-4-1),59%,41%,534 of 622 — 86%,82% — 356 of 436,3 of 6 — 50%,0% — 0 of 3,0 of 0 — %,0% — 0 of 3,0.0,0.0,1.0,0.0,12,13,4,0,4,13,686,507,10,9,7,10,12,12,14,12,2,2,4,1,27,21,51,50
21.0,Wed,2023-02-01,21:00,Lyon,Brest,2.5,0.6,0–0,30837.0,Ruddy Buquet,2022-2023,Alexandre Lacazette,Haris Belkebla,(4-3-1-2),(4-1-4-1),75%,25%,661 of 757 — 87%,70% — 180 of 258,8 of 28 — 29%,13% — 1 of 8,1 of 1 — 100%,100% — 8 of 8,0.0,0.0,0.0,0.0,10,13,15,2,36,9,865,409,8,28,12,17,15,8,8,32,0,3,7,8,32,17,48,57
22.0,Sat,2023-02-04,17:00,Paris S-G,Toulouse,1.9,0.8,2–1,45000.0,Bastien Dechepy,2022-2023,Marquinhos,Brecht Dejaegere,(4-1-2-1-2),(4-3-3),61%,39%,593 of 673 — 88%,82% — 355 of 431,5 of 22 — 23%,42% — 5 of 12,4 of 5 — 80%,60% — 3 of 5,2.0,0.0,2.0,0.0,9,13,6,2,10,13,764,517,12,16,5,10,7,4,6,13,1,4,4,10,18,11,46,46
22.0,Sat,2023-02-04,19:00,Troyes,Lyon,1.0,0.8,1–3,10240.0,François Letexier,2022-2023,Yoann Salmier,Alexandre Lacazette,(3-5-2),(4-3-1-2),42%,58%,358 of 453 — 79%,83% — 522 of 627,2 of 8 — 25%,60% — 6 of 10,3 of 6 — 50%,50% — 1 of 2,0.0,0.0,1.0,0.0,10,14,5,6,9,12,588,732,16,25,17,12,20,14,20,5,3,2,3,5,16,13,58,63
22.0,Sat,2023-02-04,21:00,Rennes,Lille,1.8,2.2,1–3,28082.0,Florent Batta,2022-2023,Benjamin Bourigeaud,Benjamin André,(4-4-2),(4-2-3-1),39%,61%,286 of 390 — 73%,83% — 512 of 617,6 of 10 — 60%,40% — 6 of 15,3 of 6 — 50%,83% — 5 of 6,1.0,0.0,2.0,0.0,16,9,2,1,8,10,516,734,19,19,12,7,14,14,18,10,1,4,9,5,15,15,70,58
22.0,Sun,2023-02-05,13:00,Clermont Foot,Monaco,0.4,1.4,0–2,11598.0,Marc Bollengier,2022-2023,Florent Ogier,Axel Disasi,(3-4-3),(4-2-3-1),53%,47%,445 of 555 — 80%,80% — 386 of 484,3 of 8 — 38%,36% — 5 of 14,3 of 5 — 60%,100% — 3 of 3,1.0,0.0,2.0,0.0,9,21,2,4,14,13,659,606,17,22,10,11,6,10,15,12,0,2,9,7,13,22,45,73
22.0,Sun,2023-02-05,15:00,Ajaccio,Nantes,0.3,1.2,0–2,6908.0,Ruddy Buquet,2022-2023,Vincent Marchetti,Alban Lafont,(4-4-2),(4-2-3-1),43%,57%,272 of 395 — 69%,76% — 391 of 517,2 of 8 — 25%,33% — 2 of 6,1 of 2 — 50%,100% — 2 of 2,2.0,1.0,1.0,0.0,16,16,2,1,10,16,509,647,20,21,12,15,17,30,16,23,0,2,5,10,28,28,79,95
22.0,Sun,2023-02-05,15:00,Auxerre,Reims,1.2,0.6,0–0,14680.0,Pierre Gaillouste,2022-2023,Birama Touré,Yunis Abdelhamid,(4-2-3-1),(4-2-3-1),40%,60%,262 of 374 — 70%,79% — 439 of 555,3 of 13 — 23%,50% — 4 of 8,4 of 4 — 100%,100% — 3 of 3,2.0,0.0,0.0,0.0,13,10,4,5,31,16,498,685,26,18,15,6,11,21,18,29,3,2,7,12,27,18,90,53
22.0,Sun,2023-02-05,15:00,Lorient,Angers,1.0,0.7,0–0,12705.0,Willy Delajod,2022-2023,Vincent Le Goff,Nabil Bentaleb,(4-2-3-1),(4-4-2),56%,44%,474 of 559 — 85%,79% — 354 of 448,2 of 13 — 15%,42% — 5 of 12,5 of 5 — 100%,100% — 2 of 2,2.0,0.0,4.0,0.0,16,16,8,6,22,21,685,573,22,21,9,10,14,17,17,36,0,0,7,9,17,21,52,62
22.0,Sun,2023-02-05,15:00,Strasbourg,Montpellier,0.9,0.9,2–0,25028.0,Stéphanie Frappart,2022-2023,Dimitri Liénard,Jordan Ferri,(5-4-1),(4-3-3),33%,67%,205 of 306 — 67%,81% — 508 of 630,2 of 6 — 33%,0% — 0 of 11,0 of 0 — %,0% — 0 of 2,3.0,1.0,1.0,0.0,11,16,4,7,7,33,433,723,21,14,12,8,22,17,31,5,0,5,8,5,23,21,80,82
22.0,Sun,2023-02-05,17:05,Brest,Lens,2.0,2.5,1–1,11639.0,Benoît Bastien,2022-2023,Pierre Lees-Melou,Seko Fofana,(4-1-4-1),(5-4-1),34%,66%,230 of 317 — 73%,85% — 519 of 614,3 of 16 — 19%,35% — 7 of 20,6 of 7 — 85%,66% — 2 of 3,4.0,0.0,2.0,0.0,15,9,11,5,25,43,439,726,19,15,13,7,22,18,33,20,1,2,10,8,11,16,79,50
22.0,Sun,2023-02-05,20:45,Marseille,Nice,2.3,1.4,1–3,65234.0,Clément Turpin,2022-2023,Dimitri Payet,Dante,(3-4-3),(4-3-3),57%,43%,476 of 590 — 81%,74% — 325 of 440,5 of 22 — 23%,57% — 8 of 14,5 of 8 — 62%,80% — 4 of 5,0.0,0.0,1.0,0.0,10,5,9,1,37,8,705,565,15,24,11,15,14,13,9,21,1,0,5,14,25,24,47,68
23.0,Fri,2023-02-10,21:00,Nice,Ajaccio,0.6,0.4,3–0,20163.0,Stéphanie Frappart,2022-2023,Dante,Riad Nouri,(4-3-3),(4-1-4-1),62%,38%,608 of 689 — 88%,78% — 336 of 429,3 of 11 — 27%,50% — 3 of 6,3 of 3 — 100%,0% — 0 of 3,1.0,0.0,0.0,0.0,9,7,5,5,11,14,773,507,8,16,9,11,12,8,12,11,2,2,5,7,15,16,44,63
23.0,Sat,2023-02-11,17:00,Monaco,Paris S-G,2.9,0.8,3–1,16500.0,Clément Turpin,2022-2023,Wissam Ben Yedder,Marquinhos,(4-2-2-2),(3-5-2),42%,58%,454 of 534 — 85%,89% — 645 of 724,9 of 19 — 47%,29% — 2 of 7,1 of 2 — 50%,66% — 6 of 9,0.0,0.0,1.0,0.0,9,11,3,2,12,4,643,833,23,19,11,16,11,5,13,11,2,1,3,8,25,19,63,34
23.0,Sat,2023-02-11,21:00,Clermont Foot,Marseille,0.8,2.6,0–2,13576.0,Ruddy Buquet,2022-2023,Florent Ogier,Valentin Rongier,(3-4-3),(3-4-3),38%,62%,265 of 356 — 74%,85% — 495 of 585,3 of 9 — 33%,25% — 4 of 16,3 of 4 — 75%,100% — 3 of 3,4.0,0.0,3.0,0.0,15,16,3,4,10,22,464,693,17,18,6,7,8,12,17,7,1,3,7,5,9,16,53,50
23.0,Sun,2023-02-12,13:00,Toulouse,Rennes,2.1,1.3,3–1,21783.0,Jeremy Stinat,2022-2023,Brecht Dejaegere,Benjamin Bourigeaud,(4-3-3),(4-4-2),32%,68%,230 of 309 — 74%,84% — 560 of 669,7 of 13 — 54%,31% — 4 of 13,4 of 4 — 100%,57% — 4 of 7,1.0,0.0,1.0,0.0,12,16,2,7,6,25,462,769,31,24,13,4,10,10,27,4,3,0,6,6,18,30,56,62
23.0,Sun,2023-02-12,15:00,Angers,Auxerre,0.9,2.6,1–1,7873.0,Thomas Léonard,2022-2023,Nabil Bentaleb,Birama Touré,(4-4-2),(4-2-3-1),50%,50%,325 of 442 — 74%,78% — 352 of 450,5 of 10 — 50%,23% — 3 of 13,3 of 3 — 100%,100% — 5 of 5,2.0,0.0,0.0,0.0,10,9,6,4,17,18,551,583,18,23,12,10,12,17,14,19,0,1,7,6,28,22,58,81
23.0,Sun,2023-02-12,15:00,Montpellier,Brest,2.5,0.8,3–0,12901.0,Florent Batta,2022-2023,Téji Savanier,Pierre Lees-Melou,(4-2-3-1),(4-1-4-1),44%,56%,284 of 392 — 72%,79% — 391 of 494,6 of 15 — 40%,20% — 2 of 10,2 of 2 — 100%,83% — 5 of 6,1.0,0.0,2.0,0.0,15,20,4,3,18,15,511,628,20,16,13,9,17,15,13,23,2,0,6,10,19,20,58,71
23.0,Sun,2023-02-12,15:00,Reims,Troyes,2.3,0.9,4–0,8115.0,Jérémie Pignard,2022-2023,Yunis Abdelhamid,Yoann Salmier,(4-2-3-1),(3-5-2),53%,47%,376 of 488 — 77%,74% — 315 of 425,10 of 20 — 50%,29% — 2 of 7,2 of 2 — 100%,60% — 6 of 10,1.0,0.0,2.0,0.0,13,14,5,2,19,10,620,560,27,27,13,18,13,15,11,20,3,2,6,8,17,25,72,61
23.0,Sun,2023-02-12,15:00,Lille,Strasbourg,2.7,0.3,2–0,30812.0,Hakim Ben El Hadj Salem,2022-2023,José Fonte,Dimitri Liénard,(4-2-3-1),(3-4-3),67%,33%,689 of 772 — 89%,78% — 295 of 379,9 of 13 — 69%,0% — 0 of 5,0 of 0 — %,88% — 8 of 9,1.0,0.0,2.0,0.0,13,13,5,4,11,17,862,479,10,18,5,7,5,4,17,16,1,4,3,6,19,5,42,48
23.0,Sun,2023-02-12,17:05,Nantes,Lorient,1.0,1.1,1–0,33579.0,Mathieu Vernice,2022-2023,Alban Lafont,Enzo Le Fée,(4-2-3-1),(4-2-3-1),49%,51%,425 of 523 — 81%,84% — 456 of 544,5 of 12 — 42%,44% — 4 of 9,4 of 4 — 100%,80% — 4 of 5,0.0,0.0,0.0,0.0,12,11,7,3,26,7,641,679,27,21,9,7,15,11,13,20,1,1,8,8,19,26,63,44
23.0,Sun,2023-02-12,20:45,Lyon,Lens,1.4,1.1,2–1,53426.0,Eric Wattellier,2022-2023,Alexandre Lacazette,Seko Fofana,(3-4-1-2),(3-4-3),41%,59%,356 of 456 — 78%,81% — 532 of 658,5 of 11 — 45%,29% — 4 of 14,3 of 4 — 75%,60% — 3 of 5,1.0,0.0,1.0,0.0,15,11,2,5,7,26,606,766,22,18,21,6,12,13,27,9,4,4,10,4,13,24,56,47
24.0,Fri,2023-02-17,21:00,Auxerre,Lyon,1.5,0.8,2–1,16396.0,Jérôme Brisard,2022-2023,Birama Touré,Anthony Lopes,(3-4-3),(3-4-1-2),35%,65%,251 of 340 — 74%,84% — 519 of 621,2 of 7 — 29%,67% — 4 of 6,3 of 4 — 75%,50% — 1 of 2,4.0,0.0,2.0,0.0,17,12,6,4,14,16,453,733,18,18,14,9,15,12,15,18,3,1,4,3,10,20,63,68
24.0,Sat,2023-02-18,17:00,Nice,Reims,1.2,1.6,0–0,18102.0,Marc Bollengier,2022-2023,Dante,Yunis Abdelhamid,(4-3-3),(4-2-3-1),52%,48%,423 of 530 — 80%,81% — 392 of 481,1 of 16 — 6%,11% — 1 of 9,1 of 1 — 100%,100% — 1 of 1,1.0,0.0,1.0,0.0,9,13,9,0,30,9,634,603,19,12,11,9,4,5,9,29,1,2,7,11,14,18,72,48
24.0,Sat,2023-02-18,21:00,Strasbourg,Angers,1.7,1.2,2–1,25062.0,François Letexier,2022-2023,Dimitri Liénard,Pierrick Capelle,(3-5-2),(4-4-2),36%,64%,259 of 344 — 75%,84% — 505 of 604,5 of 18 — 28%,22% — 2 of 9,2 of 2 — 100%,60% — 3 of 5,3.0,0.0,3.0,0.0,14,16,4,5,13,25,471,712,21,16,12,5,23,13,26,13,0,3,8,9,13,26,54,84
24.0,Sun,2023-02-19,13:00,Paris S-G,Lille,2.0,2.4,4–3,46000.0,Willy Delajod,2022-2023,Presnel Kimpembe,José Fonte,(4-3-1-2),(4-2-3-1),46%,54%,401 of 469 — 86%,87% — 474 of 547,10 of 12 — 83%,40% — 6 of 15,4 of 6 — 66%,60% — 6 of 10,2.0,0.0,4.0,0.0,9,19,3,6,7,16,563,630,14,17,12,7,9,6,11,4,1,3,7,3,9,15,43,44
24.0,Sun,2023-02-19,15:00,Rennes,Clermont Foot,2.4,1.1,2–0,27798.0,Bastien Dechepy,2022-2023,Benjamin Bourigeaud,Florent Ogier,(4-2-3-1),(3-4-3),59%,41%,541 of 619 — 87%,77% — 329 of 426,6 of 18 — 33%,43% — 3 of 7,3 of 3 — 100%,66% — 4 of 6,0.0,0.0,2.0,0.0,9,10,2,7,6,18,738,525,18,18,11,13,8,7,23,9,2,1,5,11,15,23,53,75
24.0,Sun,2023-02-19,15:00,Lorient,Ajaccio,2.5,0.7,3–0,12918.0,Eric Wattellier,2022-2023,Vincent Le Goff,Vincent Marchetti,(4-2-3-1),(4-1-4-1),58%,42%,505 of 591 — 85%,79% — 337 of 424,5 of 9 — 56%,25% — 3 of 12,3 of 3 — 100%,60% — 3 of 5,0.0,0.0,2.0,0.0,11,14,2,2,7,18,691,520,11,19,5,11,6,11,12,12,3,1,7,3,18,18,52,51
24.0,Sun,2023-02-19,15:00,Brest,Monaco,0.9,1.5,1–2,13203.0,Hakim Ben El Hadj Salem,2022-2023,Pierre Lees-Melou,Wissam Ben Yedder,(4-1-4-1),(4-4-2),48%,52%,378 of 482 — 78%,77% — 402 of 521,3 of 12 — 25%,33% — 3 of 9,1 of 3 — 33%,66% — 2 of 3,1.0,0.0,2.0,0.0,8,10,5,5,26,12,602,619,18,23,16,9,12,18,20,24,1,6,6,7,22,22,91,67
24.0,Sun,2023-02-19,15:00,Troyes,Montpellier,0.1,1.6,0–1,7745.0,Benoît Bastien,2022-2023,Adil Rami,Téji Savanier,(3-4-3),(4-2-3-1),51%,49%,385 of 490 — 79%,79% — 369 of 465,2 of 4 — 50%,37% — 7 of 19,6 of 7 — 85%,100% — 2 of 2,2.0,1.0,1.0,1.0,12,9,2,10,14,39,604,581,18,17,9,18,13,19,39,15,0,0,8,4,18,12,59,50
24.0,Sun,2023-02-19,17:05,Lens,Nantes,2.4,0.3,3–1,37984.0,Pierre Gaillouste,2022-2023,Seko Fofana,Alban Lafont,(3-4-3),(3-4-1-2),57%,43%,531 of 623 — 85%,78% — 361 of 462,6 of 19 — 32%,50% — 3 of 6,2 of 3 — 66%,66% — 4 of 6,0.0,0.0,0.0,0.0,9,15,2,5,23,18,717,551,12,11,8,10,17,14,19,21,3,1,3,11,13,14,54,77
24.0,Sun,2023-02-19,20:45,Toulouse,Marseille,2.0,1.0,2–3,29218.0,Stéphanie Frappart,2022-2023,Brecht Dejaegere,Valentin Rongier,(4-1-4-1),(3-4-3),52%,48%,394 of 480 — 82%,77% — 347 of 449,6 of 15 — 40%,47% — 7 of 15,4 of 7 — 57%,66% — 4 of 6,0.0,0.0,2.0,0.0,8,10,3,10,14,25,614,577,18,19,10,14,10,10,22,16,0,3,7,5,16,18,52,62
25.0,Fri,2023-02-24,21:00,Lille,Brest,1.0,0.2,2–1,30257.0,Pierre Gaillouste,2022-2023,Benjamin André,Pierre Lees-Melou,(4-2-3-1),(4-1-4-1),69%,31%,554 of 654 — 85%,71% — 213 of 300,4 of 18 — 22%,0% — 0 of 3,0 of 0 — %,50% — 2 of 4,2.0,0.0,2.0,1.0,8,11,11,2,25,6,751,430,15,19,8,8,16,14,7,31,2,2,4,11,18,20,61,80
25.0,Sat,2023-02-25,17:00,Angers,Lyon,1.5,1.1,1–3,12031.0,Florent Batta,2022-2023,Nabil Bentaleb,Anthony Lopes,(4-3-3),(4-3-3),43%,57%,376 of 466 — 81%,86% — 538 of 629,2 of 11 — 18%,71% — 5 of 7,2 of 5 — 40%,50% — 1 of 2,0.0,0.0,0.0,0.0,16,6,2,2,16,11,568,726,23,20,17,11,8,8,11,11,3,1,4,8,15,23,51,60
25.0,Sat,2023-02-25,21:00,Montpellier,Lens,0.6,1.9,1–1,17074.0,Jérôme Brisard,2022-2023,Jordan Ferri,Seko Fofana,(3-4-3),(3-4-3),39%,61%,290 of 373 — 78%,85% — 506 of 594,3 of 8 — 38%,32% — 6 of 19,5 of 6 — 83%,66% — 2 of 3,0.0,0.0,3.0,0.0,12,13,4,6,18,27,473,690,11,13,9,4,13,15,29,17,4,1,11,6,16,16,54,54
25.0,Sun,2023-02-26,13:00,Lorient,Auxerre,1.5,0.7,0–1,13089.0,Benoît Millot,2022-2023,Laurent Abergel,Birama Touré,(4-2-3-1),(3-4-3),61%,39%,462 of 562 — 82%,79% — 284 of 361,4 of 18 — 22%,11% — 1 of 9,0 of 1 — 0%,100% — 4 of 4,2.0,0.0,3.0,0.0,12,21,10,0,27,8,686,485,25,19,9,11,11,14,9,29,2,0,5,7,22,18,44,70
25.0,Sun,2023-02-26,15:00,Ajaccio,Troyes,3.8,1.5,2–1,5983.0,Marc Bollengier,2022-2023,Mathieu Coutadeur,Adil Rami,(4-4-2),(3-4-3),52%,48%,341 of 449 — 76%,68% — 277 of 408,5 of 13 — 38%,45% — 5 of 11,4 of 5 — 80%,80% — 4 of 5,2.0,0.0,3.5,0.0,8,15,6,3,16,13,578,519,10,20,11,10,23,19,16,21,1,4,4,9,19,33,63,76
25.0,Sun,2023-02-26,15:00,Reims,Toulouse,2.7,1.1,3–0,12139.0,Mathieu Vernice,2022-2023,Yunis Abdelhamid,Brecht Dejaegere,(4-2-3-1),(4-3-3),47%,53%,386 of 484 — 80%,80% — 432 of 543,6 of 18 — 33%,46% — 6 of 13,6 of 6 — 100%,50% — 3 of 6,0.0,0.0,0.0,0.0,12,14,4,2,17,14,610,657,17,16,14,14,15,10,17,16,1,3,4,10,17,28,62,58
25.0,Sun,2023-02-26,15:00,Clermont Foot,Strasbourg,1.2,1.2,1–1,10221.0,Willy Delajod,2022-2023,Florent Ogier,Dimitri Liénard,(3-4-3),(3-5-2),56%,44%,353 of 506 — 70%,68% — 270 of 395,4 of 11 — 36%,50% — 6 of 12,5 of 6 — 83%,75% — 3 of 4,1.0,0.0,4.0,0.0,17,25,7,2,19,12,622,524,26,20,8,16,13,20,13,24,3,4,13,8,25,19,86,75
25.0,Sun,2023-02-26,15:00,Nantes,Rennes,2.6,1.1,0–1,34467.0,Jérémie Pignard,2022-2023,Alban Lafont,Benjamin Bourigeaud,(4-3-3),(4-3-3),56%,44%,417 of 553 — 75%,75% — 333 of 442,7 of 20 — 35%,25% — 3 of 12,2 of 3 — 66%,100% — 7 of 7,2.0,0.0,2.0,0.0,8,12,12,4,40,10,662,585,15,21,7,12,20,25,12,28,5,0,4,11,25,17,76,74
25.0,Sun,2023-02-26,17:05,Monaco,Nice,1.0,2.3,0–3,9000.0,Benoît Bastien,2022-2023,Axel Disasi,Dante,(3-1-4-2),(5-3-2),56%,44%,539 of 630 — 86%,84% — 420 of 499,4 of 15 — 27%,58% — 7 of 12,4 of 7 — 57%,100% — 4 of 4,0.0,0.0,1.0,0.0,8,12,5,3,29,5,741,638,17,29,9,13,6,6,5,35,2,1,4,16,14,7,46,66
25.0,Sun,2023-02-26,20:45,Marseille,Paris S-G,1.6,2.0,0–3,65894.0,Clément Turpin,2022-2023,Valentin Rongier,Marquinhos,(3-4-3),(3-5-2),54%,46%,425 of 512 — 83%,82% — 360 of 440,6 of 19 — 32%,58% — 7 of 12,4 of 7 — 57%,100% — 6 of 6,0.0,0.0,0.0,0.0,20,14,7,4,25,7,624,558,17,25,11,10,7,12,11,25,2,2,5,11,16,14,45,50
26.0,Fri,2023-03-03,21:00,Nice,Auxerre,1.6,0.5,1–1,21133.0,Bastien Dechepy,2022-2023,Dante,Birama Touré,(4-3-3),(3-4-3),64%,36%,554 of 665 — 83%,76% — 282 of 372,4 of 16 — 25%,33% — 1 of 3,0 of 1 — 0%,75% — 3 of 4,0.0,0.0,1.0,0.0,10,11,8,0,40,9,769,504,23,12,14,17,15,5,12,39,0,0,3,12,19,19,49,78
26.0,Sat,2023-03-04,17:00,Lens,Lille,0.9,1.6,1–1,37974.0,François Letexier,2022-2023,Seko Fofana,José Fonte,(4-2-3-1),(4-2-3-1),38%,62%,258 of 359 — 72%,84% — 482 of 574,1 of 10 — 10%,55% — 6 of 11,5 of 6 — 83%,100% — 1 of 1,2.0,0.0,4.0,0.0,18,14,10,3,22,15,459,687,12,11,13,10,11,7,14,23,4,3,3,9,23,18,55,53
26.0,Sat,2023-03-04,21:00,Paris S-G,Nantes,1.4,0.4,4–2,47926.0,Jeremy Stinat,2022-2023,Marquinhos,Alban Lafont,(3-5-2),(5-3-2),67%,33%,716 of 792 — 90%,83% — 326 of 392,11 of 17 — 65%,63% — 5 of 8,3 of 5 — 60%,72% — 8 of 11,0.0,0.0,2.0,0.0,7,8,4,6,13,16,902,518,19,28,7,11,6,4,15,17,1,1,2,3,22,11,28,41
26.0,Sun,2023-03-05,13:00,Troyes,Monaco,0.9,3.0,2–2,9160.0,Stéphanie Frappart,2022-2023,Adil Rami,Wissam Ben Yedder,(3-4-3),(4-4-2),39%,61%,274 of 392 — 70%,78% — 488 of 624,5 of 13 — 38%,24% — 4 of 17,2 of 4 — 50%,60% — 3 of 5,0.0,0.0,1.0,0.0,8,8,3,4,13,32,515,708,18,8,11,5,14,25,35,7,2,5,12,4,13,21,78,66
26.0,Sun,2023-03-05,15:00,Toulouse,Clermont Foot,1.0,0.8,0–1,20620.0,Florent Batta,2022-2023,Brecht Dejaegere,Florent Ogier,(4-2-3-1),(3-4-3),51%,49%,432 of 537 — 80%,79% — 402 of 507,0 of 9 — 0%,25% — 3 of 12,2 of 3 — 66%,% — 0 of 0,4.0,0.0,1.0,0.0,20,4,4,5,19,12,629,616,22,13,8,13,11,6,10,17,0,1,8,13,20,17,65,70
26.0,Sun,2023-03-05,15:00,Montpellier,Angers,2.9,0.9,5–0,11664.0,Benoît Millot,2022-2023,Téji Savanier,Nabil Bentaleb,(4-2-3-1),(4-3-3),60%,40%,481 of 569 — 85%,82% — 311 of 381,7 of 14 — 50%,40% — 4 of 10,4 of 4 — 100%,42% — 3 of 7,1.0,0.0,5.5,0.0,10,18,6,5,21,10,675,493,19,16,11,13,10,6,9,23,0,0,8,7,27,10,73,44
26.0,Sun,2023-03-05,15:00,Reims,Ajaccio,0.6,0.4,1–0,12855.0,Pierre Gaillouste,2022-2023,Yunis Abdelhamid,Mathieu Coutadeur,(4-2-3-1),(4-4-2),64%,36%,504 of 630 — 80%,68% — 240 of 351,3 of 12 — 25%,20% — 1 of 5,1 of 1 — 100%,66% — 2 of 3,2.0,0.0,4.0,0.0,19,21,2,1,28,6,733,469,18,15,4,12,17,17,8,34,3,2,6,12,30,13,77,76
26.0,Sun,2023-03-05,15:00,Strasbourg,Brest,1.2,0.8,0–1,25123.0,Ruddy Buquet,2022-2023,Dimitri Liénard,Pierre Lees-Melou,(3-5-2),(4-1-4-1),62%,38%,402 of 549 — 73%,63% — 213 of 340,4 of 16 — 25%,13% — 1 of 8,0 of 1 — 0%,100% — 4 of 4,2.0,0.0,1.0,0.0,14,17,9,2,29,12,659,474,13,17,4,8,34,33,14,37,1,3,7,12,30,25,99,86
26.0,Sun,2023-03-05,17:05,Lyon,Lorient,2.2,1.0,0–0,38568.0,Thomas Léonard,2022-2023,Corentin Tolisso,Laurent Abergel,(4-3-3),(4-1-4-1),53%,47%,496 of 579 — 86%,86% — 440 of 511,5 of 17 — 29%,9% — 1 of 11,1 of 1 — 100%,100% — 5 of 5,1.0,0.0,0.0,0.0,19,6,6,5,23,9,688,652,22,35,11,6,9,9,14,25,0,3,9,10,15,16,49,36
26.0,Sun,2023-03-05,20:45,Rennes,Marseille,1.0,1.6,0–1,28515.0,Eric Wattellier,2022-2023,Benjamin Bourigeaud,Valentin Rongier,(4-4-2),(3-4-3),55%,45%,411 of 532 — 77%,75% — 334 of 443,2 of 13 — 15%,36% — 4 of 11,3 of 4 — 75%,100% — 2 of 2,1.0,0.0,1.0,0.0,10,10,4,3,19,9,645,576,16,24,9,16,25,15,7,18,1,1,8,7,22,19,79,69
27.0,Fri,2023-03-10,21:00,Lille,Lyon,2.3,0.8,3–3,40314.0,Benoît Bastien,2022-2023,Benjamin André,Corentin Tolisso,(4-2-3-1),(4-3-3),55%,45%,424 of 518 — 82%,76% — 329 of 432,4 of 6 — 67%,83% — 5 of 6,2 of 5 — 40%,75% — 3 of 4,5.0,0.0,4.0,0.0,20,19,4,0,20,8,633,537,22,11,13,8,8,12,13,16,1,0,5,7,18,33,57,63
27.0,Sat,2023-03-11,17:00,Auxerre,Rennes,0.7,0.5,0–0,15695.0,Mathieu Vernice,2022-2023,Birama Touré,Benjamin Bourigeaud,(5-4-1),(4-4-2),33%,67%,232 of 335 — 69%,86% — 591 of 690,0 of 12 — 0%,29% — 2 of 7,2 of 2 — 100%,% — 0 of 0,2.0,0.0,2.0,0.0,14,11,8,0,15,11,438,799,17,17,9,7,10,22,12,16,4,4,5,11,24,19,77,61
27.0,Sat,2023-03-11,21:00,Brest,Paris S-G,0.6,2.6,1–2,14935.0,Marc Bollengier,2022-2023,Pierre Lees-Melou,Kylian Mbappé,(4-1-4-1),(4-2-2-2),39%,61%,325 of 408 — 80%,89% — 571 of 641,2 of 7 — 29%,47% — 8 of 17,6 of 8 — 75%,50% — 1 of 2,1.0,0.0,1.0,0.0,6,12,6,3,24,9,515,746,19,12,12,6,4,8,19,14,1,1,13,5,9,20,67,36
27.0,Sun,2023-03-12,13:00,Clermont Foot,Lens,1.2,2.0,0–4,12311.0,Jeremy Stinat,2022-2023,Florent Ogier,Seko Fofana,(3-4-3),(4-2-3-1),47%,53%,389 of 473 — 82%,85% — 455 of 538,5 of 9 — 56%,46% — 6 of 13,2 of 6 — 33%,100% — 5 of 5,1.0,0.0,2.0,0.0,13,13,6,4,15,16,549,616,10,12,11,7,9,9,14,10,0,4,10,4,18,13,55,56
27.0,Sun,2023-03-12,15:00,Angers,Toulouse,1.7,1.6,0–2,6487.0,Pierre Gaillouste,2022-2023,Pierrick Capelle,Brecht Dejaegere,(5-3-2),(4-2-3-1),40%,60%,319 of 409 — 78%,84% — 523 of 625,2 of 13 — 15%,63% — 5 of 8,3 of 5 — 60%,100% — 2 of 2,0.0,0.0,1.0,0.0,8,11,6,8,21,13,524,718,13,13,12,13,13,8,22,19,1,3,3,10,15,28,61,77
27.0,Sun,2023-03-12,15:00,Lorient,Troyes,1.9,0.7,2–0,13889.0,Clément Turpin,2022-2023,Laurent Abergel,Adil Rami,(4-1-4-1),(3-4-3),52%,48%,475 of 559 — 85%,80% — 411 of 516,6 of 16 — 38%,22% — 2 of 9,2 of 2 — 100%,66% — 4 of 6,0.0,0.0,2.0,0.0,11,10,1,4,10,19,672,608,12,16,13,11,11,17,22,6,2,1,9,5,24,29,53,63
27.0,Sun,2023-03-12,15:00,Nantes,Nice,1.6,1.2,2–2,33568.0,Willy Delajod,2022-2023,Alban Lafont,Dante,(4-2-3-1),(3-4-3),45%,55%,441 of 511 — 86%,87% — 537 of 616,3 of 9 — 33%,50% — 8 of 16,6 of 8 — 75%,33% — 1 of 3,1.0,0.0,1.0,0.0,9,11,1,10,10,23,605,707,18,11,3,9,12,7,20,13,2,0,11,4,19,14,69,59
27.0,Sun,2023-03-12,15:00,Ajaccio,Montpellier,0.2,1.0,0–1,6889.0,Hakim Ben El Hadj Salem,2022-2023,Mathieu Coutadeur,Téji Savanier,(4-4-2),(4-2-3-1),48%,52%,328 of 471 — 70%,73% — 370 of 509,1 of 7 — 14%,36% — 4 of 11,3 of 4 — 75%,100% — 1 of 1,2.0,0.0,2.0,0.0,13,19,1,3,15,15,596,634,23,29,12,13,25,23,11,23,0,0,6,6,31,24,78,85
27.0,Sun,2023-03-12,17:05,Monaco,Reims,0.9,1.9,0–1,5383.0,Thomas Léonard,2022-2023,Wissam Ben Yedder,Yunis Abdelhamid,(4-4-2),(4-2-3-1),49%,51%,399 of 517 — 77%,79% — 427 of 542,3 of 14 — 21%,47% — 8 of 17,7 of 8 — 87%,100% — 3 of 3,1.0,0.0,2.0,0.0,9,14,3,3,17,19,614,635,16,9,15,4,12,14,10,22,3,1,8,6,20,19,71,74
27.0,Sun,2023-03-12,20:45,Marseille,Strasbourg,1.6,2.1,2–2,63380.0,Jérémie Pignard,2022-2023,Valentin Rongier,Dimitri Liénard,(3-4-3),(3-5-2),41%,59%,281 of 388 — 72%,80% — 435 of 547,3 of 6 — 50%,33% — 8 of 24,6 of 8 — 75%,66% — 2 of 3,0.0,1.0,4.0,0.0,6,15,1,8,8,26,516,656,17,23,10,10,13,11,25,4,1,1,9,5,25,18,64,73
28.0,Fri,2023-03-17,21:00,Lyon,Nantes,1.4,1.7,1–1,38880.0,Benoît Millot,2022-2023,Alexandre Lacazette,Alban Lafont,(4-3-3),(4-2-3-1),66%,34%,619 of 709 — 87%,77% — 278 of 361,6 of 11 — 55%,45% — 5 of 11,5 of 5 — 100%,83% — 5 of 6,0.0,0.0,1.0,0.0,13,7,5,2,19,13,811,488,23,24,6,11,13,9,14,24,1,5,7,7,21,16,37,78
28.0,Sat,2023-03-18,17:00,Toulouse,Lille,2.3,1.4,0–2,23006.0,Hakim Ben El Hadj Salem,2022-2023,Brecht Dejaegere,José Fonte,(4-2-3-1),(4-2-3-1),47%,53%,400 of 485 — 82%,85% — 472 of 554,4 of 16 — 25%,22% — 4 of 18,2 of 4 — 50%,100% — 4 of 4,2.0,0.0,0.0,0.0,12,2,12,8,25,14,604,659,21,11,13,7,9,7,20,20,2,0,7,9,14,12,68,46
28.0,Sat,2023-03-18,21:00,Lens,Angers,1.6,0.5,3–0,37410.0,Bastien Dechepy,2022-2023,Seko Fofana,Pierrick Capelle,(4-1-4-1),(5-3-2),46%,54%,424 of 502 — 84%,86% — 517 of 598,6 of 12 — 50%,33% — 1 of 3,1 of 1 — 100%,50% — 3 of 6,0.0,0.0,0.0,0.0,7,15,4,4,13,8,587,672,17,7,7,18,10,10,12,12,2,2,4,7,13,22,63,54
28.0,Sun,2023-03-19,13:00,Ajaccio,Monaco,1.1,1.1,0–2,7198.0,Jeremy Stinat,2022-2023,Mathieu Coutadeur,Wissam Ben Yedder,(4-4-2),(4-4-2),42%,58%,270 of 383 — 70%,74% — 386 of 521,1 of 10 — 10%,50% — 4 of 8,2 of 4 — 50%,100% — 1 of 1,2.0,1.0,1.0,0.0,20,13,1,4,11,18,506,599,19,20,18,9,26,20,20,7,0,3,6,5,20,22,74,77
28.0,Sun,2023-03-19,15:00,Strasbourg,Auxerre,2.8,0.7,2–0,25530.0,Eric Wattellier,2022-2023,Dimitri Liénard,Birama Touré,(5-3-2),(3-4-3),51%,49%,290 of 425 — 68%,67% — 276 of 412,5 of 12 — 42%,13% — 1 of 8,1 of 1 — 100%,60% — 3 of 5,2.0,0.0,1.0,0.0,14,11,5,4,16,13,547,547,26,20,17,12,33,20,11,14,1,0,12,9,26,29,81,89
28.0,Sun,2023-03-19,15:00,Nice,Lorient,1.2,0.7,1–1,20762.0,Ruddy Buquet,2022-2023,Dante,Laurent Abergel,(3-4-1-2),(4-1-4-1),53%,47%,509 of 591 — 86%,86% — 449 of 520,1 of 16 — 6%,33% — 3 of 9,2 of 3 — 66%,0% — 0 of 1,0.0,0.0,2.0,1.0,13,9,10,2,33,3,690,652,28,19,13,5,9,10,2,28,1,1,6,11,11,12,49,49
28.0,Sun,2023-03-19,15:00,Montpellier,Clermont Foot,3.3,1.8,2–1,13166.0,Pierre Gaillouste,2022-2023,Téji Savanier,Maxime Gonalons,(4-2-3-1),(3-4-3),56%,44%,384 of 502 — 76%,72% — 281 of 393,9 of 23 — 39%,50% — 8 of 16,7 of 8 — 87%,77% — 7 of 9,4.5,0.0,1.0,0.0,15,15,11,4,23,12,630,519,13,23,18,18,14,14,19,23,1,1,8,11,21,16,77,69
28.0,Sun,2023-03-19,15:00,Troyes,Brest,1.1,1.3,2–2,9012.0,Florent Batta,2022-2023,Adil Rami,Pierre Lees-Melou,(3-4-3),(4-1-4-1),49%,51%,397 of 504 — 79%,80% — 421 of 527,5 of 15 — 33%,13% — 1 of 8,0 of 1 — 0%,60% — 3 of 5,1.0,0.0,1.0,0.0,12,10,7,4,13,25,615,637,20,13,4,14,25,24,24,17,1,0,1,9,25,12,64,90
28.0,Sun,2023-03-19,17:05,Paris S-G,Rennes,1.7,1.5,0–2,47000.0,Willy Delajod,2022-2023,Kylian Mbappé,Benjamin Bourigeaud,(3-5-2),(5-4-1),60%,40%,606 of 683 — 89%,85% — 384 of 452,8 of 17 — 47%,30% — 3 of 10,1 of 3 — 33%,100% — 8 of 8,1.0,0.0,1.0,0.0,11,12,6,3,11,8,772,548,11,20,10,11,11,4,10,13,5,0,7,9,18,8,28,54
28.0,Sun,2023-03-19,20:45,Reims,Marseille,1.6,1.2,1–2,20479.0,François Letexier,2022-2023,Yunis Abdelhamid,Valentin Rongier,(4-2-3-1),(3-4-3),55%,45%,367 of 476 — 77%,71% — 277 of 389,6 of 19 — 32%,42% — 5 of 12,3 of 5 — 60%,83% — 5 of 6,2.0,0.0,3.0,0.0,13,11,6,4,33,12,612,520,22,15,14,8,20,15,15,34,1,4,5,8,19,20,61,61
29.0,Fri,2023-03-31,21:00,Marseille,Montpellier,1.3,0.9,1–1,58231.0,Thomas Léonard,2022-2023,Valentin Rongier,Téji Savanier,(3-4-3),(4-2-3-1),68%,32%,532 of 656 — 81%,67% — 210 of 313,1 of 12 — 8%,33% — 3 of 9,2 of 3 — 66%,100% — 1 of 1,2.0,0.0,2.0,0.0,15,9,1,3,21,11,758,450,19,16,17,25,11,14,12,24,1,1,6,10,20,20,54,65
29.0,Sat,2023-04-01,17:00,Auxerre,Troyes,1.1,1.5,1–0,16512.0,Jérôme Brisard,2022-2023,Birama Touré,Adil Rami,(3-4-3),(3-4-3),38%,62%,235 of 344 — 68%,77% — 433 of 561,5 of 13 — 38%,7% — 1 of 14,1 of 1 — 100%,80% — 4 of 5,0.0,0.0,0.0,0.0,7,15,4,5,12,15,480,657,17,14,11,12,13,21,31,9,0,3,6,7,16,19,72,67
29.0,Sat,2023-04-01,21:00,Rennes,Lens,1.0,1.5,0–1,28556.0,Clément Turpin,2022-2023,Hamari Traoré,Seko Fofana,(5-4-1),(3-4-3),56%,44%,508 of 602 — 84%,81% — 387 of 475,3 of 10 — 30%,33% — 4 of 12,3 of 4 — 75%,100% — 3 of 3,2.0,0.0,2.0,0.0,13,11,5,5,11,12,692,568,14,14,9,11,11,8,15,11,3,0,8,10,19,17,62,72
29.0,Sun,2023-04-02,13:00,Lille,Lorient,2.0,0.2,3–1,32862.0,Jérémie Pignard,2022-2023,José Fonte,Laurent Abergel,(4-2-3-1),(4-1-4-1),60%,40%,540 of 625 — 86%,81% — 344 of 423,7 of 20 — 35%,50% — 1 of 2,0 of 1 — 0%,57% — 4 of 7,3.0,0.0,4.5,0.0,14,9,5,1,19,8,727,535,23,18,12,8,8,8,10,27,2,1,3,11,12,14,53,39
29.0,Sun,2023-04-02,15:00,Angers,Nice,0.9,1.5,1–1,6649.0,Eric Wattellier,2022-2023,Pierrick Capelle,Dante,(5-3-2),(4-3-3),37%,63%,283 of 372 — 76%,85% — 533 of 630,6 of 13 — 46%,25% — 3 of 12,2 of 3 — 66%,83% — 5 of 6,1.0,0.0,1.0,0.0,8,11,5,2,20,22,494,733,15,29,8,12,14,12,23,15,1,0,9,6,16,23,54,57
29.0,Sun,2023-04-02,15:00,Brest,Toulouse,1.7,1.2,3–1,12325.0,Stéphanie Frappart,2022-2023,Brendan Chardonnet,Branco van den Boomen,(4-1-4-1),(4-2-3-1),41%,59%,318 of 406 — 78%,84% — 481 of 576,7 of 17 — 41%,33% — 3 of 9,2 of 3 — 66%,57% — 4 of 7,2.0,0.0,6.5,0.0,16,12,4,2,25,12,535,694,19,14,12,7,24,9,15,23,1,3,1,9,20,19,62,56
29.0,Sun,2023-04-02,15:00,Nantes,Reims,1.3,2.2,0–3,26285.0,Marc Bollengier,2022-2023,Alban Lafont,Yunis Abdelhamid,(4-1-4-1),(4-2-3-1),48%,52%,350 of 456 — 77%,76% — 377 of 496,5 of 12 — 42%,64% — 9 of 14,6 of 9 — 66%,100% — 5 of 5,1.0,0.0,2.0,0.0,10,13,3,4,24,13,589,613,15,20,19,10,9,11,22,22,0,1,7,6,18,21,74,38
29.0,Sun,2023-04-02,15:00,Clermont Foot,Ajaccio,2.4,0.4,2–1,9436.0,Mathieu Vernice,2022-2023,Maxime Gonalons,Mathieu Coutadeur,(4-2-3-1),(4-4-2),67%,33%,516 of 622 — 83%,63% — 193 of 304,4 of 12 — 33%,67% — 2 of 3,1 of 2 — 50%,100% — 4 of 4,2.0,0.0,5.0,1.0,15,22,5,1,23,4,717,394,16,16,6,15,21,13,7,15,1,2,1,9,27,14,75,68
29.0,Sun,2023-04-02,17:05,Monaco,Strasbourg,1.4,1.5,4–3,5356.0,Willy Delajod,2022-2023,Wissam Ben Yedder,Matz Sels,(4-4-2),(3-1-4-2),50%,50%,363 of 489 — 74%,77% — 370 of 481,6 of 9 — 67%,46% — 6 of 13,4 of 6 — 66%,33% — 2 of 6,4.5,0.0,1.0,0.0,15,17,3,3,11,21,592,612,14,17,11,18,18,16,23,22,3,1,9,2,23,21,83,64
29.0,Sun,2023-04-02,20:45,Paris S-G,Lyon,1.1,1.6,0–1,47000.0,François Letexier,2022-2023,Marquinhos,Alexandre Lacazette,(3-5-2),(3-4-1-2),62%,38%,635 of 732 — 87%,81% — 365 of 452,5 of 16 — 31%,33% — 3 of 9,2 of 3 — 66%,100% — 5 of 5,3.0,0.0,3.0,0.0,10,16,7,1,16,5,858,598,17,25,12,15,7,7,7,27,1,2,4,7,20,17,31,59
30.0,Fri,2023-04-07,21:00,Lens,Strasbourg,1.0,0.8,2–1,38223.0,Pierre Gaillouste,2022-2023,Seko Fofana,Alexander Djiku,(3-4-3),(3-4-3),54%,46%,446 of 543 — 82%,79% — 362 of 460,9 of 13 — 69%,23% — 3 of 13,2 of 3 — 66%,77% — 7 of 9,1.0,0.0,6.5,0.0,19,19,5,1,12,16,636,574,8,14,4,18,15,15,17,15,0,1,10,3,14,19,59,75
30.0,Sat,2023-04-08,17:00,Angers,Lille,1.0,1.4,1–0,7469.0,Mathieu Vernice,2022-2023,Pierrick Capelle,José Fonte,(5-3-2),(4-2-3-1),34%,66%,204 of 282 — 72%,84% — 468 of 555,5 of 7 — 71%,33% — 5 of 15,5 of 5 — 100%,80% — 4 of 5,2.0,0.0,3.0,0.0,18,18,3,6,12,23,402,661,18,21,8,7,11,13,25,13,0,2,10,2,21,27,55,62
30.0,Sat,2023-04-08,21:00,Nice,Paris S-G,1.5,1.2,0–2,34456.0,Jérémie Pignard,2022-2023,Dante,Marquinhos,(5-4-1),(3-5-2),45%,55%,538 of 615 — 87%,91% — 672 of 738,7 of 21 — 33%,31% — 4 of 13,2 of 4 — 50%,100% — 7 of 7,1.0,0.0,0.0,0.0,8,2,10,5,31,9,734,882,19,26,7,8,3,5,10,34,1,3,7,9,12,14,41,44
30.0,Sun,2023-04-09,13:00,Lyon,Rennes,1.1,1.1,3–1,45000.0,Benoît Bastien,2022-2023,Alexandre Lacazette,Hamari Traoré,(4-1-4-1),(4-2-3-1),59%,41%,464 of 571 — 81%,82% — 324 of 395,3 of 11 — 27%,27% — 3 of 11,2 of 3 — 66%,0% — 0 of 3,2.0,0.0,2.0,0.0,14,17,7,2,19,5,668,509,20,15,6,9,7,8,12,24,4,0,5,4,22,17,68,45
30.0,Sun,2023-04-09,15:00,Montpellier,Toulouse,1.9,2.1,1–2,17283.0,Florent Batta,2022-2023,Téji Savanier,Brecht Dejaegere,(4-2-3-1),(4-2-3-1),51%,49%,362 of 464 — 78%,76% — 342 of 448,8 of 15 — 53%,53% — 8 of 15,6 of 8 — 75%,87% — 7 of 8,0.0,0.0,2.0,0.0,16,19,4,3,18,11,568,571,6,21,5,8,16,19,9,18,1,1,12,9,23,18,83,60
30.0,Sun,2023-04-09,15:00,Reims,Brest,3.4,1.4,1–1,12023.0,Benoît Millot,2022-2023,Yunis Abdelhamid,Brendan Chardonnet,(4-2-3-1),(4-1-4-1),61%,39%,441 of 567 — 78%,70% — 253 of 363,4 of 21 — 19%,42% — 5 of 12,4 of 5 — 80%,100% — 4 of 4,0.0,0.0,1.0,0.0,9,13,6,3,34,15,679,512,16,22,6,14,19,16,9,33,2,1,6,19,20,16,60,90
30.0,Sun,2023-04-09,15:00,Ajaccio,Auxerre,1.1,0.8,0–3,6742.0,Bastien Dechepy,2022-2023,Mathieu Coutadeur,Birama Touré,(4-4-2),(3-4-3),57%,43%,385 of 500 — 77%,73% — 276 of 378,2 of 9 — 22%,36% — 4 of 11,2 of 4 — 50%,100% — 2 of 2,1.0,0.0,3.0,0.0,13,15,7,5,31,12,591,484,9,15,13,13,17,14,11,22,5,1,8,6,27,17,75,83
30.0,Sun,2023-04-09,15:00,Troyes,Clermont Foot,0.4,1.3,0–2,7777.0,Jeremy Stinat,2022-2023,Adil Rami,Maxime Gonalons,(3-4-3),(4-2-3-1),43%,57%,351 of 437 — 80%,83% — 485 of 583,3 of 9 — 33%,33% — 4 of 12,2 of 4 — 50%,100% — 3 of 3,3.0,0.0,2.0,0.0,18,9,3,2,10,17,550,694,14,25,13,8,11,14,21,4,0,1,6,9,21,20,59,80
30.0,Sun,2023-04-09,17:05,Nantes,Monaco,1.1,1.3,2–2,30050.0,Clément Turpin,2022-2023,Alban Lafont,Wissam Ben Yedder,(4-2-3-1),(4-2-3-1),49%,51%,325 of 438 — 74%,73% — 336 of 458,2 of 9 — 22%,56% — 9 of 16,7 of 9 — 77%,0% — 0 of 2,3.0,0.0,1.0,0.0,13,11,6,8,20,16,560,580,9,25,12,16,16,26,18,16,2,2,2,5,20,21,59,63
30.0,Sun,2023-04-09,20:45,Lorient,Marseille,0.4,0.9,0–0,16767.0,Willy Delajod,2022-2023,Vincent Le Goff,Valentin Rongier,(3-4-3),(3-4-3),40%,60%,299 of 388 — 77%,83% — 477 of 573,5 of 9 — 56%,15% — 2 of 13,2 of 2 — 100%,100% — 5 of 5,0.0,0.0,2.0,0.0,10,18,3,6,8,24,509,673,18,18,11,8,8,11,28,14,1,0,10,5,16,13,64,54
31.0,Fri,2023-04-14,21:00,Toulouse,Lyon,1.2,2.3,1–2,28302.0,François Letexier,2022-2023,Branco van den Boomen,Alexandre Lacazette,(4-2-3-1),(4-3-3),43%,57%,378 of 488 — 77%,86% — 557 of 648,5 of 13 — 38%,15% — 2 of 13,2 of 2 — 100%,80% — 4 of 5,1.0,0.0,4.0,0.0,14,10,8,5,23,18,604,795,24,15,8,14,7,14,22,18,2,1,11,4,20,18,58,65
31.0,Sat,2023-04-15,17:00,Rennes,Reims,2.9,0.4,3–0,27936.0,Jeremy Stinat,2022-2023,Hamari Traoré,Yunis Abdelhamid,(4-1-4-1),(4-2-3-1),51%,49%,375 of 477 — 79%,75% — 350 of 467,8 of 23 — 35%,20% — 1 of 5,1 of 1 — 100%,62% — 5 of 8,1.0,0.0,2.0,0.0,12,14,6,4,14,24,620,589,24,16,16,11,10,16,23,15,1,5,6,5,24,24,77,59
31.0,Sat,2023-04-15,21:00,Paris S-G,Lens,1.2,1.8,3–1,47120.0,Willy Delajod,2022-2023,Marquinhos,Seko Fofana,(3-5-2),(3-4-3),62%,38%,706 of 757 — 93%,84% — 389 of 463,7 of 15 — 47%,46% — 6 of 13,6 of 6 — 100%,57% — 4 of 7,0.0,0.0,0.0,1.0,12,8,3,10,4,25,851,537,9,8,8,5,5,3,22,7,1,1,8,3,10,12,32,39
31.0,Sun,2023-04-16,13:00,Lille,Montpellier,2.1,0.4,2–1,34200.0,Jérôme Brisard,2022-2023,José Fonte,Téji Savanier,(4-2-3-1),(4-2-3-1),68%,32%,541 of 622 — 87%,72% — 206 of 288,7 of 17 — 41%,25% — 1 of 4,0 of 1 — 0%,71% — 5 of 7,1.0,0.0,3.0,0.0,15,19,8,4,24,11,738,412,14,24,4,12,17,10,21,27,1,3,2,6,14,17,44,67
31.0,Sun,2023-04-16,15:00,Auxerre,Nantes,2.6,0.9,2–1,15714.0,Eric Wattellier,2022-2023,Birama Touré,Alban Lafont,(3-4-3),(4-1-4-1),31%,69%,178 of 290 — 61%,81% — 517 of 637,6 of 12 — 50%,41% — 7 of 17,6 of 7 — 85%,83% — 5 of 6,2.0,0.0,2.0,0.0,14,8,3,6,13,30,421,762,27,22,11,10,17,19,24,21,0,2,16,5,21,29,83,78
31.0,Sun,2023-04-16,15:00,Strasbourg,Ajaccio,1.6,0.4,3–1,25130.0,Stéphanie Frappart,2022-2023,Alexander Djiku,Mathieu Coutadeur,(5-3-2),(4-2-3-1),43%,57%,287 of 388 — 74%,78% — 407 of 522,4 of 11 — 36%,13% — 1 of 8,0 of 1 — 0%,50% — 2 of 4,2.0,0.0,5.0,0.0,14,19,5,0,14,13,498,615,16,10,10,8,25,16,25,17,0,2,3,8,15,21,76,69
31.0,Sun,2023-04-16,15:00,Brest,Nice,1.3,0.8,1–0,12615.0,Benoît Bastien,2022-2023,Brendan Chardonnet,Dante,(4-2-3-1),(3-4-1-2),52%,48%,395 of 500 — 79%,81% — 379 of 467,3 of 14 — 21%,50% — 6 of 12,6 of 6 — 100%,66% — 2 of 3,1.0,0.0,3.0,0.0,15,14,3,5,19,15,590,575,21,20,10,14,19,10,9,14,2,1,7,12,19,19,78,72
31.0,Sun,2023-04-16,15:00,Clermont Foot,Angers,2.1,0.3,2–1,10589.0,Thomas Léonard,2022-2023,Maxime Gonalons,Nabil Bentaleb,(4-2-3-1),(5-3-2),53%,47%,386 of 478 — 81%,81% — 340 of 422,3 of 10 — 30%,57% — 4 of 7,3 of 4 — 75%,100% — 3 of 3,1.0,2.0,3.0,0.0,12,15,6,6,11,24,589,533,22,20,10,12,8,10,18,9,1,1,4,6,23,15,70,59
31.0,Sun,2023-04-16,17:05,Monaco,Lorient,1.9,1.1,3–1,6930.0,Bastien Dechepy,2022-2023,Wissam Ben Yedder,Laurent Abergel,(4-4-2),(4-1-4-1),47%,53%,406 of 524 — 77%,85% — 500 of 589,6 of 11 — 55%,50% — 3 of 6,3 of 3 — 100%,50% — 3 of 6,0.0,0.0,1.0,0.0,18,10,5,3,26,14,634,718,18,15,10,13,14,8,16,33,3,0,4,8,26,17,63,37
31.0,Sun,2023-04-16,20:45,Marseille,Troyes,3.7,0.4,3–1,63486.0,Benoît Millot,2022-2023,Valentin Rongier,Adil Rami,(3-4-3),(3-4-3),71%,29%,624 of 720 — 87%,71% — 205 of 287,6 of 28 — 21%,50% — 2 of 4,1 of 2 — 50%,50% — 3 of 6,0.0,0.0,2.0,0.0,13,8,8,1,21,2,853,428,35,19,11,15,9,7,5,25,1,0,0,13,23,17,50,52
32.0,Fri,2023-04-21,21:00,Angers,Paris S-G,1.8,1.6,1–2,16914.0,Eric Wattellier,2022-2023,Himad Abdelli,Marquinhos,(5-3-2),(3-5-2),35%,65%,403 of 463 — 87%,92% — 801 of 874,4 of 16 — 25%,40% — 4 of 10,2 of 4 — 50%,75% — 3 of 4,0.0,0.0,0.0,0.0,6,8,5,8,26,9,575,975,21,15,15,9,6,6,10,19,3,0,2,9,8,10,33,62
32.0,Sat,2023-04-22,17:00,Auxerre,Lille,1.5,2.2,1–1,16779.0,Stéphanie Frappart,2022-2023,Birama Touré,José Fonte,(3-4-3),(4-2-3-1),31%,69%,231 of 317 — 73%,87% — 629 of 721,3 of 7 — 43%,23% — 3 of 13,3 of 3 — 100%,100% — 3 of 3,0.0,0.0,1.0,0.0,12,12,4,4,12,16,414,795,15,12,10,4,12,9,14,13,2,3,8,6,14,20,78,49
32.0,Sat,2023-04-22,21:00,Lens,Monaco,2.3,1.6,3–0,38223.0,François Letexier,2022-2023,Seko Fofana,Wissam Ben Yedder,(3-4-3),(4-2-3-1),62%,38%,545 of 639 — 85%,74% — 286 of 387,7 of 21 — 33%,36% — 4 of 11,4 of 4 — 100%,57% — 4 of 7,0.0,0.0,2.0,0.0,8,14,2,4,13,16,747,471,14,12,3,9,11,11,17,13,1,1,5,11,15,17,75,44
32.0,Sun,2023-04-23,13:00,Reims,Strasbourg,1.4,0.8,0–2,13737.0,Clément Turpin,2022-2023,Yunis Abdelhamid,Alexander Djiku,(4-2-3-1),(3-4-3),73%,27%,495 of 617 — 80%,53% — 124 of 234,5 of 13 — 38%,33% — 3 of 9,1 of 3 — 33%,100% — 5 of 5,2.0,0.0,1.0,0.0,11,13,5,4,31,16,731,363,9,27,6,15,20,19,12,31,1,0,7,12,33,17,75,67
32.0,Sun,2023-04-23,15:00,Nice,Clermont Foot,1.3,1.0,1–2,20578.0,Benoît Millot,2022-2023,Dante,Florent Ogier,(4-3-3),(5-4-1),56%,44%,483 of 578 — 84%,81% — 368 of 453,5 of 15 — 33%,33% — 3 of 9,1 of 3 — 33%,80% — 4 of 5,1.0,0.0,2.0,0.0,19,9,6,2,24,10,677,555,20,13,19,17,10,4,6,20,2,1,6,7,14,10,52,60
32.0,Sun,2023-04-23,15:00,Ajaccio,Brest,0.3,0.6,0–0,6879.0,Jeremy Stinat,2022-2023,Vincent Marchetti,Brendan Chardonnet,(4-4-2),(4-1-4-1),44%,56%,293 of 400 — 73%,76% — 393 of 519,2 of 3 — 67%,20% — 2 of 10,2 of 2 — 100%,100% — 2 of 2,2.0,1.0,2.0,0.0,11,20,4,4,16,28,508,613,11,22,8,13,15,20,24,12,2,1,5,4,22,23,72,78
32.0,Sun,2023-04-23,15:00,Nantes,Troyes,1.7,1.8,2–2,34082.0,Jérémie Pignard,2022-2023,Alban Lafont,Adil Rami,(4-4-2),(3-4-3),53%,47%,418 of 532 — 79%,79% — 367 of 464,9 of 19 — 47%,38% — 3 of 8,2 of 3 — 66%,77% — 7 of 9,1.0,0.0,0.0,0.0,12,11,13,4,49,11,658,598,27,17,15,8,20,13,12,40,1,2,4,6,15,17,69,56
32.0,Sun,2023-04-23,15:00,Lorient,Toulouse,0.6,1.1,0–1,15948.0,Marc Bollengier,2022-2023,Laurent Abergel,Maxime Dupé,(3-4-3),(4-2-3-1),54%,46%,484 of 580 — 83%,80% — 403 of 502,1 of 9 — 11%,31% — 4 of 13,3 of 4 — 75%,100% — 1 of 1,3.0,0.0,2.0,0.0,13,13,2,7,22,14,699,621,17,24,8,17,13,13,11,24,0,1,11,9,25,16,40,67
32.0,Sun,2023-04-23,17:05,Montpellier,Rennes,0.9,1.1,1–0,15537.0,Ruddy Buquet,2022-2023,Téji Savanier,Hamari Traoré,(4-2-3-1),(4-1-4-1),31%,69%,208 of 290 — 72%,86% — 559 of 650,2 of 11 — 18%,25% — 4 of 16,4 of 4 — 100%,50% — 1 of 2,3.0,1.0,2.0,0.0,11,13,4,4,15,30,401,734,8,9,14,5,17,12,25,14,2,0,14,6,10,15,68,52
32.0,Sun,2023-04-23,20:45,Lyon,Marseille,1.0,2.0,1–2,57509.0,Jérôme Brisard,2022-2023,Alexandre Lacazette,Valentin Rongier,(4-3-3),(3-4-3),59%,41%,467 of 577 — 81%,74% — 295 of 397,2 of 7 — 29%,50% — 7 of 14,6 of 7 — 85%,50% — 1 of 2,2.0,0.0,1.0,0.0,11,18,5,3,18,11,683,510,13,13,14,9,15,17,14,25,2,3,7,6,14,21,71,53
33.0,Fri,2023-04-28,21:00,Strasbourg,Lyon,1.3,0.8,1–2,25360.0,Ruddy Buquet,2022-2023,Alexander Djiku,Alexandre Lacazette,(3-4-3),(3-1-4-2),53%,47%,375 of 491 — 76%,73% — 315 of 434,3 of 11 — 27%,57% — 4 of 7,2 of 4 — 50%,66% — 2 of 3,2.0,0.0,5.5,0.0,13,24,5,4,26,10,616,551,22,19,12,12,26,22,15,28,1,1,4,8,23,21,73,57
33.0,Sat,2023-04-29,17:00,Lille,Ajaccio,1.6,0.5,3–0,35490.0,François Letexier,2022-2023,Jonathan Bamba,Vincent Marchetti,(4-2-3-1),(4-4-2),75%,25%,706 of 789 — 89%,74% — 197 of 266,5 of 10 — 50%,0% — 0 of 2,0 of 0 — %,40% — 2 of 5,1.0,0.0,2.0,0.0,10,13,9,0,12,5,861,365,12,25,2,9,8,14,4,17,2,4,2,6,20,12,63,48
33.0,Sun,2023-04-30,13:00,Monaco,Montpellier,1.1,1.9,0–4,6069.0,Marc Bollengier,2022-2023,Wissam Ben Yedder,Jordan Ferri,(4-4-2),(4-2-3-1),55%,45%,392 of 488 — 80%,76% — 306 of 402,4 of 7 — 57%,47% — 9 of 19,5 of 9 — 55%,100% — 4 of 4,2.0,0.0,1.0,0.0,11,12,3,11,18,19,578,509,15,14,15,15,9,14,16,17,2,1,11,5,24,14,48,65
33.0,Sun,2023-04-30,15:00,Rennes,Angers,2.1,1.0,4–2,28028.0,Florent Batta,2022-2023,Hamari Traoré,Nabil Bentaleb,(4-1-4-1),(5-3-2),64%,36%,519 of 589 — 88%,80% — 265 of 330,4 of 13 — 31%,33% — 1 of 3,0 of 1 — 0%,25% — 1 of 4,1.0,0.0,2.0,0.0,14,11,7,5,17,15,671,421,9,14,5,10,9,8,12,14,1,0,3,5,21,10,55,48
33.0,Sun,2023-04-30,15:00,Troyes,Nice,0.7,3.3,0–1,8399.0,Eric Wattellier,2022-2023,Adil Rami,Dante,(3-4-3),(4-3-3),36%,64%,327 of 394 — 83%,90% — 637 of 709,6 of 9 — 67%,40% — 12 of 30,11 of 12 — 91%,100% — 6 of 6,0.0,0.0,2.0,0.0,7,10,3,14,7,35,517,827,15,20,5,10,7,8,28,10,1,0,12,5,8,12,46,59
33.0,Sun,2023-04-30,15:00,Clermont Foot,Reims,1.6,0.8,1–0,11446.0,Stéphanie Frappart,2022-2023,Florent Ogier,Yunis Abdelhamid,(3-4-3),(4-2-3-1),33%,67%,220 of 325 — 68%,83% — 541 of 649,2 of 8 — 25%,19% — 3 of 16,3 of 3 — 100%,50% — 1 of 2,0.0,1.0,2.0,0.0,10,13,6,8,13,27,438,756,25,17,12,6,14,16,18,8,1,3,13,7,20,22,84,72
33.0,Sun,2023-04-30,17:05,Paris S-G,Lorient,1.8,2.9,1–3,41454.0,Jérôme Brisard,2022-2023,Marquinhos,Laurent Abergel,(4-4-2),(3-4-3),54%,46%,557 of 626 — 89%,88% — 481 of 544,4 of 13 — 31%,50% — 7 of 14,4 of 7 — 57%,75% — 3 of 4,5.5,0.0,3.0,0.0,15,17,2,3,9,6,708,649,17,20,10,15,6,1,7,12,0,3,7,7,6,10,20,42
33.0,Sun,2023-04-30,20:45,Marseille,Auxerre,2.6,0.5,2–1,64532.0,Jérémie Pignard,2022-2023,Valentin Rongier,Birama Touré,(3-4-3),(3-4-3),69%,31%,484 of 597 — 81%,66% — 174 of 263,4 of 25 — 16%,27% — 3 of 11,2 of 3 — 66%,50% — 2 of 4,1.0,0.0,0.0,0.0,7,6,12,1,48,9,701,397,19,9,10,10,23,14,12,40,2,0,5,22,22,17,73,74
33.0,Tue,2023-05-02,21:00,Toulouse,Lens,0.6,1.2,0–1,30866.0,Bastien Dechepy,2022-2023,Maxime Dupé,Seko Fofana,(3-4-3),(3-4-3),47%,53%,419 of 524 — 80%,85% — 500 of 586,2 of 9 — 22%,27% — 3 of 11,2 of 3 — 66%,100% — 2 of 2,1.0,0.0,2.0,0.0,5,7,5,0,18,8,609,693,16,19,6,14,10,11,6,15,2,2,13,10,32,14,56,66
33.0,Wed,2023-05-03,21:00,Brest,Nantes,0.6,1.0,2–0,14470.0,Willy Delajod,2022-2023,Brendan Chardonnet,Alban Lafont,(4-1-4-1),(4-2-3-1),53%,47%,432 of 574 — 75%,77% — 385 of 503,4 of 8 — 50%,38% — 5 of 13,5 of 5 — 100%,50% — 2 of 4,0.0,0.0,1.0,0.0,7,15,2,4,17,26,685,628,25,19,10,9,31,15,19,21,4,1,4,4,29,19,114,60
34.0,Sat,2023-05-06,17:00,Nice,Rennes,1.6,1.3,2–1,22601.0,Willy Delajod,2022-2023,Dante,Hamari Traoré,(4-3-3),(4-1-4-1),47%,53%,381 of 467 — 82%,85% — 451 of 531,4 of 11 — 36%,29% — 4 of 14,3 of 4 — 75%,50% — 2 of 4,0.0,0.0,1.0,0.0,11,11,4,7,21,22,560,633,20,17,9,8,12,8,20,18,4,0,14,6,21,10,61,52
34.0,Sat,2023-05-06,19:00,Reims,Lille,2.0,1.7,1–0,17911.0,Thomas Léonard,2022-2023,Yunis Abdelhamid,José Fonte,(4-3-1-2),(4-2-3-1),37%,63%,229 of 324 — 71%,81% — 449 of 553,4 of 14 — 29%,45% — 5 of 11,5 of 5 — 100%,75% — 3 of 4,2.0,0.0,3.0,0.0,17,10,4,7,14,23,427,638,22,15,10,8,11,13,15,14,8,0,8,5,17,19,73,72
34.0,Sat,2023-05-06,21:00,Lens,Marseille,0.7,1.3,2–1,38220.0,Clément Turpin,2022-2023,Seko Fofana,Valentin Rongier,(3-4-3),(3-4-3),43%,57%,243 of 342 — 71%,77% — 353 of 459,3 of 9 — 33%,21% — 3 of 14,2 of 3 — 66%,33% — 1 of 3,5.0,0.0,2.0,0.0,12,16,7,7,15,28,477,563,16,22,13,11,14,12,30,19,1,2,6,4,24,28,68,58
34.0,Sun,2023-05-07,13:00,Angers,Monaco,1.0,2.1,1–2,9223.0,Jeremy Stinat,2022-2023,Nabil Bentaleb,Axel Disasi,(5-3-2),(3-4-3),60%,40%,514 of 599 — 86%,78% — 308 of 394,3 of 10 — 30%,43% — 6 of 14,4 of 6 — 66%,66% — 2 of 3,3.0,0.0,2.0,0.0,13,17,4,3,20,11,718,501,19,23,5,13,11,15,19,12,0,1,6,8,16,20,63,47
34.0,Sun,2023-05-07,15:00,Lorient,Brest,1.0,1.5,2–1,16338.0,Benoît Millot,2022-2023,Laurent Abergel,Brendan Chardonnet,(3-4-3),(4-1-4-1),46%,54%,322 of 407 — 79%,78% — 372 of 479,3 of 6 — 50%,7% — 1 of 14,1 of 1 — 100%,33% — 1 of 3,4.5,0.0,2.0,0.0,13,22,4,6,7,27,544,590,25,27,5,8,20,21,37,10,2,0,11,4,15,24,59,91
34.0,Sun,2023-05-07,15:00,Ajaccio,Toulouse,0.3,1.7,0–0,6735.0,Florent Batta,2022-2023,Mathieu Coutadeur,Brecht Dejaegere,(4-5-1),(4-2-3-1),39%,61%,288 of 384 — 75%,84% — 498 of 596,2 of 4 — 50%,33% — 5 of 15,5 of 5 — 100%,100% — 2 of 2,3.0,0.0,0.0,0.0,10,8,4,7,18,27,500,693,25,14,7,7,10,17,28,16,1,1,10,4,21,21,67,67
34.0,Sun,2023-05-07,15:00,Nantes,Strasbourg,0.8,2.2,0–2,28563.0,Benoît Bastien,2022-2023,Alban Lafont,Alexander Djiku,(3-4-1-2),(3-4-3),54%,46%,340 of 483 — 70%,74% — 304 of 409,5 of 13 — 38%,57% — 4 of 7,3 of 4 — 75%,100% — 5 of 5,3.0,0.0,1.0,0.0,22,15,11,1,40,8,590,564,17,17,9,15,34,32,14,35,1,0,2,11,23,23,78,75
34.0,Sun,2023-05-07,15:00,Auxerre,Clermont Foot,1.2,1.5,1–1,16330.0,Marc Bollengier,2022-2023,Birama Touré,Florent Ogier,(3-4-3),(3-4-3),47%,53%,348 of 446 — 78%,80% — 408 of 507,4 of 12 — 33%,44% — 4 of 9,3 of 4 — 75%,75% — 3 of 4,1.0,0.0,0.0,0.0,19,13,2,2,14,12,547,613,12,21,14,11,12,10,11,12,2,2,6,6,22,15,75,73
34.0,Sun,2023-05-07,17:05,Lyon,Montpellier,2.9,1.8,5–4,49531.0,Bastien Dechepy,2022-2023,Alexandre Lacazette,Jordan Ferri,(4-2-3-1),(4-2-3-1),69%,31%,562 of 650 — 86%,74% — 213 of 288,7 of 15 — 47%,45% — 5 of 11,2 of 5 — 40%,42% — 3 of 7,0.0,0.0,3.0,0.0,12,14,3,5,17,13,754,415,19,20,9,6,9,4,15,21,2,3,1,7,22,16,53,55
34.0,Sun,2023-05-07,20:45,Troyes,Paris S-G,0.7,4.1,1–3,18890.0,Ruddy Buquet,2022-2023,Adil Rami,Marquinhos,(3-4-3),(3-5-2),40%,60%,438 of 499 — 88%,92% — 696 of 759,2 of 7 — 29%,39% — 12 of 31,9 of 12 — 75%,50% — 1 of 2,1.0,0.0,0.0,0.0,5,5,6,6,15,16,595,853,10,14,9,10,4,6,15,15,1,2,14,1,10,11,41,28
35.0,Fri,2023-05-12,21:00,Lens,Reims,1.5,1.7,2–1,37701.0,Jérémie Pignard,2022-2023,Seko Fofana,Yunis Abdelhamid,(3-4-3),(4-1-2-1-2),40%,60%,279 of 357 — 78%,86% — 462 of 539,5 of 7 — 71%,13% — 2 of 16,2 of 2 — 100%,80% — 4 of 5,1.0,1.0,3.0,0.0,6,19,0,14,12,31,460,626,13,8,7,5,8,5,34,7,1,0,11,4,11,13,62,57
35.0,Sat,2023-05-13,17:00,Strasbourg,Nice,2.0,0.5,2–0,25147.0,Jeremy Stinat,2022-2023,Matz Sels,Dante,(3-4-3),(4-3-3),40%,60%,319 of 405 — 79%,84% — 517 of 618,2 of 11 — 18%,44% — 4 of 9,4 of 4 — 100%,50% — 1 of 2,1.0,0.0,1.0,0.0,14,9,2,3,13,15,517,731,22,25,11,7,13,11,11,18,0,1,9,4,25,19,64,67
35.0,Sat,2023-05-13,21:00,Paris S-G,Ajaccio,2.3,0.4,5–0,47926.0,Pierre Gaillouste,2022-2023,Marquinhos,Mathieu Coutadeur,(3-4-3),(4-3-3),73%,27%,696 of 779 — 89%,78% — 227 of 291,9 of 16 — 56%,29% — 2 of 7,2 of 2 — 100%,55% — 5 of 9,1.0,1.0,1.0,1.0,7,6,8,3,18,7,862,413,10,24,7,12,7,8,5,28,1,0,6,5,16,7,56,45
35.0,Sun,2023-05-14,13:00,Clermont Foot,Lyon,1.8,1.7,2–1,13191.0,Ruddy Buquet,2022-2023,Florent Ogier,Alexandre Lacazette,(3-4-3),(3-4-1-2),38%,62%,295 of 395 — 75%,84% — 550 of 653,5 of 8 — 63%,21% — 3 of 14,2 of 3 — 66%,80% — 4 of 5,3.0,0.0,3.0,0.0,17,10,5,2,13,10,511,777,12,18,23,18,6,10,23,12,2,3,11,3,13,16,55,38
35.0,Sun,2023-05-14,15:00,Toulouse,Nantes,1.3,1.0,0–0,27033.0,Jérôme Brisard,2022-2023,Maxime Dupé,Samuel Moutoussamy,(4-2-3-1),(3-4-1-2),71%,29%,662 of 775 — 85%,69% — 220 of 318,6 of 14 — 43%,13% — 1 of 8,1 of 1 — 100%,100% — 6 of 6,1.0,0.0,1.0,0.0,6,13,10,5,41,9,872,442,16,17,6,12,19,15,9,44,3,2,4,10,24,12,56,71
35.0,Sun,2023-05-14,15:00,Montpellier,Lorient,1.6,0.6,1–1,12595.0,Mathieu Vernice,2022-2023,Jordan Ferri,Laurent Abergel,(4-3-3),(3-4-3),43%,57%,332 of 426 — 78%,86% — 492 of 569,3 of 15 — 20%,27% — 3 of 11,2 of 3 — 66%,66% — 2 of 3,2.0,0.0,3.0,0.0,20,15,11,5,34,11,528,688,21,16,11,15,12,11,15,27,0,2,8,9,13,17,58,53
35.0,Sun,2023-05-14,15:00,Rennes,Troyes,3.9,0.4,4–0,27836.0,Stéphanie Frappart,2022-2023,Hamari Traoré,Adil Rami,(4-1-4-1),(3-4-3),66%,34%,530 of 613 — 86%,75% — 235 of 313,9 of 26 — 35%,0% — 0 of 4,0 of 0 — %,55% — 5 of 9,0.0,0.0,1.0,0.0,4,9,9,1,20,10,706,412,13,11,9,7,9,10,6,20,3,1,5,11,15,15,54,52
35.0,Sun,2023-05-14,15:00,Brest,Auxerre,1.6,0.6,1–0,15028.0,Eric Wattellier,2022-2023,Brendan Chardonnet,Birama Touré,(4-1-4-1),(5-3-2),45%,55%,360 of 475 — 76%,82% — 467 of 573,10 of 15 — 67%,20% — 2 of 10,2 of 2 — 100%,90% — 9 of 10,0.0,0.0,0.0,0.0,8,8,6,0,28,9,580,681,21,10,12,8,26,15,14,21,3,0,7,6,19,23,92,77
35.0,Sun,2023-05-14,17:05,Monaco,Lille,0.7,0.9,0–0,6805.0,Benoît Bastien,2022-2023,Axel Disasi,José Fonte,(4-2-3-1),(4-2-3-1),42%,58%,279 of 403 — 69%,79% — 440 of 556,1 of 8 — 13%,40% — 4 of 10,4 of 4 — 100%,100% — 1 of 1,0.0,0.0,2.0,0.0,19,13,3,4,15,9,505,664,17,12,12,14,18,15,14,22,3,0,6,4,24,20,81,73
35.0,Sun,2023-05-14,20:45,Marseille,Angers,2.7,0.3,3–1,63329.0,Benoît Millot,2022-2023,Dimitri Payet,Nabil Bentaleb,(3-4-3),(5-3-2),62%,38%,481 of 574 — 84%,74% — 258 of 348,5 of 13 — 38%,25% — 1 of 4,0 of 1 — 0%,60% — 3 of 5,1.0,0.0,2.0,0.0,17,9,7,0,21,4,671,444,21,14,10,11,14,12,7,25,7,0,5,10,16,17,46,59
36.0,Fri,2023-05-19,21:00,Lyon,Monaco,2.1,1.8,3–1,53980.0,Benoît Millot,2022-2023,Alexandre Lacazette,Wissam Ben Yedder,(4-2-3-1),(3-4-3),62%,38%,563 of 647 — 87%,75% — 305 of 405,11 of 23 — 48%,57% — 8 of 14,8 of 8 — 100%,72% — 8 of 11,0.0,0.0,3.0,0.0,8,14,2,8,9,25,772,517,17,23,12,13,8,9,27,15,0,3,4,8,15,17,55,76
36.0,Sat,2023-05-20,17:00,Nantes,Montpellier,0.9,1.8,0–3,30170.0,Ruddy Buquet,2022-2023,Samuel Moutoussamy,Téji Savanier,(3-4-3),(4-2-3-1),44%,56%,336 of 424 — 79%,84% — 456 of 546,3 of 13 — 23%,46% — 6 of 13,3 of 6 — 50%,100% — 3 of 3,4.0,0.0,0.0,0.0,14,8,10,6,31,9,535,646,23,18,14,6,7,11,13,21,2,2,4,11,20,14,48,74
36.0,Sat,2023-05-20,21:00,Lille,Marseille,1.7,0.7,2–1,47399.0,Jérôme Brisard,2022-2023,Benjamin André,Valentin Rongier,(4-1-2-1-2),(3-4-3),47%,53%,337 of 439 — 77%,78% — 382 of 492,2 of 11 — 18%,38% — 3 of 8,2 of 3 — 66%,50% — 1 of 2,3.0,0.0,2.0,0.0,14,20,3,4,8,8,542,579,15,18,12,7,17,11,10,12,0,5,6,8,21,20,71,78
36.0,Sun,2023-05-21,13:00,Ajaccio,Rennes,0.1,1.3,0–5,6637.0,Eric Wattellier,2022-2023,Mathieu Coutadeur,Hamari Traoré,(4-4-2),(4-1-4-1),42%,58%,304 of 392 — 78%,86% — 470 of 546,0 of 2 — 0%,54% — 7 of 13,2 of 7 — 28%,% — 0 of 0,1.0,1.0,2.0,0.0,8,14,2,5,10,10,472,643,16,13,13,8,12,14,8,12,2,2,9,7,17,8,63,63
36.0,Sun,2023-05-21,15:00,Nice,Toulouse,2.2,0.8,0–0,20041.0,Jérémie Pignard,2022-2023,Dante,Maxime Dupé,(4-3-3),(4-2-3-1),51%,49%,470 of 560 — 84%,82% — 437 of 535,7 of 21 — 33%,43% — 3 of 7,3 of 3 — 100%,100% — 7 of 7,2.0,0.0,2.0,0.0,6,15,6,3,31,12,690,653,20,29,12,7,15,9,11,23,0,0,4,11,26,15,68,60
36.0,Sun,2023-05-21,15:00,Reims,Angers,1.5,1.2,2–2,11242.0,Florent Batta,2022-2023,Yunis Abdelhamid,Himad Abdelli,(4-2-3-1),(5-3-2),57%,43%,437 of 537 — 81%,77% — 313 of 409,4 of 11 — 36%,43% — 3 of 7,1 of 3 — 33%,50% — 2 of 4,0.0,0.0,2.0,0.0,14,11,7,3,21,15,630,517,24,17,8,9,16,10,11,20,1,0,2,7,18,18,65,67
36.0,Sun,2023-05-21,15:00,Brest,Clermont Foot,1.3,0.5,2–1,13751.0,Bastien Dechepy,2022-2023,Brendan Chardonnet,Yohann Magnin,(4-2-3-1),(3-4-3),41%,59%,269 of 371 — 73%,80% — 428 of 536,3 of 10 — 30%,13% — 1 of 8,0 of 1 — 0%,33% — 1 of 3,3.0,0.0,4.0,0.0,16,11,7,1,15,17,470,617,17,13,10,7,20,20,16,12,2,0,10,13,21,24,66,72
36.0,Sun,2023-05-21,15:00,Troyes,Strasbourg,0.6,1.6,1–1,9834.0,Clément Turpin,2022-2023,Adil Rami,Alexander Djiku,(3-4-3),(3-4-3),45%,55%,336 of 408 — 82%,82% — 405 of 491,3 of 8 — 38%,31% — 5 of 16,4 of 5 — 80%,66% — 2 of 3,1.0,1.0,1.0,1.0,9,17,4,6,8,17,500,575,9,17,7,7,10,14,17,10,4,1,9,2,12,13,57,58
36.0,Sun,2023-05-21,17:05,Lorient,Lens,1.3,1.9,1–3,16724.0,Stéphanie Frappart,2022-2023,Laurent Abergel,Seko Fofana,(3-4-3),(3-4-3),47%,53%,421 of 488 — 86%,87% — 475 of 548,5 of 13 — 38%,47% — 7 of 15,4 of 7 — 57%,80% — 4 of 5,2.0,0.0,2.0,0.0,14,13,3,5,10,19,588,634,12,13,9,4,6,8,20,14,0,0,6,3,13,15,46,46
36.0,Sun,2023-05-21,20:45,Auxerre,Paris S-G,0.9,2.1,1–2,16682.0,Benoît Bastien,2022-2023,Birama Touré,Marquinhos,(5-4-1),(3-4-3),37%,63%,387 of 455 — 85%,91% — 715 of 789,7 of 14 — 50%,27% — 4 of 15,2 of 4 — 50%,85% — 6 of 7,1.0,0.0,0.0,0.0,11,6,4,6,23,11,555,883,17,14,8,4,7,3,19,25,0,5,6,4,10,15,39,48
37.0,Sat,2023-05-27,21:00,Lyon,Reims,2.6,1.1,3–0,56874.0,Jeremy Stinat,2022-2023,Alexandre Lacazette,Marshall Munetsi,(4-2-3-1),(3-5-2),54%,46%,427 of 505 — 85%,81% — 342 of 422,7 of 23 — 30%,10% — 1 of 10,1 of 1 — 100%,71% — 5 of 7,1.0,0.0,1.0,1.0,10,15,7,4,15,11,618,525,20,13,18,3,9,13,6,16,4,4,10,11,11,19,58,42
37.0,Sat,2023-05-27,21:00,Marseille,Brest,1.1,1.0,1–2,61732.0,Stéphanie Frappart,2022-2023,Valentin Rongier,Brendan Chardonnet,(3-4-3),(4-3-3),62%,38%,464 of 581 — 80%,70% — 248 of 355,4 of 10 — 40%,33% — 5 of 15,3 of 5 — 60%,75% — 3 of 4,2.0,0.0,2.0,0.0,14,16,3,5,22,14,678,464,17,14,5,10,15,13,15,20,1,0,10,7,17,22,63,69
37.0,Sat,2023-05-27,21:00,Clermont Foot,Lorient,1.4,1.1,2–0,13050.0,Florent Batta,2022-2023,Maxime Gonalons,Laurent Abergel,(3-4-3),(3-4-3),45%,55%,334 of 418 — 80%,84% — 429 of 508,7 of 18 — 39%,0% — 0 of 5,0 of 0 — %,71% — 5 of 7,0.0,0.0,0.0,0.0,13,12,9,1,16,9,530,622,22,12,13,5,12,10,10,18,1,1,8,8,11,24,50,38
37.0,Sat,2023-05-27,21:00,Angers,Troyes,1.2,0.3,2–1,7419.0,Karim Abed,2022-2023,Himad Abdelli,Xavier Chavalerin,(5-3-2),(3-4-3),60%,40%,430 of 532 — 81%,72% — 255 of 352,5 of 18 — 28%,60% — 3 of 5,2 of 3 — 66%,60% — 3 of 5,1.0,0.0,1.0,0.0,12,7,14,3,25,14,623,452,10,18,8,10,15,17,13,22,2,1,5,11,24,18,68,51
37.0,Sat,2023-05-27,21:00,Strasbourg,Paris S-G,1.2,1.0,1–1,25828.0,Jérôme Brisard,2022-2023,Matz Sels,Kylian Mbappé,(3-5-1-1),(3-5-2),34%,66%,350 of 394 — 89%,93% — 708 of 759,5 of 17 — 29%,29% — 2 of 7,1 of 2 — 50%,80% — 4 of 5,1.0,0.0,2.0,0.0,9,8,4,2,10,5,486,830,22,17,7,4,6,3,8,6,2,2,4,11,9,13,35,43
37.0,Sat,2023-05-27,21:00,Lens,Ajaccio,2.3,0.2,3–0,37601.0,Thomas Léonard,2022-2023,Seko Fofana,Vincent Marchetti,(3-4-3),(3-4-3),79%,21%,694 of 792 — 88%,63% — 136 of 215,2 of 11 — 18%,0% — 0 of 6,0 of 0 — %,0% — 0 of 2,1.0,0.0,2.0,0.0,12,12,9,2,39,5,864,310,7,11,8,6,14,4,9,40,2,1,4,11,11,12,49,55
37.0,Sat,2023-05-27,21:00,Toulouse,Auxerre,0.8,0.9,1–1,25172.0,Mathieu Vernice,2022-2023,Brecht Dejaegere,Birama Touré,(4-2-3-1),(5-4-1),60%,40%,440 of 536 — 82%,76% — 268 of 352,3 of 10 — 30%,13% — 2 of 16,1 of 2 — 50%,66% — 2 of 3,1.0,0.0,3.0,0.0,18,14,6,3,20,10,637,463,16,13,3,5,18,4,15,21,4,1,9,11,19,20,69,67
37.0,Sat,2023-05-27,21:00,Rennes,Monaco,1.3,0.5,2–0,28344.0,Clément Turpin,2022-2023,Hamari Traoré,Wissam Ben Yedder,(4-1-4-1),(4-4-1-1),57%,43%,438 of 532 — 82%,75% — 305 of 406,6 of 12 — 50%,27% — 3 of 11,3 of 3 — 100%,66% — 4 of 6,0.0,0.0,3.0,0.0,11,7,7,3,15,27,625,491,10,15,4,9,12,17,21,14,2,3,5,4,13,17,52,64
37.0,Sat,2023-05-27,21:00,Lille,Nantes,2.1,1.0,2–1,41136.0,Eric Wattellier,2022-2023,José Fonte,Samuel Moutoussamy,(4-2-3-1),(4-3-3),65%,35%,529 of 615 — 86%,71% — 231 of 327,0 of 7 — 0%,38% — 3 of 8,2 of 3 — 66%,% — 0 of 0,2.0,0.0,4.0,0.0,7,12,5,3,18,12,706,413,10,19,4,8,12,7,13,17,1,0,4,10,21,16,62,70
37.0,Sat,2023-05-27,21:00,Montpellier,Nice,2.3,3.4,2–3,16340.0,Benoît Millot,2022-2023,Téji Savanier,Dante,(4-2-3-1),(4-3-3),47%,53%,358 of 438 — 82%,80% — 387 of 486,7 of 13 — 54%,61% — 14 of 23,11 of 14 — 78%,85% — 6 of 7,0.0,0.0,3.0,0.0,12,16,2,10,14,24,571,620,16,35,9,9,9,18,24,11,1,1,9,6,19,12,74,54
38.0,Sat,2023-06-03,21:00,Lorient,Strasbourg,0.5,1.0,2–1,16351.0,Bastien Dechepy,2022-2023,Laurent Abergel,Matz Sels,(3-4-3),(3-4-3),53%,47%,549 of 623 — 88%,88% — 493 of 563,3 of 5 — 60%,47% — 7 of 15,6 of 7 — 85%,33% — 1 of 3,1.0,0.0,1.0,0.0,9,15,4,4,8,15,731,661,20,16,7,11,9,7,17,13,5,1,7,1,8,21,31,55
38.0,Sat,2023-06-03,21:00,Ajaccio,Marseille,0.1,1.4,1–0,9500.0,Benoît Bastien,2022-2023,Mathieu Coutadeur,Mattéo Guendouzi,(4-1-4-1),(3-4-3),29%,71%,163 of 255 — 64%,83% — 528 of 636,1 of 3 — 33%,18% — 3 of 17,3 of 3 — 100%,0% — 0 of 1,1.0,0.0,1.0,0.0,19,15,2,3,11,28,377,732,15,16,10,7,9,24,32,9,2,0,14,1,15,22,81,55
38.0,Sat,2023-06-03,21:00,Nice,Lyon,2.3,1.8,3–1,25243.0,Eric Wattellier,2022-2023,Dante,Alexandre Lacazette,(3-4-3),(4-2-3-1),43%,57%,409 of 504 — 81%,87% — 572 of 659,6 of 16 — 38%,44% — 7 of 16,6 of 7 — 85%,66% — 4 of 6,0.0,0.0,1.0,0.0,8,12,3,2,15,11,623,791,26,21,14,13,5,10,11,12,1,1,9,4,17,17,65,43
38.0,Sat,2023-06-03,21:00,Monaco,Toulouse,2.2,2.6,1–2,5670.0,Stéphanie Frappart,2022-2023,Wissam Ben Yedder,Maxime Dupé,(4-2-3-1),(5-4-1),57%,43%,519 of 621 — 84%,78% — 361 of 464,7 of 19 — 37%,36% — 8 of 22,6 of 8 — 75%,85% — 6 of 7,1.0,0.0,2.0,0.0,10,11,4,7,23,12,743,582,21,18,6,11,8,6,9,15,4,1,10,9,19,15,58,55
38.0,Sat,2023-06-03,21:00,Brest,Rennes,1.5,1.9,1–2,15143.0,Jérôme Brisard,2022-2023,Jean-Kevin Duverne,Hamari Traoré,(4-3-3),(4-3-3),53%,47%,352 of 451 — 78%,76% — 309 of 404,4 of 13 — 31%,18% — 2 of 11,1 of 2 — 50%,100% — 4 of 4,3.0,0.0,4.0,0.0,10,14,3,3,18,8,550,493,10,14,13,7,23,19,9,10,2,2,6,12,17,14,82,51
38.0,Sat,2023-06-03,21:00,Auxerre,Lens,3.3,2.8,1–3,17246.0,Benoît Millot,2022-2023,Birama Touré,Jonathan Gradit,(3-4-3),(3-4-3),51%,49%,399 of 485 — 82%,85% — 403 of 475,4 of 17 — 24%,47% — 7 of 15,4 of 7 — 57%,75% — 3 of 4,1.0,0.0,3.0,0.0,10,16,5,5,23,13,583,576,19,10,8,11,6,5,9,19,3,4,7,10,17,9,54,67
38.0,Sat,2023-06-03,21:00,Troyes,Lille,0.4,1.4,1–1,11006.0,Jeremy Stinat,2022-2023,Xavier Chavalerin,José Fonte,(3-4-3),(4-1-4-1),34%,66%,244 of 332 — 73%,85% — 543 of 641,3 of 8 — 38%,39% — 7 of 18,6 of 7 — 85%,66% — 2 of 3,0.0,0.0,4.0,0.0,9,15,2,8,9,29,433,729,8,15,9,6,12,11,24,9,4,4,14,4,10,15,68,49
38.0,Sat,2023-06-03,21:00,Paris S-G,Clermont Foot,2.2,3.1,2–3,47926.0,Thomas Léonard,2022-2023,Kylian Mbappé,Maxime Gonalons,(3-4-1-2),(3-4-3),54%,46%,529 of 588 — 90%,87% — 432 of 498,5 of 15 — 33%,45% — 5 of 11,2 of 5 — 40%,80% — 4 of 5,2.0,0.0,1.0,0.0,17,11,6,2,6,14,676,588,7,18,5,7,7,2,14,10,1,0,6,7,10,9,42,44
38.0,Sat,2023-06-03,21:00,Reims,Montpellier,1.5,2.3,1–3,15036.0,Pierre Gaillouste,2022-2023,Yunis Abdelhamid,Téji Savanier,(4-2-3-1),(4-2-3-1),49%,51%,371 of 463 — 80%,79% — 386 of 491,5 of 11 — 45%,44% — 7 of 16,4 of 7 — 57%,80% — 4 of 5,1.0,0.0,2.0,0.0,16,9,4,7,19,20,577,601,12,18,10,8,9,10,18,13,1,2,4,13,24,15,50,78
38.0,Sat,2023-06-03,21:00,Nantes,Angers,1.1,0.3,1–0,27650.0,Clément Turpin,2022-2023,Samuel Moutoussamy,Pierrick Capelle,(4-2-3-1),(5-3-2),34%,66%,213 of 292 — 73%,88% — 496 of 566,7 of 11 — 64%,20% — 1 of 5,1 of 1 — 100%,85% — 6 of 7,1.0,0.0,0.0,0.0,12,13,8,1,18,9,384,663,18,19,7,0,8,12,10,18,2,3,6,5,23,20,76,47
