Wk,Day,Date,Time,Home,Away,xG,xG.1,Score,Attendance,Referee,season,t1_captain,t2_captain,t1_formation,t2_formation,t1_possession,t2_possession,t1_passing,t2_passing,t1_shots,t2_shots,t1_saves,t2_saves,t1_yellow_cards,t1_red_cards,t2_yellow_cards,t2_red_cards,t1_fouls,t2_fouls,t1_corners,t2_corners,t1_crosses,t2_crosses,t1_touches,t2_touches,t1_tackles,t2_tackles,t1_interceptions,t2_interceptions,t1_aerials_won,t2_aerials_won,t1_clearances,t2_clearances,t1_offsides,t2_offsides,t1_goal_kicks,t2_goal_kicks,t1_throw_ins,t2_throw_ins,t1_long_balls,t2_long_balls
1.0,Fri,2021-08-06,21:00,Monaco,Nantes,1.5,0.2,1–1,7500.0,Antony Gautier,2021-2022,Axel Disasi,Alban Lafont,(4-4-2),(4-1-4-1),74%,26%,689 of 794 — 87%,63% — 174 of 275,2 of 15 — 13%,20% — 1 of 5,0 of 1 — 0%,50% — 1 of 2,0.0,0.0,0.0,0.0,6,14,5,2,20,7,895,393,20,19,11,14,15,14,6,27,1,0,5,15,34,23,62,67
1.0,Sat,2021-08-07,17:00,Lyon,Brest,1.4,0.8,1–1,29018.0,Mikael Lesage,2021-2022,Leo Dubois,Brendan Chardonnet,(4-3-3),(4-2-3-1),68%,32%,639 of 735 — 87%,74% — 257 of 345,4 of 17 — 24%,54% — 7 of 13,6 of 7 — 85%,75% — 3 of 4,1.0,0.0,1.0,0.0,10,12,9,4,23,14,841,462,16,16,7,15,16,18,11,26,1,1,5,10,25,26,55,72
1.0,Sat,2021-08-07,21:00,Troyes,Paris S-G,0.9,1.2,1–2,15248.0,Amaury Delerue,2021-2022,Jimmy Giraudon,Presnel Kimpembe,(5-4-1),(4-4-2),44%,56%,405 of 496 — 82%,91% — 581 of 636,7 of 15 — 47%,17% — 2 of 12,0 of 2 — 0%,85% — 6 of 7,1.0,0.0,4.0,0.0,3,15,9,1,26,12,586,757,17,10,8,14,2,10,14,19,1,1,8,6,23,11,72,42
1.0,Sun,2021-08-08,13:00,Rennes,Lens,0.7,2.1,1–1,22567.0,Bastien Dechepy,2021-2022,Hamari Traoré,Seko Fofana,(4-3-3),(3-4-1-2),59%,41%,495 of 565 — 88%,81% — 317 of 389,2 of 10 — 20%,55% — 6 of 11,5 of 6 — 83%,50% — 1 of 2,0.0,0.0,2.0,0.0,10,14,3,9,13,22,657,483,15,18,7,5,9,11,18,15,0,0,7,7,17,20,76,74
1.0,Sun,2021-08-08,15:00,Saint-Étienne,Lorient,1.9,0.6,1–1,20461.0,Thomas Léonard,2021-2022,Mahdi Camara,Fabien Lemoine,(4-4-1-1),(5-3-2),61%,39%,505 of 603 — 84%,74% — 284 of 384,2 of 19 — 11%,25% — 3 of 12,2 of 3 — 66%,100% — 2 of 2,2.0,0.0,3.0,0.0,10,14,8,4,29,14,742,523,23,23,12,10,17,13,13,26,0,1,7,12,22,15,76,71
1.0,Sun,2021-08-08,15:00,Nice,Reims,0.8,0.2,0–0,18030.0,Johan Hamel,2021-2022,Dante,Yunis Abdelhamid,(4-4-2),(5-3-2),61%,39%,501 of 590 — 85%,76% — 289 of 380,2 of 12 — 17%,0% — 0 of 5,0 of 0 — %,100% — 2 of 2,1.0,0.0,1.0,0.0,10,8,4,2,14,8,685,479,21,18,11,11,14,12,7,19,0,0,4,10,18,20,60,65
1.0,Sun,2021-08-08,15:00,Strasbourg,Angers,0.3,0.9,0–2,23250.0,Jeremy Stinat,2021-2022,Dimitri Liénard,Ismaël Traoré,(4-4-2),(3-4-1-2),57%,43%,449 of 575 — 78%,76% — 326 of 427,1 of 7 — 14%,22% — 2 of 9,0 of 2 — 0%,100% — 1 of 1,2.0,0.0,3.0,0.0,18,18,5,4,24,9,690,554,27,18,8,11,16,13,10,28,3,2,5,9,32,20,95,77
1.0,Sun,2021-08-08,15:00,Bordeaux,Clermont Foot,0.7,3.1,0–2,18748.0,Florent Batta,2021-2022,Laurent Koscielny,Florent Ogier,(4-2-3-1),(4-2-3-1),44%,56%,394 of 478 — 82%,84% — 504 of 601,6 of 10 — 60%,53% — 10 of 19,8 of 10 — 80%,100% — 6 of 6,1.0,0.0,0.0,0.0,13,9,5,10,18,20,601,709,19,18,11,9,10,18,24,13,0,2,6,5,19,23,66,67
1.0,Sun,2021-08-08,17:00,Metz,Lille,0.9,1.3,3–3,15551.0,Eric Wattellier,2021-2022,Dylan Bronn,José Fonte,(3-4-1-2),(4-4-2),39%,61%,270 of 379 — 71%,80% — 480 of 603,5 of 12 — 42%,35% — 6 of 17,4 of 6 — 66%,40% — 2 of 5,1.0,1.0,2.0,0.0,9,10,4,5,18,24,512,709,16,21,19,10,15,16,14,17,0,2,10,3,22,28,69,58
1.0,Sun,2021-08-08,20:45,Montpellier,Marseille,0.6,1.9,2–3,13500.0,Jérémie Pignard,2021-2022,Andy Delort,Steve Mandanda,(4-2-3-1),(3-2-4-1),41%,59%,295 of 398 — 74%,85% — 488 of 576,1 of 8 — 13%,33% — 7 of 21,4 of 7 — 57%,0% — 0 of 1,0.0,0.0,1.0,0.0,10,5,6,11,22,28,510,688,19,11,12,15,12,14,19,15,1,1,11,10,15,15,70,57
2.0,Fri,2021-08-13,21:00,Lorient,Monaco,0.8,1.1,1–0,12149.0,Hakim Ben El Hadj Salem,2021-2022,Fabien Lemoine,Axel Disasi,(5-3-2),(3-4-3),29%,71%,173 of 280 — 62%,82% — 573 of 700,1 of 1 — 100%,25% — 3 of 12,3 of 3 — 100%,100% — 1 of 1,3.0,0.0,2.0,0.0,17,15,0,6,3,28,413,803,23,29,13,15,14,17,41,6,0,1,10,2,23,32,71,95
2.0,Sat,2021-08-14,17:00,Lille,Nice,0.8,1.9,0–4,30144.0,Jérôme Brisard,2021-2022,José Fonte,Dante,(4-4-2),(4-4-2),62%,38%,544 of 643 — 85%,77% — 300 of 392,2 of 11 — 18%,60% — 6 of 10,3 of 6 — 50%,100% — 2 of 2,3.0,0.0,1.0,0.0,9,13,8,7,18,11,756,517,14,21,7,17,13,16,14,21,1,1,8,9,30,18,70,58
2.0,Sat,2021-08-14,21:00,Paris S-G,Strasbourg,3.1,0.7,4–2,46962.0,Willy Delajod,2021-2022,Presnel Kimpembe,Dimitri Liénard,(4-3-3),(5-3-2),65%,35%,669 of 736 — 91%,82% — 326 of 398,5 of 11 — 45%,25% — 2 of 8,0 of 2 — 0%,40% — 2 of 5,1.0,0.0,5.5,0.0,6,18,4,4,14,18,822,483,10,16,9,10,10,9,12,10,1,2,8,4,21,12,52,57
2.0,Sun,2021-08-15,13:00,Angers,Lyon,1.8,0.9,3–0,6154.0,Clément Turpin,2021-2022,Ismaël Traoré,Leo Dubois,(3-4-1-2),(4-3-3),43%,57%,318 of 408 — 78%,84% — 459 of 546,6 of 13 — 46%,38% — 3 of 8,3 of 3 — 100%,66% — 4 of 6,1.0,0.0,6.5,0.0,11,17,6,4,17,19,530,651,28,28,11,11,9,12,13,17,1,0,4,10,17,14,60,72
2.0,Sun,2021-08-15,15:00,Brest,Rennes,1.9,1.0,1–1,14271.0,Benoît Bastien,2021-2022,Brendan Chardonnet,Hamari Traoré,(4-2-3-1),(4-3-3),41%,59%,290 of 398 — 73%,83% — 473 of 568,5 of 10 — 50%,33% — 2 of 6,1 of 2 — 50%,80% — 4 of 5,2.0,0.0,3.0,0.0,7,16,6,11,25,19,490,671,19,11,7,6,17,13,19,25,0,2,10,8,27,20,74,49
2.0,Sun,2021-08-15,15:00,Nantes,Metz,1.7,0.6,2–0,12054.0,Johan Hamel,2021-2022,Alban Lafont,Dylan Bronn,(4-2-3-1),(3-5-1-1),36%,64%,231 of 353 — 65%,80% — 499 of 623,6 of 11 — 55%,50% — 5 of 10,5 of 5 — 100%,66% — 4 of 6,2.0,0.0,0.0,0.0,18,11,6,6,18,16,474,745,17,23,11,5,24,18,17,20,2,0,7,3,24,28,83,74
2.0,Sun,2021-08-15,15:00,Reims,Montpellier,1.8,1.8,3–3,8887.0,Jeremy Stinat,2021-2022,Yunis Abdelhamid,Andy Delort,(3-4-3),(4-2-3-1),56%,44%,421 of 522 — 81%,75% — 301 of 403,9 of 19 — 47%,33% — 5 of 15,2 of 5 — 40%,66% — 6 of 9,2.0,0.0,1.0,0.0,12,12,8,7,31,20,627,505,12,13,11,11,19,18,14,17,0,1,5,7,23,28,87,70
2.0,Sun,2021-08-15,15:00,Clermont Foot,Troyes,1.9,0.7,2–0,11005.0,Romain Lissorgue,2021-2022,Florent Ogier,Jimmy Giraudon,(4-2-3-1),(5-4-1),64%,36%,614 of 682 — 90%,83% — 324 of 391,8 of 18 — 44%,17% — 1 of 6,1 of 1 — 100%,75% — 6 of 8,1.0,0.0,4.5,0.0,6,11,9,2,27,13,758,484,9,19,6,5,4,9,11,20,2,0,4,10,18,12,60,57
2.0,Sun,2021-08-15,17:00,Lens,Saint-Étienne,1.3,0.9,2–2,35541.0,Amaury Delerue,2021-2022,Seko Fofana,Mahdi Camara,(3-4-1-2),(4-3-3),57%,43%,441 of 543 — 81%,68% — 275 of 402,7 of 22 — 32%,50% — 6 of 12,4 of 6 — 66%,71% — 5 of 7,1.0,0.0,6.0,0.0,10,17,7,2,24,12,689,522,23,20,20,9,22,17,8,15,1,0,6,14,23,25,58,73
2.0,Sun,2021-08-15,20:45,Marseille,Bordeaux,1.0,0.3,2–2,50000.0,Ruddy Buquet,2021-2022,Steve Mandanda,Laurent Koscielny,(3-2-4-1),(5-3-2),66%,34%,663 of 730 — 91%,81% — 298 of 369,2 of 10 — 20%,25% — 2 of 8,0 of 2 — 0%,0% — 0 of 2,2.0,1.0,2.0,0.0,6,11,3,4,11,14,816,455,14,15,8,14,11,3,10,11,1,1,6,7,15,25,59,71
3.0,Fri,2021-08-20,21:00,Brest,Paris S-G,1.1,0.9,2–4,14586.0,Eric Wattellier,2021-2022,Brendan Chardonnet,Presnel Kimpembe,(4-2-3-1),(4-1-2-1-2),26%,74%,239 of 308 — 78%,91% — 786 of 865,3 of 11 — 27%,50% — 8 of 16,4 of 8 — 50%,33% — 1 of 3,1.0,0.0,2.0,0.0,8,7,3,9,15,17,416,966,16,16,8,2,9,9,20,11,2,1,7,5,11,20,58,42
3.0,Sat,2021-08-21,17:00,Monaco,Lens,0.3,0.5,0–2,6483.0,Jérémie Pignard,2021-2022,Wissam Ben Yedder,Seko Fofana,(4-4-1-1),(3-4-1-2),71%,29%,534 of 640 — 83%,71% — 189 of 265,2 of 9 — 22%,50% — 2 of 4,0 of 2 — 0%,100% — 2 of 2,1.0,1.0,1.0,1.0,11,14,13,3,27,8,722,377,24,13,1,16,11,13,6,37,2,0,5,11,22,15,71,63
3.0,Sat,2021-08-21,21:00,Saint-Étienne,Lille,0.5,1.0,1–1,20673.0,Mikael Lesage,2021-2022,Mahdi Camara,José Fonte,(4-3-3),(4-4-2),48%,52%,383 of 479 — 80%,76% — 403 of 527,2 of 10 — 20%,75% — 6 of 8,5 of 6 — 83%,50% — 1 of 2,1.0,0.0,3.0,0.0,14,10,5,3,15,12,616,630,14,25,19,8,10,17,14,13,1,1,5,10,31,34,64,59
3.0,Sun,2021-08-22,13:00,Lyon,Clermont Foot,3.3,1.4,3–3,34713.0,Thomas Léonard,2021-2022,Leo Dubois,Jonathan Iglesias,(4-2-3-1),(4-2-3-1),55%,45%,498 of 582 — 86%,81% — 391 of 483,8 of 20 — 40%,29% — 5 of 17,3 of 5 — 60%,75% — 6 of 8,2.0,0.0,2.0,0.0,10,6,5,8,15,24,726,604,25,20,15,14,13,10,19,10,0,0,8,14,16,16,55,50
3.0,Sun,2021-08-22,15:00,Montpellier,Lorient,3.0,0.6,3–1,6527.0,Bastien Dechepy,2021-2022,Andy Delort,Fabien Lemoine,(4-2-3-1),(5-3-2),56%,44%,432 of 518 — 83%,79% — 315 of 399,10 of 32 — 31%,80% — 4 of 5,3 of 4 — 75%,70% — 7 of 10,0.0,0.0,9.0,0.0,8,13,5,1,31,10,629,509,23,14,8,7,14,9,8,24,0,1,3,13,23,20,55,72
3.0,Sun,2021-08-22,15:00,Metz,Reims,0.5,0.9,1–1,14799.0,Florent Batta,2021-2022,Dylan Bronn,Yunis Abdelhamid,(4-3-3),(3-4-3),57%,43%,398 of 489 — 81%,68% — 252 of 372,4 of 10 — 40%,23% — 3 of 13,2 of 3 — 66%,75% — 3 of 4,4.0,0.0,2.0,0.0,19,14,5,8,17,32,602,455,17,11,9,4,22,20,23,16,2,0,9,6,10,28,56,81
3.0,Sun,2021-08-22,15:00,Bordeaux,Angers,0.5,0.9,1–1,18281.0,Pierre Gaillouste,2021-2022,Laurent Koscielny,Ismaël Traoré,(5-3-2),(3-4-1-2),54%,46%,483 of 566 — 85%,86% — 415 of 485,5 of 14 — 36%,50% — 3 of 6,2 of 3 — 66%,80% — 4 of 5,2.0,0.0,0.0,0.0,19,5,3,3,26,10,688,630,29,25,9,12,13,9,10,31,1,1,3,4,32,16,73,56
3.0,Sun,2021-08-22,15:00,Strasbourg,Troyes,2.2,1.4,1–1,22185.0,Jérôme Brisard,2021-2022,Dimitri Liénard,Jimmy Giraudon,(5-3-2),(3-4-3),60%,40%,512 of 632 — 81%,73% — 303 of 413,4 of 13 — 31%,60% — 6 of 10,5 of 6 — 83%,75% — 3 of 4,3.0,0.0,1.0,0.0,16,17,6,3,32,8,732,527,15,16,10,11,16,11,6,23,4,2,4,9,27,12,67,87
3.0,Sun,2021-08-22,17:00,Rennes,Nantes,0.9,0.5,1–0,27569.0,Stéphanie Frappart,2021-2022,Hamari Traoré,Alban Lafont,(4-2-3-1),(4-4-2),62%,38%,474 of 578 — 82%,72% — 251 of 348,5 of 14 — 36%,25% — 1 of 4,1 of 1 — 100%,80% — 4 of 5,2.0,0.0,2.0,0.0,13,13,6,2,22,17,663,453,9,21,6,8,21,17,12,23,2,1,7,7,29,17,74,60
4.0,Fri,2021-08-27,21:00,Nantes,Lyon,1.4,1.2,0–1,23177.0,Jérôme Brisard,2021-2022,Alban Lafont,Leo Dubois,(4-2-3-1),(4-2-3-1),36%,64%,260 of 358 — 73%,82% — 522 of 637,5 of 18 — 28%,42% — 5 of 12,4 of 5 — 80%,100% — 5 of 5,2.0,0.0,3.5,0.0,7,11,6,6,21,12,494,744,17,20,16,9,14,26,14,24,2,1,7,9,18,29,67,66
4.0,Sat,2021-08-28,21:00,Marseille,Saint-Étienne,2.1,1.1,3–1,55039.0,Benoît Millot,2021-2022,Dante,Laurent Koscielny,(4-4-2),(5-3-2),43%,57%,339 of 426 — 80%,84% — 476 of 567,4 of 10 — 40%,31% — 4 of 13,4 of 4 — 100%,25% — 1 of 4,3.0,0.0,2.0,0.0,18,11,3,0,9,15,530,652,22,12,11,12,11,11,12,7,2,1,14,5,10,28,63,79
4.0,Sun,2021-08-29,13:00,Troyes,Monaco,0.7,1.9,1–2,9866.0,Johan Hamel,2021-2022,Steve Mandanda,Mahdi Camara,(3-4-3),(4-3-3),64%,36%,598 of 668 — 90%,83% — 313 of 379,5 of 19 — 26%,64% — 7 of 11,6 of 7 — 85%,40% — 2 of 5,1.0,0.0,3.0,0.0,11,18,5,4,11,21,765,488,20,19,6,11,5,9,12,10,2,1,9,13,21,20,50,53
4.0,Sun,2021-08-29,15:00,Strasbourg,Brest,1.4,0.8,3–1,22341.0,Romain Lissorgue,2021-2022,Jimmy Giraudon,Wissam Ben Yedder,(3-4-3),(4-2-3-1),49%,51%,402 of 522 — 77%,76% — 409 of 541,3 of 12 — 25%,57% — 4 of 7,2 of 4 — 50%,100% — 3 of 3,1.0,0.0,2.0,0.0,11,11,5,3,24,12,645,652,22,25,19,10,17,16,11,19,1,4,4,8,22,24,83,71
4.0,Sun,2021-08-29,15:00,Lens,Lorient,1.3,1.2,2–2,35029.0,Willy Delajod,2021-2022,Dimitri Liénard,Steve Mounié,(5-3-2),(4-3-3),48%,52%,393 of 514 — 76%,79% — 429 of 546,5 of 11 — 45%,45% — 5 of 11,4 of 5 — 80%,60% — 3 of 5,1.0,0.0,1.0,0.0,12,10,1,9,11,21,621,659,17,13,17,14,19,16,28,21,0,2,5,4,23,31,69,71
4.0,Sun,2021-08-29,15:00,Angers,Rennes,2.2,0.9,2–0,6473.0,Antony Gautier,2021-2022,Yannick Cahuzac,Fabien Lemoine,(3-4-1-2),(5-3-2),54%,46%,416 of 532 — 78%,77% — 345 of 448,9 of 19 — 47%,50% — 7 of 14,5 of 7 — 71%,77% — 7 of 9,2.0,0.0,4.0,0.0,10,10,8,4,26,11,651,569,13,15,14,16,21,10,14,25,1,0,6,7,22,22,56,60
4.0,Sun,2021-08-29,15:00,Clermont Foot,Metz,1.6,1.4,2–2,11274.0,Hakim Ben El Hadj Salem,2021-2022,Ismaël Traoré,Hamari Traoré,(3-4-1-2),(4-2-3-1),52%,48%,507 of 575 — 88%,87% — 457 of 527,4 of 16 — 25%,29% — 2 of 7,2 of 2 — 100%,50% — 2 of 4,1.0,0.0,3.5,0.0,14,10,3,1,25,14,675,618,19,16,6,8,10,7,12,18,1,1,7,9,8,18,52,56
4.0,Sun,2021-08-29,17:00,Lille,Montpellier,1.6,0.6,2–1,28859.0,Amaury Delerue,2021-2022,Jonathan Iglesias,Dylan Bronn,(4-2-3-1),(3-4-3),60%,40%,466 of 586 — 80%,72% — 279 of 387,4 of 16 — 25%,27% — 3 of 11,3 of 3 — 100%,75% — 3 of 4,1.0,0.0,2.0,0.0,11,15,6,3,26,19,687,502,15,20,6,16,11,12,16,20,2,0,10,11,24,17,62,65
4.0,Sun,2021-08-29,20:45,Reims,Paris S-G,0.7,1.3,0–2,20525.0,François Letexier,2021-2022,José Fonte,Téji Savanier,(4-4-2),(4-2-3-1),45%,55%,287 of 386 — 74%,74% — 347 of 471,4 of 15 — 27%,33% — 2 of 6,1 of 2 — 50%,50% — 2 of 4,3.0,0.0,8.5,0.0,15,19,3,4,8,16,511,580,16,21,7,6,15,18,22,10,3,0,3,14,25,25,52,70
5.0,Fri,2021-09-10,21:00,Lorient,Lille,1.8,1.3,2–1,10271.0,Clément Turpin,2021-2022,Yunis Abdelhamid,Marquinhos,(3-1-4-2),(4-3-3),33%,67%,300 of 381 — 79%,89% — 675 of 762,4 of 11 — 36%,25% — 3 of 12,1 of 3 — 33%,100% — 4 of 4,1.0,0.0,3.0,0.0,13,13,3,3,16,11,500,855,21,18,17,12,7,12,17,14,5,0,3,7,15,20,37,39
5.0,Sat,2021-09-11,17:00,Paris S-G,Clermont Foot,2.5,0.9,4–0,47329.0,Mikael Lesage,2021-2022,Fabien Lemoine,José Fonte,(5-3-2),(4-4-2),44%,56%,414 of 508 — 81%,88% — 566 of 642,7 of 14 — 50%,25% — 2 of 8,2 of 2 — 100%,71% — 5 of 7,2.0,0.0,2.0,0.0,13,11,2,5,21,10,610,753,16,14,8,3,6,15,16,23,3,0,6,8,22,16,81,63
5.0,Sat,2021-09-11,21:00,Monaco,Marseille,0.8,1.6,0–2,8615.0,Stéphanie Frappart,2021-2022,Marquinhos,Florent Ogier,(4-3-3),(4-2-3-1),51%,49%,533 of 606 — 88%,85% — 486 of 572,7 of 13 — 54%,14% — 2 of 14,2 of 2 — 100%,42% — 3 of 7,0.0,0.0,1.0,0.0,13,9,4,4,9,22,722,679,22,19,13,12,6,5,19,8,1,1,8,4,12,19,43,46
5.0,Sun,2021-09-12,13:00,Montpellier,Saint-Étienne,1.1,0.8,2–0,10402.0,Benoît Bastien,2021-2022,Wissam Ben Yedder,Boubacar Kamara,(4-4-2),(3-3-3-1),51%,49%,437 of 529 — 83%,83% — 413 of 499,0 of 7 — 0%,38% — 5 of 13,3 of 5 — 60%,% — 0 of 0,4.0,0.0,1.0,0.0,17,8,3,2,9,9,613,611,18,17,5,9,10,10,6,13,4,1,8,8,19,19,61,61
5.0,Sun,2021-09-12,15:00,Bordeaux,Lens,0.8,2.5,2–3,19763.0,Luís Godinho,2021-2022,Téji Savanier,Mahdi Camara,(4-2-3-1),(4-2-3-1),42%,58%,210 of 318 — 66%,79% — 343 of 436,4 of 11 — 36%,14% — 2 of 14,2 of 2 — 100%,50% — 2 of 4,1.0,0.0,4.0,0.0,15,17,7,6,28,23,437,565,19,17,5,10,17,17,19,22,1,1,14,10,20,28,52,67
5.0,Sun,2021-09-12,15:00,Rennes,Reims,0.6,0.5,0–2,24486.0,Thomas Léonard,2021-2022,Laurent Koscielny,Yannick Cahuzac,(4-1-3-2),(3-4-1-2),56%,44%,455 of 550 — 83%,78% — 345 of 440,3 of 10 — 30%,33% — 4 of 12,2 of 4 — 50%,33% — 1 of 3,3.0,0.0,2.0,0.0,8,11,2,7,8,21,636,526,9,14,11,10,11,9,16,13,2,1,6,7,29,14,52,61
5.0,Sun,2021-09-12,15:00,Brest,Angers,1.3,1.2,1–1,10982.0,Jeremy Stinat,2021-2022,Hamari Traoré,Yunis Abdelhamid,(4-3-3),(3-1-4-2),63%,37%,520 of 625 — 83%,68% — 247 of 362,1 of 10 — 10%,43% — 3 of 7,1 of 3 — 33%,100% — 1 of 1,1.0,0.0,2.0,0.0,18,11,4,6,18,17,722,460,11,16,5,12,12,14,14,16,2,2,3,10,33,24,76,78
5.0,Sun,2021-09-12,15:00,Metz,Troyes,0.7,0.6,0–2,15269.0,Pierre Gaillouste,2021-2022,Brendan Chardonnet,Ismaël Traoré,(4-2-3-1),(3-4-1-2),49%,51%,427 of 514 — 83%,84% — 446 of 534,5 of 11 — 45%,14% — 1 of 7,1 of 1 — 100%,100% — 5 of 5,2.0,0.0,2.0,0.0,19,9,5,3,17,14,633,655,19,21,11,10,12,6,17,17,2,0,4,8,22,17,69,74
5.0,Sun,2021-09-12,17:00,Nantes,Nice,1.7,2.1,0–2,14597.0,Benoît Millot,2021-2022,Dylan Bronn,Jimmy Giraudon,(3-4-3),(5-4-1),62%,38%,557 of 645 — 86%,74% — 297 of 400,2 of 17 — 12%,50% — 5 of 10,3 of 5 — 60%,100% — 2 of 2,2.0,0.0,1.0,0.0,15,14,2,1,15,8,750,501,17,19,10,12,25,12,5,19,0,0,5,13,23,29,60,74
5.0,Sun,2021-09-12,20:45,Lyon,Strasbourg,1.6,1.6,3–1,33267.0,Ruddy Buquet,2021-2022,Alban Lafont,Dante,(4-2-3-1),(4-4-2),51%,49%,373 of 473 — 79%,81% — 373 of 462,6 of 19 — 32%,33% — 3 of 9,1 of 3 — 33%,100% — 6 of 6,2.0,0.0,3.0,0.0,7,13,8,3,27,13,585,581,16,18,7,9,18,9,14,27,0,1,3,9,31,21,81,51
6.0,Fri,2021-09-17,21:00,Strasbourg,Metz,2.0,0.6,3–0,25437.0,Eric Wattellier,2021-2022,Moussa Dembélé,Alexander Djiku,(4-2-3-1),(5-3-2),58%,42%,526 of 612 — 86%,76% — 335 of 440,7 of 14 — 50%,27% — 3 of 11,3 of 3 — 100%,57% — 4 of 7,2.0,0.0,1.0,0.0,8,11,4,6,11,35,735,545,8,18,12,16,17,15,30,18,0,3,7,8,25,24,61,54
6.0,Sat,2021-09-18,17:00,Lens,Lille,0.6,0.7,1–0,36512.0,Benoît Millot,2021-2022,Dimitri Liénard,Dylan Bronn,(5-3-2),(3-4-3),46%,54%,323 of 411 — 79%,81% — 392 of 485,4 of 9 — 44%,33% — 5 of 15,5 of 5 — 100%,50% — 2 of 4,2.0,0.0,4.0,0.0,16,8,3,7,13,22,535,601,23,17,19,15,10,8,19,8,1,1,9,4,20,20,78,46
6.0,Sat,2021-09-18,21:00,Saint-Étienne,Bordeaux,1.4,2.3,1–2,23869.0,Antony Gautier,2021-2022,Seko Fofana,José Fonte,(3-4-1-2),(4-4-2),46%,54%,330 of 442 — 75%,77% — 394 of 511,4 of 13 — 31%,33% — 2 of 6,2 of 2 — 100%,75% — 3 of 4,2.0,0.0,2.0,0.0,12,8,4,3,18,14,534,607,8,8,11,8,13,9,19,23,1,4,4,5,22,32,71,82
6.0,Sun,2021-09-19,15:00,Clermont Foot,Brest,1.1,0.5,1–1,11224.0,Bastien Dechepy,2021-2022,Romain Hamouma,Benoît Costil,(3-4-3),(5-3-2),55%,45%,341 of 474 — 72%,72% — 281 of 389,4 of 12 — 33%,23% — 3 of 13,1 of 3 — 33%,75% — 3 of 4,1.0,0.0,4.0,0.0,9,12,7,2,32,10,587,522,27,24,10,14,5,14,7,29,3,0,8,11,28,23,70,85
6.0,Sun,2021-09-19,15:00,Troyes,Montpellier,1.1,0.2,1–1,7405.0,Florent Batta,2021-2022,Dante,Wissam Ben Yedder,(4-4-2),(3-4-3),49%,51%,374 of 458 — 82%,82% — 394 of 481,3 of 11 — 27%,29% — 2 of 7,1 of 2 — 50%,33% — 1 of 3,2.0,0.0,3.0,0.0,17,12,5,2,16,9,551,565,9,17,16,7,5,6,10,15,1,1,7,11,15,18,64,50
6.0,Sun,2021-09-19,15:00,Reims,Lorient,0.8,0.3,0–0,9443.0,Hakim Ben El Hadj Salem,2021-2022,Florent Ogier,Brendan Chardonnet,(4-2-3-1),(4-2-3-1),58%,42%,522 of 612 — 85%,82% — 364 of 445,4 of 7 — 57%,20% — 1 of 5,0 of 1 — 0%,75% — 3 of 4,1.0,1.0,1.0,0.0,7,19,3,5,20,17,691,529,19,15,1,11,10,14,18,12,0,1,2,7,21,10,64,73
6.0,Sun,2021-09-19,15:00,Angers,Nantes,0.9,2.1,1–4,9046.0,Amaury Delerue,2021-2022,Jimmy Giraudon,Téji Savanier,(3-5-1-1),(4-2-3-1),42%,58%,307 of 398 — 77%,82% — 453 of 554,3 of 8 — 38%,33% — 2 of 6,1 of 2 — 50%,66% — 2 of 3,4.0,0.0,5.5,0.0,16,11,1,6,9,24,500,634,16,16,7,7,16,10,24,6,3,1,3,7,19,28,69,79
6.0,Sun,2021-09-19,17:00,Marseille,Rennes,2.1,1.5,2–0,54188.0,Willy Delajod,2021-2022,Yunis Abdelhamid,Fabien Lemoine,(3-1-4-2),(5-3-2),44%,56%,346 of 443 — 78%,82% — 462 of 561,2 of 10 — 20%,50% — 3 of 6,3 of 3 — 100%,100% — 2 of 2,2.0,0.0,3.0,0.0,12,14,5,6,14,21,540,662,11,21,8,14,7,6,13,21,5,1,5,6,29,14,48,83
6.0,Sun,2021-09-19,20:45,Paris S-G,Lyon,2.0,0.8,2–1,47611.0,Clément Turpin,2021-2022,Ismaël Traoré,Alban Lafont,(3-4-3),(4-2-3-1),65%,35%,525 of 619 — 85%,70% — 236 of 337,5 of 10 — 50%,43% — 3 of 7,0 of 3 — 0%,80% — 4 of 5,2.0,0.0,2.0,0.0,10,16,10,5,19,18,729,449,26,25,11,11,14,18,10,23,1,1,7,7,23,30,68,67
7.0,Wed,2021-09-22,19:00,Montpellier,Bordeaux,1.3,1.2,3–3,9585.0,Mikael Lesage,2021-2022,Dimitri Payet,Hamari Traoré,(3-3-3-1),(4-4-2),64%,36%,516 of 593 — 87%,77% — 257 of 334,6 of 17 — 35%,15% — 2 of 13,2 of 2 — 100%,66% — 4 of 6,0.0,0.0,2.0,0.0,5,17,6,7,23,16,691,429,13,15,11,3,12,14,11,20,0,1,8,10,24,22,70,52
7.0,Wed,2021-09-22,19:00,Rennes,Clermont Foot,2.4,0.3,6–0,24109.0,Benoît Bastien,2021-2022,Marquinhos,Jason Denayer,(4-2-3-1),(4-2-3-1),54%,46%,483 of 552 — 88%,86% — 403 of 471,4 of 13 — 31%,42% — 5 of 12,4 of 5 — 80%,75% — 3 of 4,3.0,0.0,1.0,0.0,13,19,10,4,21,10,656,575,17,17,8,9,7,5,9,25,2,3,6,9,9,15,36,62
7.0,Wed,2021-09-22,19:00,Lille,Reims,0.7,1.3,2–1,32604.0,Johan Hamel,2021-2022,Téji Savanier,Benoît Costil,(4-2-3-1),(3-4-3),55%,45%,439 of 544 — 81%,77% — 346 of 448,6 of 15 — 40%,47% — 7 of 15,4 of 7 — 57%,50% — 3 of 6,0.0,0.0,2.0,0.0,10,8,6,6,31,16,644,557,10,14,5,12,13,15,18,26,2,1,9,10,26,20,65,85
7.0,Wed,2021-09-22,19:00,Nantes,Brest,1.3,0.8,3–1,19676.0,Thomas Léonard,2021-2022,Benjamin Bourigeaud,Cédric Hountondji,(4-3-3),(4-2-3-1),55%,45%,476 of 562 — 85%,80% — 363 of 452,10 of 21 — 48%,25% — 1 of 4,1 of 1 — 100%,40% — 4 of 10,1.0,0.0,1.0,0.0,14,5,5,7,16,20,674,537,20,9,5,8,11,16,17,18,0,0,3,10,24,20,64,49
7.0,Wed,2021-09-22,19:00,Monaco,Saint-Étienne,1.7,0.4,3–1,3579.0,Jérôme Brisard,2021-2022,José Fonte,Yunis Abdelhamid,(4-4-2),(5-3-2),53%,47%,350 of 449 — 78%,79% — 318 of 404,4 of 7 — 57%,40% — 4 of 10,4 of 4 — 100%,50% — 2 of 4,2.0,0.0,1.0,0.0,16,14,4,4,15,15,556,523,17,14,7,12,12,11,16,17,1,1,8,4,18,23,69,64
7.0,Wed,2021-09-22,21:00,Metz,Paris S-G,0.9,1.3,1–2,2661.0,Jérémie Pignard,2021-2022,Alban Lafont,Brendan Chardonnet,(4-4-1-1),(4-1-4-1),42%,58%,288 of 406 — 71%,81% — 463 of 569,5 of 14 — 36%,20% — 2 of 10,1 of 2 — 50%,60% — 3 of 5,1.0,0.0,2.0,0.0,8,13,4,4,16,16,518,699,15,12,9,10,14,19,18,31,2,2,4,5,23,32,75,79
7.0,Wed,2021-09-22,21:00,Lorient,Nice,0.5,2.2,1–0,10687.0,Romain Lissorgue,2021-2022,Axel Disasi,Mahdi Camara,(3-4-3),(4-2-3-1),66%,34%,523 of 637 — 82%,73% — 242 of 333,5 of 13 — 38%,25% — 2 of 8,1 of 2 — 50%,60% — 3 of 5,1.0,0.0,1.0,1.0,16,13,6,3,23,14,752,478,22,23,12,22,17,15,12,23,3,3,9,6,15,14,63,64
7.0,Wed,2021-09-22,21:00,Lyon,Troyes,1.8,1.4,3–1,29714.0,Stéphanie Frappart,2021-2022,Yannick Cahuzac,Alexander Djiku,(3-4-1-2),(5-3-2),59%,41%,609 of 706 — 86%,83% — 397 of 481,4 of 17 — 24%,17% — 1 of 6,0 of 1 — 0%,100% — 4 of 4,2.0,1.0,3.0,0.0,14,7,7,3,20,15,785,595,8,15,12,11,9,18,9,19,1,1,7,7,13,13,54,58
7.0,Wed,2021-09-22,21:00,Angers,Marseille,0.4,0.7,0–0,12458.0,Ruddy Buquet,2021-2022,Dylan Bronn,Marquinhos,(4-5-1),(4-1-2-1-2),26%,74%,184 of 271 — 68%,88% — 673 of 763,2 of 6 — 33%,27% — 4 of 15,2 of 4 — 50%,50% — 1 of 2,7.5,0.0,2.0,0.0,12,12,3,3,12,13,368,859,12,13,17,5,7,8,15,11,4,1,13,4,12,30,55,46
8.0,Sat,2021-09-25,17:00,Saint-Étienne,Nice,0.6,2.2,0–3,19980.0,Amaury Delerue,2021-2022,Laurent Abergel,Dante,(5-3-2),(4-4-2),37%,63%,246 of 347 — 71%,83% — 497 of 601,1 of 8 — 13%,8% — 1 of 12,1 of 1 — 100%,0% — 0 of 1,3.5,0.0,4.0,0.0,12,16,6,5,14,28,470,722,17,18,11,10,6,18,29,12,3,0,14,3,27,28,70,62
8.0,Sat,2021-09-25,19:00,Strasbourg,Lille,0.4,2.3,1–2,23762.0,François Letexier,2021-2022,Houssem Aouar,Jimmy Giraudon,(4-2-3-1),(3-4-3),68%,32%,602 of 693 — 87%,76% — 245 of 321,8 of 15 — 53%,50% — 6 of 12,5 of 6 — 83%,62% — 5 of 8,1.0,0.0,3.0,0.0,7,9,7,3,13,14,799,446,17,20,9,14,10,6,16,12,5,1,6,8,23,16,55,51
8.0,Sat,2021-09-25,21:00,Paris S-G,Montpellier,2.1,0.2,2–0,47408.0,Antony Gautier,2021-2022,Ismaël Traoré,Boubacar Kamara,(3-4-1-2),(3-4-3),40%,60%,418 of 501 — 83%,88% — 652 of 741,1 of 9 — 11%,17% — 1 of 6,1 of 1 — 100%,100% — 1 of 1,1.0,0.0,3.0,0.0,9,7,4,2,13,12,615,843,23,19,13,14,10,14,13,11,1,1,7,10,16,28,62,63
8.0,Sat,2021-09-25,21:00,Lyon,Lorient,1.3,0.7,1–1,36424.0,Bastien Dechepy,2021-2022,Mahdi Camara,Dante,(3-4-3),(4-4-2),59%,41%,421 of 554 — 76%,68% — 266 of 389,5 of 11 — 45%,64% — 9 of 14,6 of 9 — 66%,100% — 5 of 5,0.0,0.0,2.0,0.0,9,13,2,9,20,16,676,521,19,19,10,9,16,17,17,21,5,2,11,5,27,34,86,65
8.0,Sun,2021-09-26,13:00,Bordeaux,Rennes,0.7,2.0,1–1,16675.0,Hakim Ben El Hadj Salem,2021-2022,Dimitri Liénard,José Fonte,(5-3-2),(4-4-2),58%,42%,390 of 502 — 78%,75% — 278 of 370,3 of 10 — 30%,40% — 6 of 15,5 of 6 — 83%,66% — 2 of 3,4.0,1.0,4.0,0.0,17,12,8,8,28,14,621,489,8,16,13,13,20,26,17,28,0,1,10,6,26,17,72,59
8.0,Sun,2021-09-26,15:00,Brest,Metz,1.6,0.6,1–2,10398.0,Willy Delajod,2021-2022,Marquinhos,Téji Savanier,(4-3-3),(4-2-3-1),53%,47%,484 of 555 — 87%,83% — 405 of 488,5 of 16 — 31%,40% — 4 of 10,4 of 4 — 100%,60% — 3 of 5,0.0,0.0,1.0,0.0,10,8,8,7,10,21,667,580,25,17,6,12,5,3,16,12,5,1,7,8,14,22,45,56
8.0,Sun,2021-09-26,15:00,Troyes,Angers,1.0,1.3,1–1,6868.0,Thomas Léonard,2021-2022,Leo Dubois,Fabien Lemoine,(4-2-3-1),(5-3-2),53%,47%,436 of 522 — 84%,84% — 390 of 467,2 of 12 — 17%,42% — 5 of 12,4 of 5 — 80%,50% — 1 of 2,1.0,1.0,2.0,0.0,9,10,9,3,17,12,608,557,10,8,8,10,7,9,15,26,1,2,8,6,13,15,40,65
8.0,Sun,2021-09-26,15:00,Reims,Nantes,1.1,0.6,3–1,280.0,Eric Wattellier,2021-2022,Benoît Costil,Hamari Traoré,(3-4-3),(4-4-2),47%,53%,277 of 371 — 75%,79% — 333 of 424,3 of 10 — 30%,44% — 8 of 18,7 of 8 — 87%,66% — 2 of 3,1.0,0.0,4.0,0.0,6,20,8,6,22,12,463,528,15,14,6,3,12,13,18,23,3,2,10,9,17,16,91,56
8.0,Sun,2021-09-26,17:00,Clermont Foot,Monaco,1.1,1.6,1–3,11529.0,Benoît Millot,2021-2022,Brendan Chardonnet,Matthieu Udol,(4-2-3-1),(4-5-1),66%,34%,434 of 548 — 79%,62% — 174 of 279,1 of 10 — 10%,67% — 4 of 6,2 of 4 — 50%,100% — 1 of 1,3.0,0.0,2.0,0.0,16,16,4,3,31,11,652,410,17,19,5,15,25,32,12,36,4,1,2,12,29,14,77,80
8.0,Sun,2021-09-26,20:45,Marseille,Lens,2.0,2.0,2–3,50001.0,Mikael Lesage,2021-2022,Jimmy Giraudon,Ismaël Traoré,(3-4-3),(3-4-1-2),37%,63%,285 of 359 — 79%,88% — 530 of 603,3 of 6 — 50%,31% — 5 of 16,5 of 5 — 100%,66% — 2 of 3,5.5,0.0,2.0,0.0,9,8,2,9,18,24,469,692,20,18,10,5,12,7,23,9,1,0,12,6,11,11,50,53
9.0,Sat,2021-10-02,17:00,Montpellier,Strasbourg,1.1,0.3,1–1,9851.0,Hakim Ben El Hadj Salem,2021-2022,Yunis Abdelhamid,Alban Lafont,(3-4-1-2),(4-3-3),45%,55%,284 of 385 — 74%,75% — 354 of 471,5 of 9 — 56%,18% — 2 of 11,1 of 2 — 50%,40% — 2 of 5,1.0,0.0,1.0,0.0,14,10,3,7,13,23,512,574,18,17,10,10,17,26,19,8,1,2,12,8,23,28,71,80
9.0,Sat,2021-10-02,21:00,Nice,Brest,3.8,0.6,2–1,13503.0,António Nobre,2021-2022,Florent Ogier,Wissam Ben Yedder,(4-2-3-1),(4-2-3-1),53%,47%,461 of 561 — 82%,82% — 400 of 488,4 of 12 — 33%,50% — 3 of 6,0 of 3 — 0%,75% — 3 of 4,2.0,0.0,4.0,0.0,9,12,5,1,22,6,650,599,16,15,7,12,6,11,10,21,2,0,6,8,17,17,68,64
9.0,Sun,2021-10-03,13:00,Rennes,Paris S-G,1.0,1.5,2–0,28092.0,Ruddy Buquet,2021-2022,Dimitri Payet,Seko Fofana,(3-4-3),(3-4-3),61%,39%,523 of 601 — 87%,82% — 319 of 389,3 of 12 — 25%,33% — 4 of 12,2 of 4 — 50%,66% — 2 of 3,2.0,0.0,1.0,0.0,4,14,5,7,11,14,692,489,16,20,7,8,5,4,11,11,3,0,6,9,29,12,50,59
9.0,Sun,2021-10-03,15:00,Nantes,Troyes,1.9,1.3,2–0,15150.0,Jérôme Brisard,2021-2022,Seko Fofana,Yunis Abdelhamid,(3-4-1-2),(4-3-3),61%,39%,622 of 712 — 87%,80% — 367 of 457,6 of 12 — 50%,0% — 0 of 3,0 of 0 — %,83% — 5 of 6,3.0,0.0,1.0,1.0,13,13,5,3,25,9,805,558,14,12,7,19,7,8,14,17,2,2,3,5,20,22,63,59
9.0,Sun,2021-10-03,15:00,Lorient,Clermont Foot,0.5,1.1,1–1,12611.0,Pierre Gaillouste,2021-2022,Téji Savanier,Alexander Djiku,(4-2-3-1),(5-3-2),55%,45%,446 of 564 — 79%,78% — 364 of 468,4 of 12 — 33%,50% — 3 of 6,2 of 3 — 66%,75% — 3 of 4,2.0,0.0,0.0,0.0,12,14,3,4,17,16,656,570,13,17,9,18,11,16,16,18,0,0,6,12,19,15,76,80
9.0,Sun,2021-10-03,15:00,Angers,Metz,2.3,1.1,3–2,3989.0,Stéphanie Frappart,2021-2022,Dante,Brendan Chardonnet,(4-4-2),(4-2-3-1),70%,30%,702 of 805 — 87%,72% — 253 of 351,9 of 20 — 45%,33% — 2 of 6,1 of 2 — 50%,77% — 7 of 9,1.0,0.0,1.0,0.0,8,12,6,2,21,8,896,454,15,16,9,10,23,25,11,25,3,1,2,11,14,14,69,73
9.0,Sun,2021-10-03,15:00,Monaco,Bordeaux,1.6,0.3,3–0,3667.0,Clément Turpin,2021-2022,Hamari Traoré,Marquinhos,(4-4-2),(4-2-3-1),33%,67%,242 of 315 — 77%,86% — 556 of 647,4 of 12 — 33%,0% — 0 of 13,0 of 0 — %,50% — 2 of 4,2.0,0.0,3.0,0.0,9,4,4,4,16,22,429,737,15,18,19,7,7,5,28,11,2,2,12,7,9,17,55,49
9.0,Sun,2021-10-03,17:00,Lille,Marseille,3.0,0.4,2–0,44839.0,Jérémie Pignard,2021-2022,Alban Lafont,Yoann Salmier,(4-4-1-1),(3-4-3),54%,46%,388 of 481 — 81%,80% — 334 of 417,3 of 7 — 43%,27% — 4 of 15,4 of 4 — 100%,66% — 2 of 3,2.0,0.0,2.0,0.0,14,10,3,7,15,19,602,537,20,19,7,11,11,8,21,12,2,1,10,6,18,25,60,43
9.0,Sun,2021-10-03,20:45,Saint-Étienne,Lyon,2.3,1.3,1–1,33643.0,François Letexier,2021-2022,Fabien Lemoine,Florent Ogier,(5-3-2),(4-2-3-1),46%,54%,375 of 484 — 77%,81% — 464 of 571,1 of 6 — 17%,50% — 4 of 8,3 of 4 — 75%,0% — 0 of 1,2.0,0.0,1.0,0.0,19,12,4,4,15,12,580,668,15,20,14,13,13,14,17,13,0,1,7,4,21,28,77,68
10.0,Fri,2021-10-15,21:00,Paris S-G,Angers,2.0,1.1,2–1,47646.0,Bastien Dechepy,2021-2022,Ismaël Traoré,Dylan Bronn,(3-4-1-2),(4-5-1),57%,43%,522 of 616 — 85%,81% — 368 of 457,5 of 18 — 28%,100% — 2 of 2,0 of 2 — 0%,40% — 2 of 5,1.0,0.0,3.0,0.0,16,11,12,2,26,11,719,581,14,25,6,18,16,10,6,16,1,1,3,3,18,22,46,66
10.0,Sat,2021-10-16,17:00,Clermont Foot,Lille,0.3,0.9,1–0,11537.0,Eric Wattellier,2021-2022,Wissam Ben Yedder,Benoît Costil,(4-2-3-1),(3-4-3),57%,43%,418 of 526 — 79%,79% — 314 of 397,3 of 11 — 27%,0% — 0 of 4,0 of 0 — %,33% — 1 of 3,2.0,0.0,1.0,0.0,12,13,10,2,20,9,628,511,29,9,5,8,11,11,13,21,5,2,3,5,19,23,60,54
10.0,Sat,2021-10-16,21:00,Lyon,Monaco,2.6,0.6,2–0,50585.0,Amaury Delerue,2021-2022,José Fonte,Mattéo Guendouzi,(4-4-2),(4-2-3-1),37%,63%,267 of 350 — 76%,87% — 520 of 600,5 of 12 — 42%,30% — 3 of 10,3 of 3 — 100%,60% — 3 of 5,2.0,0.0,4.5,0.0,10,13,3,5,9,21,445,688,22,10,11,6,8,6,18,15,5,1,8,5,18,19,61,63
10.0,Sun,2021-10-17,13:00,Troyes,Nice,0.9,0.6,1–0,7925.0,Johan Hamel,2021-2022,Mahdi Camara,Leo Dubois,(4-2-3-1),(4-2-3-1),44%,56%,302 of 403 — 75%,79% — 401 of 505,5 of 17 — 29%,33% — 5 of 15,4 of 5 — 80%,100% — 5 of 5,2.0,0.0,3.0,1.0,14,10,6,4,22,12,517,606,14,8,17,17,9,16,10,16,3,4,5,8,22,23,64,68
10.0,Sun,2021-10-17,15:00,Brest,Reims,0.5,0.8,1–1,9693.0,Jeremy Stinat,2021-2022,Presnel Kimpembe,Ismaël Traoré,(4-3-3),(3-4-1-2),72%,28%,703 of 776 — 91%,78% — 233 of 297,1 of 12 — 8%,29% — 2 of 7,1 of 2 — 50%,0% — 0 of 1,1.0,0.0,0.0,0.0,8,10,6,5,21,13,872,416,21,26,11,10,2,7,7,23,3,3,6,12,21,14,51,61
10.0,Sun,2021-10-17,15:00,Strasbourg,Saint-Étienne,2.1,1.0,5–1,25371.0,Mikael Lesage,2021-2022,Florent Ogier,José Fonte,(4-2-3-1),(4-2-3-1),43%,57%,333 of 439 — 76%,80% — 461 of 573,3 of 9 — 33%,22% — 2 of 9,2 of 2 — 100%,66% — 2 of 3,1.0,0.0,3.0,0.0,9,8,6,10,23,23,556,679,16,20,9,10,10,18,20,16,0,1,9,10,25,23,57,65
10.0,Sun,2021-10-17,15:00,Bordeaux,Nantes,0.5,1.3,1–1,39510.0,Willy Delajod,2021-2022,Leo Dubois,Wissam Ben Yedder,(4-2-3-1),(4-4-2),61%,39%,620 of 708 — 88%,78% — 349 of 450,7 of 13 — 54%,33% — 3 of 9,3 of 3 — 100%,85% — 6 of 7,1.0,0.0,2.0,0.0,8,10,2,4,12,10,820,544,15,25,13,8,16,6,11,15,1,2,4,11,16,22,65,62
10.0,Sun,2021-10-17,15:00,Metz,Rennes,0.9,2.2,0–3,15679.0,Benoît Millot,2021-2022,Jimmy Giraudon,Dante,(3-4-3),(4-4-2),39%,61%,287 of 383 — 75%,85% — 516 of 608,3 of 8 — 38%,27% — 3 of 11,3 of 3 — 100%,66% — 2 of 3,2.0,0.0,1.0,0.0,10,20,3,3,23,17,484,714,16,12,13,17,11,14,18,18,2,0,9,4,14,14,60,58
10.0,Sun,2021-10-17,17:00,Montpellier,Lens,1.5,0.9,1–0,12474.0,Florent Batta,2021-2022,Brendan Chardonnet,Yunis Abdelhamid,(4-2-3-1),(3-4-1-2),55%,45%,384 of 514 — 75%,71% — 294 of 413,4 of 9 — 44%,15% — 2 of 13,1 of 2 — 50%,75% — 3 of 4,3.0,0.0,4.0,0.0,18,13,7,7,39,21,627,542,14,21,12,12,26,17,16,26,1,1,8,5,29,23,105,73
10.0,Sun,2021-10-17,20:45,Marseille,Lorient,1.8,2.2,4–1,57349.0,Antony Gautier,2021-2022,Dimitri Liénard,Mahdi Camara,(5-3-2),(4-2-3-1),52%,48%,407 of 499 — 82%,83% — 388 of 465,6 of 12 — 50%,33% — 1 of 3,1 of 1 — 100%,33% — 2 of 6,3.0,0.0,2.0,1.0,18,10,7,4,22,18,592,567,19,17,8,7,10,9,14,15,0,3,4,7,22,16,67,60
11.0,Fri,2021-10-22,21:00,Saint-Étienne,Angers,1.6,0.5,2–2,19836.0,Antony Gautier,2021-2022,Laurent Koscielny,Alban Lafont,(4-1-3-2),(4-2-3-1),59%,41%,420 of 537 — 78%,68% — 249 of 368,1 of 8 — 13%,54% — 7 of 13,6 of 7 — 85%,0% — 0 of 1,2.0,0.0,3.0,0.0,10,16,2,5,15,18,626,466,14,11,6,10,24,23,16,16,1,3,11,8,23,23,77,68
11.0,Sat,2021-10-23,17:00,Nantes,Clermont Foot,1.3,1.1,2–1,19968.0,Romain Lissorgue,2021-2022,Matthieu Udol,Hamari Traoré,(4-1-4-1),(4-4-2),35%,65%,296 of 383 — 77%,88% — 618 of 704,2 of 9 — 22%,38% — 8 of 21,5 of 8 — 62%,100% — 2 of 2,3.0,0.0,1.0,0.0,14,9,4,10,19,24,494,804,14,13,7,4,13,13,21,14,2,2,8,2,16,16,69,75
11.0,Sat,2021-10-23,21:00,Lille,Brest,1.7,1.2,1–1,32613.0,Clément Turpin,2021-2022,Téji Savanier,Seko Fofana,(4-2-3-1),(3-4-1-2),50%,50%,353 of 462 — 76%,76% — 360 of 471,6 of 15 — 40%,28% — 5 of 18,5 of 5 — 100%,83% — 5 of 6,5.5,0.0,4.0,0.0,8,15,3,2,20,20,574,572,9,18,12,8,8,12,14,18,1,2,15,9,29,30,81,65
11.0,Sun,2021-10-24,13:00,Nice,Lyon,2.4,1.4,3–2,24519.0,Jérôme Brisard,2021-2022,Dimitri Payet,Laurent Abergel,(3-2-4-1),(5-3-2),63%,37%,534 of 610 — 88%,78% — 273 of 351,5 of 16 — 31%,43% — 6 of 14,6 of 6 — 100%,40% — 2 of 5,0.0,0.0,1.0,0.0,7,10,6,4,17,11,715,458,12,18,13,13,6,6,7,16,2,1,9,10,14,15,45,61
11.0,Sun,2021-10-24,15:00,Reims,Troyes,0.8,0.9,1–2,12326.0,Pierre Gaillouste,2021-2022,Mahdi Camara,Ismaël Traoré,(4-1-2-1-2),(3-4-1-2),63%,37%,484 of 603 — 80%,71% — 254 of 356,6 of 17 — 35%,50% — 2 of 4,0 of 2 — 0%,66% — 4 of 6,0.0,0.0,3.0,0.0,12,18,6,1,33,4,747,498,34,25,10,11,20,16,16,22,4,1,4,14,18,27,64,60
11.0,Sun,2021-10-24,15:00,Lens,Metz,1.8,0.8,4–1,35673.0,Jérémie Pignard,2021-2022,Alban Lafont,Florent Ogier,(4-3-3),(4-2-3-1),46%,54%,405 of 494 — 82%,84% — 483 of 573,3 of 8 — 38%,25% — 1 of 4,0 of 1 — 0%,33% — 1 of 3,1.0,1.0,0.0,1.0,15,11,1,3,12,14,579,651,14,12,12,13,11,6,7,10,0,1,5,8,20,12,68,54
11.0,Sun,2021-10-24,15:00,Lorient,Bordeaux,1.2,1.0,1–1,11678.0,Thomas Léonard,2021-2022,José Fonte,Brendan Chardonnet,(4-2-2-2),(4-2-3-1),64%,36%,501 of 625 — 80%,71% — 253 of 358,3 of 13 — 23%,36% — 5 of 14,4 of 5 — 80%,66% — 2 of 3,1.0,0.0,2.0,0.0,10,15,5,4,29,15,724,491,17,21,9,22,17,22,10,27,1,1,8,13,28,13,87,84
11.0,Sun,2021-10-24,15:00,Rennes,Strasbourg,1.2,0.9,1–0,27185.0,Stéphanie Frappart,2021-2022,Dante,Leo Dubois,(4-4-2),(4-2-3-1),43%,57%,363 of 454 — 80%,84% — 511 of 606,6 of 16 — 38%,62% — 8 of 13,6 of 8 — 75%,66% — 4 of 6,1.0,0.0,0.0,1.0,11,7,3,2,7,11,590,732,24,27,16,5,9,3,13,12,1,2,6,8,22,18,66,67
11.0,Sun,2021-10-24,17:00,Monaco,Montpellier,1.3,1.3,3–1,4861.0,François Letexier,2021-2022,Yunis Abdelhamid,Jimmy Giraudon,(4-4-2),(3-4-3),55%,45%,403 of 510 — 79%,75% — 318 of 422,5 of 18 — 28%,57% — 4 of 7,2 of 4 — 50%,80% — 4 of 5,5.5,0.0,2.0,0.0,14,13,7,1,24,10,627,540,22,19,10,10,8,18,8,24,1,1,2,13,27,32,52,59
11.0,Sun,2021-10-24,20:45,Marseille,Paris S-G,1.1,1.4,0–0,65121.0,Benoît Bastien,2021-2022,Seko Fofana,Dylan Bronn,(3-4-3),(5-3-2),55%,45%,432 of 522 — 83%,80% — 338 of 425,5 of 12 — 42%,44% — 4 of 9,3 of 4 — 75%,20% — 1 of 5,2.0,0.0,3.0,0.0,9,13,5,6,18,18,620,527,13,14,15,10,18,16,12,15,1,0,5,5,21,25,61,59
12.0,Fri,2021-10-29,21:00,Paris S-G,Lille,2.1,1.8,2–1,47874.0,Amaury Delerue,2021-2022,Fabien Lemoine,Laurent Koscielny,(5-3-2),(4-1-3-2),54%,46%,443 of 560 — 79%,80% — 384 of 479,3 of 15 — 20%,45% — 5 of 11,4 of 5 — 80%,66% — 2 of 3,4.0,0.0,2.0,1.0,12,13,9,4,29,11,667,603,16,10,17,15,16,11,10,34,3,0,5,9,17,16,68,79
12.0,Sat,2021-10-30,17:00,Metz,Saint-Étienne,0.4,0.4,1–1,15914.0,Stéphanie Frappart,2021-2022,Hamari Traoré,Alexander Djiku,(4-4-2),(5-3-2),63%,37%,556 of 655 — 85%,74% — 282 of 381,3 of 18 — 17%,25% — 2 of 8,2 of 2 — 100%,66% — 2 of 3,1.0,0.0,2.0,0.0,6,11,11,6,24,23,754,486,11,13,7,17,17,18,20,14,1,3,4,19,18,16,57,90
12.0,Sat,2021-10-30,21:00,Lyon,Lens,1.9,2.1,2–1,50373.0,Mikael Lesage,2021-2022,Wissam Ben Yedder,Téji Savanier,(4-4-2),(4-2-3-1),64%,36%,515 of 627 — 82%,74% — 263 of 355,4 of 14 — 29%,25% — 3 of 12,3 of 3 — 100%,25% — 1 of 4,1.0,0.0,4.0,0.0,14,16,4,4,14,14,726,454,21,12,13,8,9,12,11,12,3,6,5,7,21,21,78,53
12.0,Sun,2021-10-31,13:00,Angers,Nice,1.2,0.8,1–2,6788.0,Willy Delajod,2021-2022,Dimitri Payet,Marquinhos,(4-2-3-1),(4-2-3-1),48%,52%,450 of 519 — 87%,87% — 487 of 558,1 of 15 — 7%,40% — 4 of 10,4 of 4 — 100%,100% — 1 of 1,1.0,0.0,1.0,1.0,7,8,4,5,21,8,614,644,20,10,12,9,3,5,9,10,4,4,6,15,8,15,51,36
12.0,Sun,2021-10-31,15:00,Montpellier,Nantes,1.2,1.0,2–0,11267.0,Bastien Dechepy,2021-2022,Dante,Dimitri Payet,(4-4-2),(3-5-1-1),45%,55%,389 of 474 — 82%,85% — 488 of 574,3 of 11 — 27%,14% — 1 of 7,0 of 1 — 0%,66% — 2 of 3,2.0,0.0,2.0,0.0,16,8,6,5,9,14,566,655,14,16,15,6,9,10,6,9,8,1,3,4,22,21,60,71
12.0,Sun,2021-10-31,15:00,Troyes,Rennes,1.3,1.3,2–2,8550.0,Jeremy Stinat,2021-2022,Marquinhos,José Fonte,(4-3-3),(4-4-2),59%,41%,545 of 600 — 91%,83% — 346 of 416,6 of 17 — 35%,27% — 3 of 11,2 of 3 — 66%,66% — 4 of 6,1.0,0.0,5.0,0.0,7,10,4,5,18,6,715,519,17,29,13,13,9,5,10,15,0,4,7,10,14,20,32,47
12.0,Sun,2021-10-31,15:00,Bordeaux,Reims,1.8,1.4,3–2,11020.0,Eric Wattellier,2021-2022,Dylan Bronn,Mahdi Camara,(3-4-1-2),(4-3-1-2),38%,62%,246 of 345 — 71%,80% — 459 of 572,4 of 9 — 44%,27% — 3 of 11,2 of 3 — 66%,75% — 3 of 4,0.0,0.0,3.0,0.0,16,11,5,8,19,22,471,684,22,12,15,3,18,17,16,15,1,2,11,4,24,25,62,80
12.0,Sun,2021-10-31,15:00,Strasbourg,Lorient,2.3,1.3,4–0,24002.0,Florent Batta,2021-2022,Leo Dubois,Seko Fofana,(4-2-3-1),(3-4-1-2),54%,46%,499 of 594 — 84%,81% — 404 of 497,3 of 12 — 25%,44% — 8 of 18,7 of 8 — 87%,66% — 2 of 3,1.0,0.0,2.0,0.0,7,13,3,5,8,23,704,598,17,19,12,16,6,7,26,8,1,3,6,7,21,19,49,51
12.0,Sun,2021-10-31,17:00,Brest,Monaco,1.3,0.4,2–0,12463.0,Johan Hamel,2021-2022,Ismaël Traoré,Dante,(3-4-1-2),(4-4-2),37%,63%,328 of 431 — 76%,83% — 599 of 720,1 of 2 — 50%,36% — 5 of 14,3 of 5 — 60%,100% — 1 of 1,1.0,0.0,2.0,0.0,14,9,3,8,6,29,538,809,13,16,13,7,9,18,22,6,2,2,13,2,12,18,75,79
12.0,Sun,2021-10-31,20:45,Clermont Foot,Marseille,0.7,1.0,0–1,12240.0,Benoît Millot,2021-2022,Téji Savanier,Alban Lafont,(4-2-3-1),(4-2-3-1),57%,43%,320 of 419 — 76%,68% — 213 of 314,10 of 19 — 53%,8% — 1 of 12,1 of 1 — 100%,80% — 8 of 10,3.0,0.0,5.0,0.0,12,23,5,5,19,15,545,442,22,26,11,9,15,14,8,22,1,0,16,7,30,27,59,88
13.0,Fri,2021-11-05,21:00,Lens,Troyes,3.0,0.5,4–0,35706.0,Thomas Léonard,2021-2022,Jimmy Giraudon,Hamari Traoré,(5-4-1),(4-4-2),38%,62%,223 of 315 — 71%,82% — 426 of 520,5 of 14 — 36%,38% — 5 of 13,3 of 5 — 60%,60% — 3 of 5,0.0,0.0,1.0,0.0,6,15,5,12,21,31,436,623,12,15,10,5,14,16,25,19,0,3,12,9,13,26,74,78
13.0,Sat,2021-11-06,17:00,Lille,Angers,1.4,1.1,1–1,33305.0,François Letexier,2021-2022,Laurent Koscielny,Yunis Abdelhamid,(4-3-3),(4-2-3-1),53%,47%,376 of 473 — 79%,79% — 336 of 427,5 of 15 — 33%,67% — 8 of 12,6 of 8 — 75%,60% — 3 of 5,2.0,0.0,2.0,0.0,5,10,12,2,26,9,585,542,13,25,17,14,8,15,6,22,1,0,4,13,26,19,70,51
13.0,Sat,2021-11-06,21:00,Bordeaux,Paris S-G,1.4,1.5,2–3,41172.0,Ruddy Buquet,2021-2022,Alexander Djiku,Fabien Lemoine,(5-3-2),(3-4-1-2),54%,46%,395 of 487 — 81%,80% — 335 of 421,6 of 15 — 40%,0% — 0 of 5,0 of 0 — %,33% — 2 of 6,1.0,0.0,0.0,0.0,12,10,6,3,26,11,578,516,13,14,7,7,17,7,5,27,1,1,9,12,21,12,58,64
13.0,Sun,2021-11-07,13:00,Marseille,Metz,1.3,1.2,0–0,61539.0,Jérôme Brisard,2021-2022,Brendan Chardonnet,Wissam Ben Yedder,(4-2-3-1),(4-4-2),34%,66%,225 of 352 — 64%,83% — 575 of 690,3 of 7 — 43%,40% — 2 of 5,2 of 2 — 100%,33% — 1 of 3,1.0,0.0,4.0,0.0,8,17,2,5,16,20,462,795,19,16,15,16,23,15,26,17,0,3,11,5,20,18,76,70
13.0,Sun,2021-11-07,15:00,Lorient,Brest,1.3,2.6,1–2,14649.0,Romain Lissorgue,2021-2022,Jonathan Iglesias,Boubacar Kamara,(4-2-3-1),(4-1-4-1),42%,58%,336 of 421 — 80%,86% — 508 of 590,1 of 12 — 8%,44% — 4 of 9,3 of 4 — 75%,100% — 1 of 1,1.0,0.0,4.0,0.0,15,11,4,2,21,10,515,697,18,13,10,5,8,10,9,19,2,0,9,8,18,20,51,50
13.0,Sun,2021-11-07,15:00,Reims,Monaco,0.3,1.0,0–0,12080.0,Jérémie Pignard,2021-2022,Seko Fofana,Jimmy Giraudon,(3-4-3),(3-4-3),60%,40%,588 of 671 — 88%,82% — 373 of 456,12 of 23 — 52%,27% — 3 of 11,3 of 3 — 100%,66% — 8 of 12,1.0,0.0,1.0,0.0,14,8,4,2,14,14,774,559,13,14,12,10,2,4,12,22,1,2,6,8,16,15,42,39
13.0,Sun,2021-11-07,15:00,Nantes,Strasbourg,2.3,2.1,2–2,18853.0,Clément Turpin,2021-2022,José Fonte,Romain Thomas,(4-4-2),(3-4-1-2),47%,53%,403 of 503 — 80%,84% — 484 of 578,6 of 11 — 55%,44% — 4 of 9,3 of 4 — 75%,83% — 5 of 6,2.0,1.0,2.0,0.0,13,9,4,8,12,17,615,700,30,20,12,10,14,10,10,9,6,0,7,9,17,16,55,54
13.0,Sun,2021-11-07,17:00,Nice,Montpellier,1.4,0.4,0–1,20157.0,Antony Gautier,2021-2022,Laurent Koscielny,Marquinhos,(4-4-1-1),(4-3-3),44%,56%,384 of 469 — 82%,83% — 504 of 605,6 of 18 — 33%,56% — 5 of 9,2 of 5 — 40%,66% — 4 of 6,2.0,0.0,1.0,0.0,9,10,10,5,25,10,580,713,20,12,12,5,8,5,9,24,3,3,3,4,10,14,56,41
13.0,Sun,2021-11-07,20:45,Rennes,Lyon,3.3,1.1,4–1,28222.0,Benoît Bastien,2021-2022,Steve Mandanda,Dylan Bronn,(4-4-1-1),(3-4-3),75%,25%,592 of 679 — 87%,65% — 144 of 222,4 of 15 — 27%,31% — 4 of 13,4 of 4 — 100%,100% — 4 of 4,1.0,0.0,3.0,1.0,8,9,9,7,22,22,779,339,11,17,5,15,12,7,17,21,3,6,7,9,14,12,47,51
14.0,Fri,2021-11-19,21:00,Monaco,Lille,1.1,2.2,2–2,3778.0,Willy Delajod,2021-2022,Mahdi Camara,Jonathan Iglesias,(4-3-3),(4-2-3-1),50%,50%,386 of 498 — 78%,77% — 388 of 505,4 of 18 — 22%,33% — 3 of 9,1 of 3 — 33%,25% — 1 of 4,1.0,0.0,1.0,0.0,7,10,9,2,25,16,615,616,16,17,19,17,12,11,14,15,0,3,7,16,31,23,71,69
14.0,Sat,2021-11-20,17:00,Paris S-G,Nantes,1.8,1.4,3–1,47777.0,Jeremy Stinat,2021-2022,Laurent Abergel,Steve Mounié,(3-5-2),(4-4-2),39%,61%,263 of 365 — 72%,82% — 474 of 578,3 of 9 — 33%,27% — 4 of 15,3 of 4 — 75%,66% — 2 of 3,1.0,1.0,1.0,0.0,9,9,3,6,8,27,470,681,17,17,9,11,8,20,23,12,2,3,10,4,17,29,52,55
14.0,Sat,2021-11-20,21:00,Rennes,Montpellier,2.9,0.7,2–0,27003.0,Mikael Lesage,2021-2022,Yunis Abdelhamid,Wissam Ben Yedder,(4-3-3),(4-4-2),43%,57%,303 of 433 — 70%,76% — 445 of 582,4 of 11 — 36%,25% — 3 of 12,3 of 3 — 100%,100% — 4 of 4,0.0,0.0,2.0,0.0,9,13,5,6,19,25,573,706,15,17,19,15,16,12,19,18,1,2,9,8,30,24,95,75
14.0,Sun,2021-11-21,13:00,Brest,Lens,1.3,1.5,4–0,12462.0,Eric Wattellier,2021-2022,Alban Lafont,Alexander Djiku,(4-2-3-1),(5-3-2),47%,53%,317 of 416 — 76%,74% — 343 of 465,5 of 20 — 25%,38% — 6 of 16,4 of 6 — 66%,60% — 3 of 5,2.0,0.0,1.0,1.0,15,12,9,5,31,16,573,622,15,32,13,15,20,26,19,21,0,1,6,5,24,33,83,86
14.0,Sun,2021-11-21,15:00,Angers,Lorient,1.4,0.7,1–0,6971.0,Pierre Gaillouste,2021-2022,Dante,Jordan Ferri,(4-4-2),(4-4-1-1),68%,32%,581 of 686 — 85%,74% — 245 of 330,6 of 22 — 27%,25% — 2 of 8,1 of 2 — 50%,100% — 6 of 6,2.0,0.0,0.0,0.0,9,7,8,2,37,8,782,448,16,14,6,14,17,9,6,33,0,1,8,19,12,24,51,73
14.0,Sun,2021-11-21,15:00,Strasbourg,Reims,1.7,0.9,1–1,24439.0,Amaury Delerue,2021-2022,Hamari Traoré,Leo Dubois,(4-4-1-1),(4-3-3),49%,51%,403 of 495 — 81%,83% — 436 of 523,10 of 25 — 40%,60% — 3 of 5,3 of 3 — 100%,60% — 6 of 10,2.0,0.0,2.0,0.0,12,12,7,2,20,13,605,644,15,16,7,6,16,11,14,23,5,2,3,6,19,15,70,59
14.0,Sun,2021-11-21,15:00,Troyes,Saint-Étienne,1.1,1.1,0–1,10644.0,Florent Batta,2021-2022,Axel Disasi,José Fonte,(4-4-2),(4-4-2),54%,46%,368 of 488 — 75%,74% — 309 of 417,7 of 17 — 41%,50% — 7 of 14,6 of 7 — 85%,71% — 5 of 7,5.5,0.0,5.0,0.0,15,16,6,5,24,11,606,538,24,15,10,9,27,10,14,21,2,1,7,10,31,19,86,74
14.0,Sun,2021-11-21,15:00,Metz,Bordeaux,1.2,2.2,3–3,16077.0,Benoît Millot,2021-2022,Marco Verratti,Alban Lafont,(4-3-3),(4-2-3-1),66%,34%,739 of 808 — 91%,86% — 352 of 410,7 of 14 — 50%,50% — 6 of 12,5 of 6 — 83%,71% — 5 of 7,1.0,1.0,2.0,0.0,8,12,4,3,7,17,908,525,22,19,5,10,6,13,9,15,6,1,3,8,19,12,32,48
14.0,Sun,2021-11-21,17:00,Clermont Foot,Nice,0.7,0.6,1–2,11683.0,Stéphanie Frappart,2021-2022,Hamari Traoré,Téji Savanier,(4-3-3),(4-4-2),67%,33%,601 of 696 — 86%,72% — 244 of 340,7 of 30 — 23%,50% — 2 of 4,2 of 2 — 100%,71% — 5 of 7,1.0,0.0,4.5,0.0,9,10,8,2,31,7,783,428,13,6,8,8,14,11,9,25,0,1,1,18,18,17,62,62
15.0,Fri,2021-11-26,21:00,Lens,Angers,1.3,1.5,2–2,35713.0,Florent Batta,2021-2022,Brendan Chardonnet,Seko Fofana,(4-4-2),(3-4-1-2),36%,64%,284 of 371 — 77%,86% — 567 of 658,5 of 13 — 38%,29% — 4 of 14,4 of 4 — 100%,20% — 1 of 5,1.0,0.0,2.0,1.0,7,7,5,5,15,14,506,762,22,10,20,10,15,9,15,7,1,0,11,9,12,26,75,35
15.0,Sat,2021-11-27,17:00,Lille,Nantes,1.2,0.5,1–1,30419.0,Johan Hamel,2021-2022,Ismaël Traoré,Laurent Abergel,(3-1-4-2),(3-5-2),54%,46%,497 of 589 — 84%,82% — 407 of 498,3 of 7 — 43%,30% — 3 of 10,3 of 3 — 100%,100% — 3 of 3,4.0,0.0,0.0,0.0,15,13,6,3,11,17,698,614,8,26,6,18,9,19,14,10,1,0,5,8,24,13,49,61
15.0,Sat,2021-11-27,21:00,Nice,Metz,1.2,0.4,0–1,17033.0,François Letexier,2021-2022,Dimitri Liénard,Yunis Abdelhamid,(5-3-2),(4-2-3-1),69%,31%,480 of 616 — 78%,66% — 185 of 281,3 of 20 — 15%,30% — 3 of 10,2 of 3 — 66%,66% — 2 of 3,1.0,0.0,4.0,0.0,8,13,5,4,38,11,731,437,26,19,8,12,18,14,7,40,1,0,9,16,37,9,92,70
15.0,Sun,2021-11-28,13:00,Saint-Étienne,Paris S-G,0.8,2.7,1–3,24586.0,Jérôme Brisard,2021-2022,Jimmy Giraudon,Romain Hamouma,(3-4-1-2),(4-4-2),47%,53%,345 of 440 — 78%,80% — 402 of 502,3 of 15 — 20%,29% — 4 of 14,3 of 4 — 75%,100% — 3 of 3,1.0,0.0,4.0,0.0,13,11,6,8,24,20,548,616,10,18,10,11,13,13,18,16,1,1,9,14,20,21,52,55
15.0,Sun,2021-11-28,15:00,Bordeaux,Brest,1.4,2.4,1–2,15280.0,Pierre Gaillouste,2021-2022,Dylan Bronn,Benoît Costil,(3-4-3),(4-4-1-1),46%,54%,356 of 450 — 79%,80% — 417 of 520,9 of 20 — 45%,26% — 5 of 19,2 of 5 — 40%,66% — 6 of 9,2.0,1.0,2.0,0.0,12,11,2,4,19,14,568,632,13,14,12,11,21,9,23,17,1,1,7,6,25,19,57,64
15.0,Sun,2021-11-28,15:00,Reims,Clermont Foot,0.6,0.5,1–0,8420.0,Benoît Bastien,2021-2022,Florent Ogier,Walter Benítez,(4-2-3-1),(4-4-2),51%,49%,452 of 541 — 84%,80% — 417 of 522,6 of 18 — 33%,44% — 4 of 9,2 of 4 — 50%,83% — 5 of 6,1.0,0.0,4.0,0.0,7,16,3,5,14,15,658,630,15,18,8,16,12,15,18,15,1,2,4,6,14,20,61,61
15.0,Sun,2021-11-28,15:00,Monaco,Strasbourg,2.1,1.0,1–1,3478.0,Antony Gautier,2021-2022,Seko Fofana,Ismaël Traoré,(3-4-1-2),(3-5-2),50%,50%,414 of 492 — 84%,83% — 412 of 497,4 of 9 — 44%,42% — 5 of 12,3 of 5 — 60%,50% — 2 of 4,2.0,0.0,0.0,0.0,15,6,5,5,20,8,600,598,19,15,14,15,11,8,16,13,2,0,9,6,22,15,59,64
15.0,Sun,2021-11-28,15:00,Lorient,Rennes,0.8,1.3,0–2,16321.0,Bastien Dechepy,2021-2022,José Fonte,Alban Lafont,(4-4-2),(4-3-3),59%,41%,425 of 546 — 78%,72% — 269 of 373,2 of 9 — 22%,43% — 3 of 7,2 of 3 — 66%,50% — 1 of 2,1.0,0.0,2.0,1.0,7,12,12,1,23,5,650,497,24,21,8,20,20,13,4,22,3,3,7,9,31,17,73,67
15.0,Sun,2021-11-28,17:00,Montpellier,Lyon,1.2,0.9,0–1,14747.0,Thomas Léonard,2021-2022,Dante,Dylan Bronn,(4-4-2),(3-4-3),71%,29%,588 of 706 — 83%,73% — 213 of 293,2 of 20 — 10%,25% — 1 of 4,0 of 1 — 0%,100% — 2 of 2,2.0,0.0,2.0,0.0,13,12,8,1,33,10,795,453,17,26,10,15,16,13,4,41,1,0,4,15,35,6,48,65
16.0,Wed,2021-12-01,19:00,Angers,Monaco,1.3,3.1,1–3,8267.0,Romain Lissorgue,2021-2022,Mahdi Camara,Marquinhos,(4-2-3-1),(4-2-3-1),29%,71%,238 of 306 — 78%,90% — 680 of 755,4 of 8 — 50%,53% — 8 of 15,5 of 8 — 62%,75% — 3 of 4,3.0,1.0,1.0,0.0,7,10,5,5,11,13,408,849,17,19,10,6,5,6,29,11,1,5,10,4,11,13,50,34
16.0,Wed,2021-12-01,19:00,Metz,Montpellier,1.3,1.3,1–3,13992.0,Ruddy Buquet,2021-2022,Benoît Costil,Brendan Chardonnet,(4-4-1-1),(4-2-2-2),65%,35%,525 of 623 — 84%,71% — 242 of 342,4 of 16 — 25%,29% — 4 of 14,2 of 4 — 50%,75% — 3 of 4,3.0,0.0,1.0,0.0,13,11,5,2,24,12,732,458,18,15,16,12,19,20,10,31,1,0,13,11,21,19,64,58
16.0,Wed,2021-12-01,19:00,Strasbourg,Bordeaux,2.8,1.1,5–2,24378.0,Willy Delajod,2021-2022,Yunis Abdelhamid,Florent Ogier,(4-3-3),(4-2-3-1),41%,59%,365 of 465 — 78%,83% — 551 of 660,3 of 12 — 25%,0% — 0 of 4,0 of 0 — %,66% — 2 of 3,2.0,0.0,2.0,0.0,13,13,4,1,20,12,578,758,18,19,20,7,10,13,15,12,2,0,4,8,19,26,56,69
16.0,Wed,2021-12-01,19:00,Troyes,Lorient,1.0,0.4,2–0,6506.0,Jeremy Stinat,2021-2022,Wissam Ben Yedder,Alexander Djiku,(4-2-3-1),(5-3-2),59%,41%,490 of 625 — 78%,73% — 315 of 434,2 of 7 — 29%,50% — 3 of 6,3 of 3 — 100%,100% — 2 of 2,2.0,0.0,1.0,0.0,12,9,4,3,16,10,726,549,17,15,10,10,12,18,6,16,0,2,4,9,30,18,80,88
16.0,Wed,2021-12-01,19:00,Brest,Saint-Étienne,1.5,0.6,1–0,13248.0,Mikael Lesage,2021-2022,Laurent Abergel,Hamari Traoré,(3-5-2),(4-4-2),43%,57%,277 of 403 — 69%,79% — 420 of 535,0 of 6 — 0%,45% — 5 of 11,3 of 5 — 60%,% — 0 of 0,0.0,0.0,2.0,0.0,11,11,3,4,21,12,515,659,18,17,7,1,17,25,15,26,1,1,11,8,31,27,75,82
16.0,Wed,2021-12-01,21:00,Paris S-G,Nice,1.9,1.0,0–0,47502.0,Clément Turpin,2021-2022,Jordan Ferri,Houssem Aouar,(4-1-4-1),(4-2-3-1),44%,56%,375 of 473 — 79%,84% — 500 of 598,6 of 15 — 40%,27% — 3 of 11,2 of 3 — 66%,100% — 6 of 6,1.0,0.0,4.0,0.0,7,15,8,5,30,10,593,717,24,18,13,17,7,15,13,27,1,1,6,11,14,24,50,60
16.0,Wed,2021-12-01,21:00,Clermont Foot,Lens,1.7,0.7,2–2,11948.0,Amaury Delerue,2021-2022,Dimitri Payet,Jimmy Giraudon,(4-1-4-1),(5-4-1),56%,44%,424 of 539 — 79%,75% — 322 of 428,4 of 14 — 29%,40% — 2 of 5,2 of 2 — 100%,75% — 3 of 4,1.0,0.0,4.0,0.0,10,17,7,3,19,16,628,527,17,10,8,16,18,13,8,17,2,2,5,9,22,15,76,62
16.0,Wed,2021-12-01,21:00,Nantes,Marseille,0.1,1.1,0–1,34018.0,Eric Wattellier,2021-2022,Ismaël Traoré,Axel Disasi,(3-5-2),(4-2-3-1),48%,52%,348 of 447 — 78%,75% — 367 of 490,3 of 9 — 33%,57% — 8 of 14,5 of 8 — 62%,100% — 3 of 3,1.0,0.0,2.0,0.0,13,18,4,4,9,16,564,600,9,30,14,12,6,13,19,12,3,5,10,9,19,17,70,86
16.0,Wed,2021-12-01,21:00,Rennes,Lille,0.8,0.7,1–2,25392.0,Stéphanie Frappart,2021-2022,Dylan Bronn,Téji Savanier,(3-5-2),(4-2-3-1),46%,54%,373 of 459 — 81%,82% — 451 of 548,7 of 20 — 35%,70% — 7 of 10,4 of 7 — 57%,85% — 6 of 7,2.0,0.0,2.0,0.0,14,9,7,4,27,11,578,654,9,18,13,8,11,9,10,19,0,2,4,8,20,27,59,69
17.0,Sat,2021-12-04,17:00,Marseille,Brest,1.5,1.3,1–2,54413.0,Antony Gautier,2021-2022,Dimitri Liénard,Benoît Costil,(5-3-2),(4-3-3),50%,50%,386 of 481 — 80%,80% — 392 of 487,5 of 18 — 28%,15% — 2 of 13,0 of 2 — 0%,20% — 1 of 5,2.0,0.0,3.0,0.0,14,13,5,2,20,19,582,591,15,14,7,11,21,11,14,16,0,1,9,9,20,21,72,86
17.0,Sat,2021-12-04,19:00,Lille,Troyes,1.4,0.3,2–1,28286.0,Benoît Bastien,2021-2022,Jimmy Giraudon,Laurent Abergel,(3-5-1-1),(3-5-2),56%,44%,427 of 555 — 77%,77% — 341 of 444,3 of 10 — 30%,33% — 3 of 9,3 of 3 — 100%,33% — 1 of 3,1.0,0.0,1.0,0.0,12,11,4,3,19,12,653,560,22,9,7,12,17,12,17,20,0,2,7,8,22,15,71,83
17.0,Sat,2021-12-04,21:00,Lens,Paris S-G,1.1,1.9,1–1,36685.0,François Letexier,2021-2022,Brendan Chardonnet,Mahdi Camara,(4-4-2),(4-2-3-1),36%,64%,297 of 394 — 75%,85% — 589 of 692,2 of 7 — 29%,23% — 3 of 13,3 of 3 — 100%,100% — 2 of 2,2.0,0.0,3.0,0.0,8,9,1,3,9,21,519,807,19,21,12,7,13,9,26,6,1,0,8,9,28,23,78,73
17.0,Sun,2021-12-05,13:00,Saint-Étienne,Rennes,0.5,2.6,0–5,11257.0,Thomas Léonard,2021-2022,Marquinhos,Dante,(4-3-3),(4-4-2),70%,30%,695 of 788 — 88%,74% — 246 of 333,5 of 22 — 23%,50% — 2 of 4,2 of 2 — 100%,100% — 5 of 5,1.0,0.0,3.0,0.0,5,13,6,5,19,14,888,450,11,21,8,18,15,7,6,28,4,1,3,12,28,9,45,55
17.0,Sun,2021-12-05,15:00,Lorient,Nantes,0.9,0.2,0–1,16025.0,Ruddy Buquet,2021-2022,Florent Ogier,Yannick Cahuzac,(4-2-3-1),(3-5-2),53%,47%,424 of 546 — 78%,79% — 376 of 476,7 of 19 — 37%,22% — 2 of 9,1 of 2 — 50%,71% — 5 of 7,4.0,1.0,5.0,0.0,7,13,5,3,21,10,643,594,10,13,14,21,11,13,12,24,3,0,6,12,28,15,58,72
17.0,Sun,2021-12-05,15:00,Reims,Angers,1.2,2.2,1–2,8238.0,Johan Hamel,2021-2022,Houssem Aouar,Yunis Abdelhamid,(4-2-3-1),(3-5-2),62%,38%,556 of 665 — 84%,72% — 292 of 406,6 of 14 — 43%,50% — 4 of 8,2 of 4 — 50%,83% — 5 of 6,3.0,0.0,2.0,0.0,14,17,3,4,12,13,778,516,15,13,13,8,15,9,16,20,0,3,5,6,21,22,65,66
17.0,Sun,2021-12-05,15:00,Montpellier,Clermont Foot,0.9,0.4,1–0,9643.0,Florent Batta,2021-2022,Alban Lafont,Dimitri Payet,(4-4-2),(3-2-4-1),30%,70%,279 of 349 — 80%,92% — 732 of 799,1 of 3 — 33%,33% — 5 of 15,4 of 5 — 80%,100% — 1 of 1,4.5,0.0,2.0,0.0,13,7,4,6,12,15,439,882,17,12,9,3,5,7,23,12,5,1,8,3,16,12,43,55
17.0,Sun,2021-12-05,15:00,Monaco,Metz,1.6,0.6,4–0,4923.0,Bastien Dechepy,2021-2022,Hamari Traoré,José Fonte,(4-4-2),(4-4-2),64%,36%,532 of 657 — 81%,70% — 254 of 363,2 of 10 — 20%,33% — 2 of 6,0 of 2 — 0%,50% — 1 of 2,2.0,0.0,1.0,0.0,12,12,3,1,34,6,756,496,13,19,9,15,13,18,8,36,1,2,4,9,23,21,89,66
17.0,Sun,2021-12-05,17:00,Nice,Strasbourg,1.3,2.6,0–3,16220.0,Jérémie Pignard,2021-2022,Dimitri Payet,Brendan Chardonnet,(3-2-4-1),(4-4-2),74%,26%,791 of 873 — 91%,76% — 240 of 314,4 of 16 — 25%,38% — 3 of 8,2 of 3 — 66%,75% — 3 of 4,1.0,0.0,2.0,0.0,10,7,5,0,20,4,984,436,17,21,7,17,5,6,8,14,1,2,4,8,21,16,40,44
17.0,Sun,2021-12-05,20:45,Bordeaux,Lyon,2.6,2.3,2–2,25210.0,Jérôme Brisard,2021-2022,José Fonte,Jimmy Giraudon,(4-4-2),(3-5-1-1),45%,55%,320 of 436 — 73%,76% — 409 of 538,4 of 13 — 31%,43% — 3 of 7,2 of 3 — 66%,75% — 3 of 4,3.0,0.0,4.0,0.0,11,9,8,6,24,23,560,652,15,19,15,13,23,10,25,20,2,0,7,12,16,26,62,79
18.0,Fri,2021-12-10,21:00,Nantes,Lens,1.4,1.0,3–2,21890.0,Stéphanie Frappart,2021-2022,Seko Fofana,Marquinhos,(3-4-3),(4-3-3),36%,64%,335 of 412 — 81%,88% — 650 of 735,7 of 18 — 39%,46% — 6 of 13,5 of 6 — 83%,85% — 6 of 7,2.0,0.0,2.0,0.0,12,9,8,5,17,7,505,826,6,16,9,11,8,5,16,12,1,2,6,10,13,12,46,48
18.0,Sat,2021-12-11,17:00,Brest,Montpellier,0.9,1.6,0–4,13111.0,Benoît Millot,2021-2022,Mahdi Camara,Benjamin Bourigeaud,(4-4-2),(4-3-3),44%,56%,319 of 413 — 77%,80% — 424 of 528,2 of 12 — 17%,56% — 10 of 18,6 of 10 — 60%,100% — 2 of 2,1.0,0.0,0.0,0.0,10,7,7,2,22,13,517,635,15,15,12,8,10,12,8,16,3,2,6,8,20,20,64,71
18.0,Sat,2021-12-11,21:00,Reims,Saint-Étienne,2.3,0.1,2–0,12019.0,Pierre Gaillouste,2021-2022,Laurent Abergel,Alban Lafont,(3-5-2),(4-4-2),53%,47%,447 of 557 — 80%,79% — 383 of 487,2 of 17 — 12%,20% — 1 of 5,0 of 1 — 0%,100% — 2 of 2,1.0,0.0,3.0,0.0,8,13,8,3,30,15,663,595,19,15,11,12,12,17,19,26,0,1,3,17,26,27,73,70
18.0,Sun,2021-12-12,13:00,Lille,Lyon,1.5,0.4,0–0,40248.0,Amaury Delerue,2021-2022,Yunis Abdelhamid,Ismaël Traoré,(3-4-1-2),(3-5-2),43%,57%,280 of 384 — 73%,82% — 409 of 501,1 of 4 — 25%,25% — 3 of 12,2 of 3 — 66%,100% — 1 of 1,5.5,0.0,3.0,0.0,8,13,7,4,18,18,475,606,11,10,14,10,8,15,13,18,1,2,7,3,25,23,66,57
18.0,Sun,2021-12-12,15:00,Metz,Lorient,1.1,1.4,4–1,14037.0,Eric Wattellier,2021-2022,Téji Savanier,Florent Ogier,(4-2-3-1),(4-2-3-1),48%,52%,407 of 511 — 80%,81% — 447 of 549,2 of 8 — 25%,30% — 3 of 10,3 of 3 — 100%,50% — 1 of 2,3.0,0.0,4.5,0.0,19,14,1,3,7,20,637,654,18,18,12,16,15,12,25,8,2,1,8,4,21,29,65,51
18.0,Sun,2021-12-12,15:00,Rennes,Nice,1.6,1.4,1–2,27892.0,Willy Delajod,2021-2022,Axel Disasi,Dylan Bronn,(4-2-3-1),(3-4-3),65%,35%,533 of 634 — 84%,73% — 248 of 341,4 of 7 — 57%,0% — 0 of 6,0 of 0 — %,25% — 1 of 4,1.0,0.0,2.0,0.0,13,13,5,4,17,15,731,448,21,18,10,16,19,11,11,15,4,1,7,6,24,13,64,59
18.0,Sun,2021-12-12,15:00,Angers,Clermont Foot,1.7,1.7,0–1,8149.0,Jeremy Stinat,2021-2022,Walter Benítez,Alexander Djiku,(4-4-2),(5-3-2),60%,40%,428 of 527 — 81%,75% — 265 of 355,5 of 12 — 42%,33% — 5 of 15,2 of 5 — 40%,100% — 5 of 5,3.0,0.0,3.0,0.0,9,14,9,4,24,9,616,456,7,13,9,8,20,16,11,24,2,3,9,6,12,16,63,68
18.0,Sun,2021-12-12,15:00,Troyes,Bordeaux,1.5,1.3,1–2,7950.0,Romain Lissorgue,2021-2022,Benoît Costil,Houssem Aouar,(4-4-2),(3-4-3),30%,70%,219 of 328 — 67%,86% — 646 of 752,5 of 12 — 42%,26% — 5 of 19,3 of 5 — 60%,80% — 4 of 5,0.0,0.0,0.0,0.0,11,9,3,8,14,18,463,870,22,14,18,12,18,19,21,13,3,2,9,9,22,26,64,60
18.0,Sun,2021-12-12,17:00,Strasbourg,Marseille,1.9,0.7,0–2,26028.0,Mikael Lesage,2021-2022,Alban Lafont,Yannick Cahuzac,(5-4-1),(3-4-3),41%,59%,313 of 411 — 76%,84% — 501 of 597,5 of 15 — 33%,50% — 2 of 4,0 of 2 — 0%,40% — 2 of 5,3.0,0.0,3.0,0.0,10,10,8,2,24,13,510,693,21,13,13,10,12,15,8,22,0,1,2,12,19,18,58,58
18.0,Sun,2021-12-12,20:45,Paris S-G,Monaco,1.6,0.7,2–0,41154.0,Benoît Bastien,2021-2022,Steve Mounié,Téji Savanier,(4-4-2),(4-2-3-1),44%,56%,361 of 459 — 79%,85% — 490 of 578,6 of 17 — 35%,44% — 4 of 9,0 of 4 — 0%,100% — 6 of 6,2.0,0.0,1.0,0.0,16,6,8,2,29,11,557,684,22,21,9,7,19,13,9,18,0,3,7,10,23,12,53,79
19.0,Wed,2021-12-22,21:00,Lorient,Paris S-G,1.6,1.8,1–1,16603.0,Jérémie Pignard,2021-2022,Wout Faes,Wahbi Khazri,(5-3-2),(4-3-3),53%,47%,360 of 455 — 79%,74% — 298 of 401,5 of 16 — 31%,0% — 0 of 4,0 of 0 — %,80% — 4 of 5,2.0,0.0,2.0,1.0,19,16,11,5,34,17,565,500,19,13,12,12,20,6,18,16,6,0,2,10,19,22,63,66
19.0,Wed,2021-12-22,21:00,Monaco,Rennes,1.8,1.4,2–1,5354.0,Ruddy Buquet,2021-2022,José Fonte,Houssem Aouar,(4-4-2),(3-4-1-2),50%,50%,394 of 508 — 78%,76% — 379 of 499,2 of 14 — 14%,15% — 2 of 13,2 of 2 — 100%,100% — 2 of 2,2.0,0.0,6.0,0.0,11,15,4,3,11,16,621,613,11,17,10,10,16,10,14,19,4,2,12,8,23,26,78,72
19.0,Wed,2021-12-22,21:00,Bordeaux,Lille,1.2,1.3,2–3,39967.0,Mikael Lesage,2021-2022,Dylan Bronn,Laurent Abergel,(4-3-3),(5-4-1),34%,66%,234 of 313 — 75%,82% — 509 of 621,3 of 4 — 75%,33% — 6 of 18,5 of 6 — 83%,0% — 0 of 3,2.0,0.0,2.0,0.0,11,8,3,8,9,33,453,715,20,20,20,10,11,16,35,9,2,0,10,0,22,40,48,51
19.0,Wed,2021-12-22,21:00,Troyes,Brest,1.2,0.6,1–1,6872.0,Johan Hamel,2021-2022,Hamari Traoré,Dante,(4-3-3),(4-4-2),66%,34%,551 of 659 — 84%,75% — 254 of 337,8 of 21 — 38%,29% — 2 of 7,1 of 2 — 50%,87% — 7 of 8,1.0,0.0,4.0,0.0,10,11,11,6,42,8,750,461,9,16,3,19,16,14,8,34,1,2,4,14,16,12,77,61
19.0,Wed,2021-12-22,21:00,Nice,Lens,0.9,1.0,2–1,22065.0,Jérôme Brisard,2021-2022,Ismaël Traoré,Florent Ogier,(5-3-2),(4-2-3-1),63%,37%,593 of 681 — 87%,74% — 296 of 399,3 of 13 — 23%,13% — 2 of 15,2 of 2 — 100%,100% — 3 of 3,1.0,0.0,2.0,0.0,8,13,8,3,19,18,797,514,9,23,8,7,10,11,7,25,0,2,7,6,21,20,60,68
19.0,Wed,2021-12-22,21:00,Marseille,Reims,1.4,0.8,1–1,55908.0,François Letexier,2021-2022,Jimmy Giraudon,Laurent Koscielny,(3-5-2),(4-2-3-1),65%,35%,465 of 580 — 80%,69% — 217 of 315,3 of 20 — 15%,57% — 4 of 7,3 of 4 — 75%,66% — 2 of 3,3.0,0.0,3.0,0.0,11,15,8,1,38,7,669,437,13,17,12,13,16,15,9,36,2,3,2,14,26,11,65,65
19.0,Wed,2021-12-22,21:00,Lyon,Metz,2.3,0.5,1–1,34867.0,Pierre Gaillouste,2021-2022,Alexander Djiku,Dimitri Payet,(5-3-2),(4-1-4-1),50%,50%,436 of 541 — 81%,83% — 447 of 538,3 of 11 — 27%,38% — 3 of 8,1 of 3 — 33%,100% — 3 of 3,2.0,0.0,1.0,0.0,10,12,8,3,23,7,621,633,12,14,7,9,13,9,9,25,2,1,3,7,24,9,70,74
19.0,Wed,2021-12-22,21:00,Saint-Étienne,Nantes,1.0,0.9,0–1,23681.0,Clément Turpin,2021-2022,Marquinhos,Wissam Ben Yedder,(4-3-3),(4-2-3-1),53%,47%,496 of 571 — 87%,82% — 424 of 515,1 of 8 — 13%,23% — 3 of 13,3 of 3 — 100%,0% — 0 of 1,3.0,0.0,4.0,0.0,8,15,1,6,3,13,677,609,13,26,16,14,8,3,11,4,4,3,8,8,11,11,56,54
19.0,Wed,2021-12-22,21:00,Montpellier,Angers,1.1,0.6,4–1,10990.0,Hugo Miguel,2021-2022,Laurent Abergel,Marquinhos,(4-4-2),(4-2-2-2),23%,77%,182 of 256 — 71%,89% — 748 of 844,5 of 17 — 29%,24% — 4 of 17,3 of 4 — 75%,80% — 4 of 5,1.0,0.0,4.5,0.0,6,8,6,8,14,32,381,937,18,18,12,2,10,12,27,10,2,2,11,8,11,23,52,63
20.0,Sat,2022-01-08,21:00,Lens,Rennes,0.8,0.5,1–0,5000.0,Benoît Bastien,2021-2022,Wissam Ben Yedder,Hamari Traoré,(4-2-3-1),(4-3-3),48%,52%,342 of 472 — 72%,76% — 386 of 506,2 of 10 — 20%,38% — 6 of 16,5 of 6 — 83%,50% — 1 of 2,2.0,0.0,1.0,0.0,11,9,7,5,32,17,569,633,7,11,12,10,18,26,16,18,3,0,7,7,22,15,99,70
20.0,Sun,2022-01-09,13:00,Brest,Nice,1.6,1.2,0–3,5102.0,Stéphanie Frappart,2021-2022,Laurent Koscielny,José Fonte,(4-2-3-1),(4-4-2),42%,58%,298 of 397 — 75%,80% — 433 of 538,3 of 12 — 25%,17% — 2 of 12,0 of 2 — 0%,33% — 1 of 3,1.0,0.0,3.0,0.0,11,7,5,6,20,12,509,654,15,19,18,15,2,8,11,21,1,3,12,7,32,17,75,43
20.0,Sun,2022-01-09,15:00,Metz,Strasbourg,0.3,2.6,0–2,5000.0,Antony Gautier,2021-2022,Jimmy Giraudon,Brendan Chardonnet,(5-3-2),(4-4-2),66%,34%,532 of 640 — 83%,72% — 241 of 334,4 of 15 — 27%,25% — 2 of 8,1 of 2 — 50%,75% — 3 of 4,4.5,0.0,2.0,0.0,16,10,9,0,28,5,726,452,12,17,8,10,20,24,1,35,3,0,6,9,16,17,66,77
20.0,Sun,2022-01-09,15:00,Clermont Foot,Reims,0.9,0.9,0–0,4923.0,Romain Lissorgue,2021-2022,Dante,Yannick Cahuzac,(4-4-2),(5-3-2),55%,45%,563 of 639 — 88%,85% — 450 of 529,3 of 9 — 33%,38% — 3 of 8,2 of 3 — 66%,33% — 1 of 3,0.0,0.0,2.0,0.0,7,9,5,4,21,11,728,619,12,17,12,18,7,5,14,16,1,4,5,12,20,11,60,44
20.0,Sun,2022-01-09,17:05,Nantes,Monaco,0.4,0.8,0–0,4133.0,Thomas Léonard,2021-2022,Dimitri Payet,Yunis Abdelhamid,(3-4-3),(3-4-3),73%,27%,673 of 770 — 87%,73% — 213 of 290,5 of 13 — 38%,29% — 2 of 7,1 of 2 — 50%,100% — 5 of 5,4.0,1.0,6.5,0.0,12,6,7,4,23,12,835,408,6,18,6,13,10,8,8,32,0,4,6,9,27,10,56,51
20.0,Sun,2022-01-09,20:45,Lyon,Paris S-G,1.0,1.0,1–1,4977.0,François Letexier,2021-2022,Moussa Dembélé,Dylan Bronn,(3-4-3),(3-4-3),75%,25%,664 of 773 — 86%,61% — 156 of 254,5 of 19 — 26%,33% — 2 of 6,1 of 2 — 50%,80% — 4 of 5,2.0,0.0,3.0,0.0,12,19,13,2,26,10,908,400,26,34,13,11,20,13,7,32,0,3,2,10,26,15,59,58
21.0,Fri,2022-01-14,21:00,Nice,Nantes,1.7,0.4,2–1,5000.0,Ruddy Buquet,2021-2022,Wahbi Khazri,Alban Lafont,(4-4-2),(4-1-4-1),49%,51%,389 of 514 — 76%,73% — 381 of 525,5 of 14 — 36%,38% — 3 of 8,2 of 3 — 66%,100% — 5 of 5,1.0,0.0,1.0,0.0,13,12,5,4,11,32,664,660,15,21,17,12,21,34,33,15,2,4,4,10,33,41,61,87
21.0,Sat,2022-01-15,17:00,Saint-Étienne,Lens,1.3,0.9,1–2,5000.0,François Letexier,2021-2022,Téji Savanier,Ismaël Traoré,(4-2-3-1),(3-5-2),46%,54%,344 of 440 — 78%,81% — 415 of 510,6 of 9 — 67%,46% — 6 of 13,5 of 6 — 83%,33% — 2 of 6,1.0,0.0,1.0,0.0,13,13,1,6,8,26,553,613,26,15,15,10,9,11,23,9,0,3,9,4,21,27,79,56
21.0,Sat,2022-01-15,21:00,Paris S-G,Brest,2.0,1.0,2–0,4925.0,Mikael Lesage,2021-2022,Benoît Costil,Dimitri Payet,(4-4-2),(4-3-3),34%,66%,270 of 355 — 76%,87% — 584 of 674,2 of 6 — 33%,33% — 6 of 18,5 of 6 — 83%,100% — 2 of 2,1.0,0.0,1.0,0.0,13,7,3,9,8,14,452,766,17,20,12,8,10,10,11,10,3,2,14,4,9,19,60,59
21.0,Sun,2022-01-16,13:00,Rennes,Bordeaux,3.1,0.3,6–0,4951.0,Bastien Dechepy,2021-2022,Seko Fofana,Benjamin Bourigeaud,(3-4-3),(4-3-3),57%,43%,558 of 671 — 83%,81% — 401 of 497,4 of 11 — 36%,0% — 0 of 5,0 of 0 — %,75% — 3 of 4,1.0,0.0,1.0,0.0,5,6,12,1,22,11,757,619,9,9,14,17,12,12,14,24,1,3,11,5,21,28,66,54
21.0,Sun,2022-01-16,15:00,Reims,Metz,0.6,0.8,0–1,3923.0,Jérémie Pignard,2021-2022,Brendan Chardonnet,Dante,(4-4-2),(4-4-2),63%,37%,502 of 619 — 81%,77% — 283 of 366,9 of 26 — 35%,44% — 4 of 9,1 of 4 — 25%,100% — 9 of 9,0.0,0.0,3.0,1.0,5,11,14,3,60,4,727,503,22,7,6,9,14,16,6,37,2,1,7,13,30,13,85,54
21.0,Sun,2022-01-16,15:00,Monaco,Clermont Foot,3.6,0.4,4–0,2633.0,Jeremy Stinat,2021-2022,Nicolas de Préville,Dimitri Liénard,(5-3-2),(5-3-2),41%,59%,329 of 431 — 76%,81% — 499 of 613,1 of 8 — 13%,37% — 7 of 19,5 of 7 — 71%,100% — 1 of 1,1.0,0.0,1.0,0.0,11,6,4,3,17,22,538,720,11,11,11,8,14,17,19,16,3,1,14,7,24,21,81,74
21.0,Sun,2022-01-16,15:00,Strasbourg,Montpellier,1.6,0.6,3–1,5217.0,Pierre Gaillouste,2021-2022,Florent Ogier,Yunis Abdelhamid,(4-2-3-1),(3-4-3),55%,45%,377 of 473 — 80%,77% — 303 of 391,7 of 12 — 58%,29% — 2 of 7,2 of 2 — 100%,100% — 7 of 7,1.0,1.0,3.0,0.0,13,24,6,2,22,20,562,510,10,18,5,16,9,11,10,16,2,4,9,4,20,11,78,62
21.0,Sun,2022-01-16,15:00,Lorient,Angers,0.5,0.4,0–0,4387.0,Johan Hamel,2021-2022,Alban Lafont,Aurélien Tchouaméni,(5-3-2),(4-2-3-1),32%,68%,252 of 366 — 69%,84% — 665 of 795,4 of 8 — 50%,11% — 1 of 9,1 of 1 — 100%,100% — 4 of 4,1.0,0.0,2.0,0.0,17,12,5,2,15,17,488,890,19,12,26,6,6,14,23,11,2,5,8,5,11,19,66,55
21.0,Sun,2022-01-16,17:05,Troyes,Lyon,0.4,2.8,0–1,4224.0,Jérôme Brisard,2021-2022,Leo Dubois,Marquinhos,(3-4-3),(4-3-3),32%,68%,277 of 344 — 81%,90% — 666 of 744,4 of 11 — 36%,20% — 3 of 15,2 of 3 — 66%,75% — 3 of 4,2.0,0.0,2.0,0.0,18,13,2,7,5,19,464,847,22,18,10,5,9,8,22,4,0,2,12,6,12,22,45,39
21.0,Sun,2022-01-16,20:45,Marseille,Lille,1.7,0.7,1–1,5034.0,Amaury Delerue,2021-2022,Dante,Alban Lafont,(4-4-2),(5-4-1),54%,46%,486 of 582 — 84%,81% — 397 of 489,4 of 12 — 33%,27% — 3 of 11,2 of 3 — 66%,75% — 3 of 4,2.0,0.0,1.0,0.0,8,17,3,5,11,27,677,589,11,24,8,8,11,16,19,16,0,1,7,2,20,20,50,75
19.0,Wed,2022-01-19,19:00,Clermont Foot,Strasbourg,0.6,1.5,0–2,4219.0,Bastien Dechepy,2021-2022,Timothée Kolodziejczak,Seko Fofana,(5-4-1),(3-4-3),40%,60%,312 of 440 — 71%,82% — 528 of 647,4 of 12 — 33%,27% — 4 of 15,2 of 4 — 50%,75% — 3 of 4,1.0,0.0,1.0,0.0,9,13,6,6,19,16,566,765,12,19,24,7,8,29,18,9,1,5,7,8,24,20,75,62
20.0,Wed,2022-01-19,19:00,Montpellier,Troyes,0.9,0.8,0–1,4943.0,Jeremy Stinat,2021-2022,Marquinhos,Brendan Chardonnet,(4-3-3),(4-4-2),68%,32%,736 of 812 — 91%,78% — 296 of 380,8 of 20 — 40%,50% — 3 of 6,3 of 3 — 100%,75% — 6 of 8,5.0,0.0,3.0,0.0,10,8,9,6,17,21,919,502,9,24,10,11,9,5,15,26,4,0,3,7,12,14,42,52
20.0,Wed,2022-01-19,19:00,Lille,Lorient,1.7,1.1,3–1,4834.0,Florent Batta,2021-2022,Benjamin Bourigeaud,Benoît Costil,(4-4-2),(4-4-2),57%,43%,443 of 550 — 81%,74% — 303 of 411,9 of 19 — 47%,20% — 1 of 5,1 of 1 — 100%,33% — 3 of 9,1.0,0.0,6.5,0.0,10,9,9,1,22,12,660,524,15,7,10,19,16,9,17,17,3,1,4,12,17,28,60,72
22.0,Fri,2022-01-21,21:00,Lyon,Saint-Étienne,1.8,0.3,1–0,5000.0,Antony Gautier,2021-2022,Yunis Abdelhamid,Vincent Pajot,(3-4-3),(5-3-2),58%,42%,403 of 537 — 75%,71% — 274 of 386,2 of 14 — 14%,29% — 5 of 17,4 of 5 — 80%,100% — 2 of 2,4.0,0.0,4.0,0.0,14,16,11,4,26,21,670,537,11,15,15,20,14,18,23,35,4,0,9,7,29,15,69,63
22.0,Sat,2022-01-22,17:00,Brest,Lille,1.2,1.2,2–0,4358.0,Jérôme Brisard,2021-2022,Axel Disasi,Florent Ogier,(3-2-4-1),(4-2-3-1),53%,47%,426 of 524 — 81%,77% — 363 of 471,9 of 19 — 47%,17% — 1 of 6,1 of 1 — 100%,66% — 6 of 9,0.0,0.0,1.0,0.0,9,10,6,1,18,9,659,586,23,17,18,17,23,15,18,11,4,0,5,10,18,28,47,65
22.0,Sat,2022-01-22,21:00,Lens,Marseille,0.8,1.3,0–2,5000.0,Stéphanie Frappart,2021-2022,Dimitri Liénard,Téji Savanier,(3-5-2),(4-2-3-1),56%,44%,456 of 559 — 82%,79% — 347 of 442,8 of 19 — 42%,56% — 5 of 9,4 of 5 — 80%,62% — 5 of 8,2.0,0.0,2.0,0.0,18,9,7,3,29,9,654,552,15,9,10,10,21,14,11,19,0,1,4,11,18,22,65,69
22.0,Sun,2022-01-23,13:00,Metz,Nice,0.4,1.9,0–2,5000.0,Amaury Delerue,2021-2022,Laurent Abergel,Ismaël Traoré,(5-3-2),(3-5-2),54%,46%,459 of 561 — 82%,79% — 380 of 478,4 of 14 — 29%,0% — 0 of 5,0 of 0 — %,100% — 4 of 4,3.0,0.0,1.0,1.0,12,9,6,1,22,6,694,593,31,17,8,13,20,11,18,22,2,1,4,11,23,26,65,63
22.0,Sun,2022-01-23,15:00,Angers,Troyes,2.4,1.7,2–1,5000.0,Romain Lissorgue,2021-2022,Adil Rami,Leo Dubois,(3-5-1-1),(3-4-3),38%,62%,375 of 479 — 78%,87% — 677 of 777,1 of 6 — 17%,39% — 7 of 18,7 of 7 — 100%,100% — 1 of 1,2.0,0.0,1.0,0.0,9,12,4,7,10,24,590,869,17,9,19,11,9,9,27,9,4,2,5,4,15,18,67,45
22.0,Sun,2022-01-23,15:00,Clermont Foot,Rennes,1.1,1.7,2–1,4535.0,Thomas Léonard,2021-2022,Dimitri Payet,José Fonte,(4-3-3),(4-4-2),77%,23%,653 of 766 — 85%,69% — 161 of 235,6 of 22 — 27%,80% — 4 of 5,3 of 4 — 75%,83% — 5 of 6,1.0,0.0,6.5,0.0,10,12,15,2,46,4,845,360,18,12,7,7,11,8,5,44,1,6,0,9,25,15,55,49
22.0,Sun,2022-01-23,15:00,Bordeaux,Strasbourg,1.9,1.9,4–3,3308.0,Mikael Lesage,2021-2022,Florent Ogier,Adrien Thomasson,(4-3-3),(3-5-2),55%,45%,469 of 576 — 81%,78% — 364 of 465,1 of 7 — 14%,33% — 5 of 15,4 of 5 — 80%,100% — 1 of 1,2.0,0.0,0.0,0.0,8,13,6,4,18,17,682,577,14,17,10,26,10,16,17,14,1,1,6,10,19,19,60,65
22.0,Sun,2022-01-23,15:00,Nantes,Lorient,0.9,2.1,4–2,4275.0,Pierre Gaillouste,2021-2022,Téji Savanier,Adil Rami,(4-2-3-1),(4-4-2),52%,48%,428 of 520 — 82%,81% — 387 of 480,2 of 11 — 18%,38% — 5 of 13,4 of 5 — 80%,100% — 2 of 2,5.0,1.0,1.0,0.0,12,10,5,4,12,12,626,593,14,19,5,14,12,10,14,18,1,0,10,9,26,25,78,58
22.0,Sun,2022-01-23,17:05,Montpellier,Monaco,1.7,1.2,3–2,5000.0,Jérémie Pignard,2021-2022,José Fonte,Laurent Abergel,(4-4-2),(4-4-2),55%,45%,564 of 647 — 87%,84% — 442 of 526,5 of 13 — 38%,28% — 5 of 18,4 of 5 — 80%,60% — 3 of 5,0.0,0.0,0.0,0.0,8,11,4,2,16,12,738,630,10,13,10,7,9,8,7,12,0,3,6,7,16,10,69,59
22.0,Sun,2022-01-23,20:45,Paris S-G,Reims,2.3,0.5,4–0,5000.0,Eric Wattellier,2021-2022,Leo Dubois,Timothée Kolodziejczak,(3-4-3),(5-4-1),59%,41%,470 of 585 — 80%,70% — 283 of 405,3 of 10 — 30%,25% — 1 of 4,1 of 1 — 100%,100% — 3 of 3,1.0,0.0,4.0,0.0,15,17,2,2,5,16,724,561,23,38,10,22,26,9,21,10,2,0,3,7,36,24,78,57
23.0,Fri,2022-02-04,21:00,Marseille,Angers,2.6,0.4,5–2,60000.0,Jeremy Stinat,2021-2022,Brendan Chardonnet,José Fonte,(4-4-2),(4-4-2),38%,62%,293 of 393 — 75%,84% — 544 of 645,2 of 8 — 25%,29% — 5 of 17,5 of 5 — 100%,100% — 2 of 2,2.0,0.0,3.0,0.0,7,10,5,10,14,29,522,759,19,12,17,15,16,18,26,14,2,2,16,6,16,22,84,53
23.0,Sat,2022-02-05,17:00,Saint-Étienne,Montpellier,2.0,0.6,3–1,20000.0,Thomas Léonard,2021-2022,Seko Fofana,Dimitri Payet,(3-4-3),(4-1-4-1),48%,52%,471 of 566 — 83%,86% — 538 of 622,3 of 9 — 33%,67% — 6 of 9,5 of 6 — 83%,100% — 3 of 3,3.0,0.0,2.0,0.0,7,6,8,5,24,10,652,717,9,11,7,13,9,7,18,14,4,2,6,4,14,8,46,50
23.0,Sat,2022-02-05,21:00,Monaco,Lyon,2.3,1.3,2–0,6550.0,Ruddy Buquet,2021-2022,Vincent Pajot,Dante,(3-4-1-2),(4-4-2),53%,47%,476 of 584 — 82%,83% — 428 of 513,1 of 8 — 13%,83% — 5 of 6,4 of 5 — 80%,100% — 1 of 1,3.0,0.0,1.0,0.0,14,6,3,4,14,12,685,635,26,21,3,20,10,3,8,10,1,2,3,7,29,19,76,50
23.0,Sun,2022-02-06,13:00,Lorient,Lens,1.5,0.4,2–0,10687.0,Romain Lissorgue,2021-2022,Ismaël Traoré,Florian Tardieu,(3-5-2),(4-5-1),44%,56%,337 of 433 — 78%,79% — 442 of 560,1 of 8 — 13%,55% — 6 of 11,5 of 6 — 83%,100% — 1 of 1,1.0,0.0,3.0,0.0,16,21,3,3,6,21,553,665,16,24,12,8,7,15,8,7,2,1,5,2,16,17,59,70
23.0,Sun,2022-02-06,15:00,Reims,Bordeaux,2.0,0.1,5–0,8858.0,Antony Gautier,2021-2022,Johan Gastien,Benjamin Bourigeaud,(4-3-3),(4-4-2),48%,52%,300 of 440 — 68%,74% — 356 of 482,4 of 12 — 33%,31% — 4 of 13,3 of 4 — 75%,50% — 2 of 4,2.0,0.0,3.0,0.0,9,17,4,6,21,15,548,607,14,23,7,15,25,18,13,23,1,2,5,6,39,26,76,82
23.0,Sun,2022-02-06,15:00,Nice,Clermont Foot,1.0,1.5,0–1,18022.0,Jérôme Brisard,2021-2022,Yacine Adli,Dimitri Liénard,(4-2-3-1),(3-5-2),35%,65%,202 of 316 — 64%,78% — 451 of 579,6 of 13 — 46%,33% — 6 of 18,3 of 6 — 50%,33% — 2 of 6,5.0,0.0,2.0,0.0,11,11,1,3,9,34,445,685,9,18,15,13,12,31,39,12,1,2,15,5,24,20,81,61
23.0,Sun,2022-02-06,15:00,Troyes,Metz,0.6,0.5,0–0,7227.0,Pierre Gaillouste,2021-2022,Alban Lafont,Laurent Abergel,(5-3-2),(4-1-4-1),54%,46%,411 of 525 — 78%,76% — 348 of 456,8 of 12 — 67%,40% — 6 of 15,4 of 6 — 66%,50% — 4 of 8,3.0,0.0,0.0,0.0,12,10,7,6,26,17,656,599,23,23,9,10,16,16,17,35,0,1,6,7,32,31,83,55
23.0,Sun,2022-02-06,15:00,Strasbourg,Nantes,1.4,0.4,1–0,22240.0,Amaury Delerue,2021-2022,Jordan Ferri,Wissam Ben Yedder,(4-4-2),(4-1-4-1),39%,61%,283 of 382 — 74%,81% — 484 of 597,7 of 15 — 47%,39% — 7 of 18,5 of 7 — 71%,57% — 4 of 7,2.0,0.0,2.0,0.0,10,10,5,10,16,33,531,727,17,26,13,6,15,19,42,15,1,0,7,8,18,24,64,66
23.0,Sun,2022-02-06,17:00,Rennes,Brest,2.1,0.4,2–0,25409.0,Johan Hamel,2021-2022,Marquinhos,Yunis Abdelhamid,(4-3-3),(5-4-1),68%,32%,772 of 865 — 89%,83% — 343 of 413,8 of 22 — 36%,43% — 3 of 7,3 of 3 — 100%,50% — 4 of 8,0.0,0.0,1.0,0.0,6,10,14,0,16,10,977,542,18,17,10,17,5,8,8,16,1,1,4,11,15,14,65,41
23.0,Sun,2022-02-06,20:45,Lille,Paris S-G,1.0,3.9,1–5,48437.0,François Letexier,2021-2022,Ismaël Traoré,Timothée Kolodziejczak,(3-5-2),(3-4-3),53%,47%,459 of 597 — 77%,77% — 403 of 523,3 of 7 — 43%,63% — 5 of 8,5 of 5 — 100%,100% — 3 of 3,1.0,0.0,1.0,0.0,7,13,3,1,13,5,700,654,15,15,15,18,15,23,8,19,1,2,5,8,37,26,96,79
24.0,Fri,2022-02-11,21:00,Paris S-G,Rennes,0.9,0.8,1–0,47000.0,Benoît Bastien,2021-2022,Leo Dubois,Dimitri Payet,(3-4-3),(4-3-3),55%,45%,566 of 654 — 87%,84% — 455 of 541,4 of 12 — 33%,11% — 1 of 9,0 of 1 — 0%,50% — 2 of 4,0.0,0.0,0.0,0.0,8,8,4,6,13,11,756,641,21,19,7,9,9,5,13,14,3,2,5,8,19,13,52,60
24.0,Sat,2022-02-12,17:00,Montpellier,Lille,1.0,1.3,0–1,11784.0,Stéphanie Frappart,2021-2022,Dimitri Payet,Ismaël Traoré,(4-1-2-1-2),(3-5-2),60%,40%,540 of 627 — 86%,83% — 349 of 423,8 of 18 — 44%,50% — 2 of 4,0 of 2 — 0%,37% — 3 of 8,0.0,0.0,3.0,0.0,13,13,6,2,19,5,703,514,13,12,9,13,6,10,3,12,5,6,4,15,18,10,58,48
24.0,Sat,2022-02-12,21:00,Lyon,Nice,2.4,0.1,2–0,41974.0,Benoît Millot,2021-2022,Wahbi Khazri,Jordan Ferri,(3-4-3),(4-4-2),60%,40%,517 of 629 — 82%,78% — 321 of 412,8 of 27 — 30%,67% — 2 of 3,1 of 2 — 50%,62% — 5 of 8,1.0,0.0,0.0,0.0,11,4,11,0,44,2,730,544,11,14,6,6,13,12,7,40,1,1,2,17,23,17,54,60
24.0,Sun,2022-02-13,13:00,Monaco,Lorient,1.2,0.1,0–0,3963.0,Bastien Dechepy,2021-2022,Wissam Ben Yedder,Leo Dubois,(4-1-4-1),(3-4-3),37%,63%,281 of 393 — 72%,84% — 564 of 673,6 of 10 — 60%,21% — 4 of 19,4 of 4 — 100%,66% — 4 of 6,1.0,0.0,2.0,0.0,17,14,3,4,15,18,527,796,24,14,14,12,19,18,16,12,3,0,7,5,18,17,61,62
24.0,Sun,2022-02-13,15:00,Clermont Foot,Saint-Étienne,0.9,0.7,1–2,12131.0,Ruddy Buquet,2021-2022,Vincent Le Goff,Seko Fofana,(4-1-4-1),(3-4-3),36%,64%,260 of 367 — 71%,83% — 542 of 652,3 of 8 — 38%,0% — 0 of 8,0 of 0 — %,33% — 1 of 3,0.0,0.0,3.0,1.0,14,11,1,4,8,20,491,774,30,22,19,14,6,12,20,14,3,1,10,4,21,28,77,52
24.0,Sun,2022-02-13,15:00,Angers,Strasbourg,0.5,0.3,0–1,6521.0,Pierre Gaillouste,2021-2022,Yunis Abdelhamid,Yacine Adli,(4-4-2),(4-2-3-1),49%,51%,391 of 494 — 79%,82% — 416 of 506,6 of 15 — 40%,0% — 0 of 6,0 of 0 — %,16% — 1 of 6,0.0,0.0,1.0,1.0,5,12,7,4,21,16,586,618,12,21,6,5,6,7,15,17,4,1,5,11,27,22,57,52
24.0,Sun,2022-02-13,15:00,Nantes,Reims,0.5,0.4,1–0,14304.0,Johan Hamel,2021-2022,Dante,Johan Gastien,(4-4-2),(4-3-3),55%,45%,459 of 573 — 80%,79% — 375 of 474,3 of 7 — 43%,36% — 5 of 14,4 of 5 — 80%,100% — 3 of 3,1.0,0.0,1.0,0.0,10,9,5,3,21,21,670,600,20,16,15,14,20,15,11,23,2,1,7,8,26,25,55,63
24.0,Sun,2022-02-13,15:00,Brest,Troyes,2.7,0.5,5–1,10600.0,Florent Batta,2021-2022,Adil Rami,Vincent Pajot,(4-4-1-1),(5-4-1),47%,53%,402 of 499 — 81%,83% — 461 of 555,2 of 9 — 22%,0% — 0 of 6,0 of 0 — %,100% — 2 of 2,1.0,0.0,2.0,0.0,8,14,6,7,21,21,584,645,9,15,9,9,8,6,21,22,1,1,9,4,25,18,62,78
24.0,Sun,2022-02-13,17:05,Lens,Bordeaux,2.1,0.9,3–2,32662.0,François Letexier,2021-2022,Dimitri Liénard,Alban Lafont,(3-5-2),(5-3-2),51%,49%,391 of 536 — 73%,75% — 388 of 519,2 of 13 — 15%,20% — 2 of 10,2 of 2 — 100%,50% — 1 of 2,3.0,0.0,3.0,0.0,7,8,7,9,27,27,646,647,23,14,4,7,32,19,23,32,0,1,6,12,30,29,91,88
24.0,Sun,2022-02-13,20:45,Metz,Marseille,0.9,1.2,1–2,25482.0,Eric Wattellier,2021-2022,Hamari Traoré,Brendan Chardonnet,(4-3-3),(4-4-2),60%,40%,493 of 594 — 83%,76% — 304 of 399,8 of 19 — 42%,20% — 1 of 5,1 of 1 — 100%,75% — 6 of 8,3.0,0.0,1.0,0.0,11,8,6,1,16,13,703,503,17,17,9,15,24,15,13,21,1,2,6,9,20,27,51,75
25.0,Fri,2022-02-18,21:00,Lille,Metz,1.1,0.4,0–0,30384.0,Bastien Dechepy,2021-2022,José Fonte,Marquinhos,(4-4-2),(4-3-3),41%,59%,391 of 454 — 86%,90% — 587 of 650,5 of 10 — 50%,39% — 7 of 18,2 of 7 — 28%,80% — 4 of 5,2.0,0.0,1.0,0.0,19,9,4,3,9,5,545,751,18,17,13,6,3,3,14,7,3,0,10,4,14,15,39,41
25.0,Sat,2022-02-19,17:00,Lens,Lyon,1.2,1.4,1–1,36624.0,Jérôme Brisard,2021-2022,Marquinhos,Hamari Traoré,(4-3-3),(4-3-3),63%,37%,664 of 737 — 90%,81% — 345 of 424,1 of 12 — 8%,8% — 1 of 13,1 of 1 — 100%,0% — 0 of 1,2.0,0.0,1.0,0.0,13,10,5,3,15,11,818,526,7,22,7,6,10,7,7,17,3,3,7,8,14,13,46,54
25.0,Sat,2022-02-19,21:00,Nantes,Paris S-G,2.4,3.4,3–1,35500.0,Mikael Lesage,2021-2022,Téji Savanier,José Fonte,(4-2-3-1),(4-4-2),56%,44%,407 of 511 — 80%,75% — 297 of 395,5 of 16 — 31%,44% — 7 of 16,6 of 7 — 85%,100% — 5 of 5,3.0,0.0,4.0,0.0,13,15,6,4,20,18,608,520,9,18,5,4,14,24,16,29,2,0,8,7,29,23,76,60
25.0,Sun,2022-02-20,13:00,Nice,Angers,0.8,0.8,1–0,18257.0,Romain Lissorgue,2021-2022,Leo Dubois,Dante,(4-2-3-1),(4-4-2),60%,40%,635 of 734 — 87%,80% — 396 of 496,6 of 11 — 55%,100% — 1 of 1,1 of 1 — 100%,83% — 5 of 6,0.0,0.0,1.0,0.0,11,9,4,1,17,7,854,607,20,17,20,15,9,5,7,14,3,0,2,7,15,23,55,50
25.0,Sun,2022-02-20,15:00,Lorient,Montpellier,0.8,0.4,0–1,10135.0,Jeremy Stinat,2021-2022,Wissam Ben Yedder,Vincent Le Goff,(4-1-4-1),(4-1-4-1),64%,36%,449 of 591 — 76%,65% — 211 of 326,4 of 15 — 27%,20% — 1 of 5,1 of 1 — 100%,100% — 4 of 4,3.0,0.0,2.0,0.0,18,11,11,2,37,5,693,460,16,15,16,7,25,13,3,45,2,0,6,17,31,26,62,80
25.0,Sun,2022-02-20,15:00,Reims,Brest,0.7,1.7,1–1,9307.0,Hakim Ben El Hadj Salem,2021-2022,Johan Gastien,Wahbi Khazri,(4-3-3),(3-4-1-2),47%,53%,320 of 459 — 70%,74% — 385 of 523,3 of 9 — 33%,50% — 3 of 6,1 of 3 — 33%,66% — 2 of 3,4.0,0.0,1.0,0.0,16,10,6,3,16,12,581,646,14,21,16,17,15,10,9,10,1,1,9,12,29,26,71,75
25.0,Sun,2022-02-20,15:00,Saint-Étienne,Strasbourg,1.1,0.8,2–2,24897.0,Antony Gautier,2021-2022,Ismaël Traoré,Dimitri Liénard,(3-5-2),(3-5-2),64%,36%,583 of 682 — 85%,69% — 269 of 390,2 of 9 — 22%,25% — 2 of 8,1 of 2 — 50%,100% — 2 of 2,3.0,0.0,1.0,0.0,20,11,5,3,21,10,810,519,15,33,13,14,16,13,15,17,1,6,8,9,26,18,65,90
25.0,Sun,2022-02-20,15:00,Rennes,Troyes,2.8,0.6,4–1,22967.0,Clément Turpin,2021-2022,Alban Lafont,Yunis Abdelhamid,(3-4-3),(4-4-1-1),59%,41%,530 of 633 — 84%,77% — 333 of 431,3 of 11 — 27%,43% — 3 of 7,3 of 3 — 100%,66% — 2 of 3,1.0,0.0,0.0,1.0,17,8,5,5,28,9,724,537,15,16,8,9,15,10,12,20,1,1,7,8,17,27,67,70
25.0,Sun,2022-02-20,17:05,Bordeaux,Monaco,0.5,1.8,1–1,29557.0,Jérémie Pignard,2021-2022,Brendan Chardonnet,Adil Rami,(4-2-3-1),(4-4-2),58%,42%,462 of 566 — 82%,74% — 308 of 414,5 of 12 — 42%,40% — 2 of 5,1 of 2 — 50%,0% — 0 of 5,1.0,0.0,1.0,0.0,13,11,1,5,13,26,671,520,17,16,14,11,8,4,17,11,0,4,6,11,32,27,68,52
25.0,Sun,2022-02-20,20:45,Marseille,Clermont Foot,1.2,0.8,0–2,53840.0,Willy Delajod,2021-2022,Seko Fofana,Remi Oudin,(3-4-1-2),(4-4-2),44%,56%,360 of 464 — 78%,82% — 488 of 595,6 of 8 — 75%,40% — 4 of 10,2 of 4 — 50%,66% — 4 of 6,3.0,0.0,2.0,0.0,9,7,6,2,18,15,576,710,14,21,11,13,9,12,22,25,0,0,8,4,28,24,60,83
26.0,Fri,2022-02-25,21:00,Montpellier,Rennes,1.2,1.9,2–4,10000.0,Amaury Delerue,2021-2022,Dylan Bronn,Dimitri Payet,(5-4-1),(4-3-3),45%,55%,351 of 431 — 81%,82% — 428 of 520,4 of 11 — 36%,38% — 5 of 13,3 of 5 — 60%,75% — 3 of 4,2.0,0.0,2.0,0.0,11,6,3,8,7,16,539,610,13,15,12,8,10,13,22,14,1,0,6,8,18,22,58,56
26.0,Sat,2022-02-26,17:00,Strasbourg,Nice,0.8,0.2,0–0,25150.0,Stéphanie Frappart,2021-2022,José Fonte,Dylan Bronn,(4-4-2),(5-4-1),63%,37%,508 of 620 — 82%,69% — 250 of 361,1 of 13 — 8%,0% — 0 of 7,0 of 0 — %,100% — 1 of 1,5.5,0.0,4.0,0.0,10,13,10,1,21,13,712,471,10,26,9,13,11,15,10,22,1,1,5,15,25,20,59,67
26.0,Sat,2022-02-26,21:00,Paris S-G,Saint-Étienne,2.1,0.8,3–1,45000.0,Pierre Gaillouste,2021-2022,Seko Fofana,Leo Dubois,(3-5-1-1),(4-2-3-1),37%,63%,296 of 399 — 74%,83% — 554 of 668,6 of 13 — 46%,20% — 2 of 10,1 of 2 — 50%,83% — 5 of 6,0.0,0.0,2.0,0.0,8,10,4,4,20,11,522,774,14,7,18,8,10,7,16,13,4,2,6,7,15,29,55,55
26.0,Sun,2022-02-27,13:00,Monaco,Reims,1.2,1.4,1–2,3982.0,Benoît Millot,2021-2022,Alban Lafont,Marquinhos,(5-3-2),(4-3-3),28%,72%,223 of 293 — 76%,90% — 664 of 740,6 of 12 — 50%,53% — 8 of 15,7 of 8 — 87%,66% — 4 of 6,2.0,0.0,6.0,0.0,16,10,5,7,12,10,417,836,25,14,15,7,6,11,25,12,1,1,6,7,10,16,65,25
26.0,Sun,2022-02-27,15:00,Brest,Lorient,0.2,2.5,0–1,14050.0,Benoît Bastien,2021-2022,Dante,Ismaël Traoré,(4-4-2),(5-4-1),58%,42%,493 of 590 — 84%,80% — 345 of 429,5 of 9 — 56%,18% — 2 of 11,2 of 2 — 100%,80% — 4 of 5,2.0,0.0,2.0,0.0,11,17,4,5,25,11,684,539,14,19,7,10,7,6,9,15,4,1,8,8,34,17,48,46
26.0,Sun,2022-02-27,15:00,Metz,Nantes,0.5,0.6,0–0,15851.0,Florent Batta,2021-2022,Laurent Abergel,Téji Savanier,(4-1-4-1),(4-2-3-1),48%,52%,389 of 495 — 79%,81% — 429 of 527,3 of 16 — 19%,83% — 5 of 6,4 of 5 — 80%,100% — 3 of 3,2.0,0.0,2.0,0.0,15,9,8,5,31,18,583,629,9,11,8,8,19,15,16,12,1,2,4,12,36,18,67,59
26.0,Sun,2022-02-27,15:00,Clermont Foot,Bordeaux,0.7,0.8,1–1,12032.0,Eric Wattellier,2021-2022,Wout Faes,Jean-Kevin Duverne,(4-2-3-1),(4-2-3-1),44%,56%,273 of 364 — 75%,79% — 359 of 457,2 of 8 — 25%,14% — 2 of 14,1 of 2 — 50%,50% — 1 of 2,1.0,0.0,2.0,0.0,10,17,1,6,10,20,484,561,24,9,13,7,11,17,19,8,6,0,7,8,22,24,59,62
26.0,Sun,2022-02-27,15:00,Angers,Lens,0.6,0.6,1–2,9499.0,Thomas Léonard,2021-2022,Wahbi Khazri,Alexander Djiku,(3-4-1-2),(3-5-2),51%,49%,361 of 477 — 76%,75% — 348 of 466,4 of 9 — 44%,50% — 4 of 8,2 of 4 — 50%,50% — 2 of 4,3.0,0.0,2.0,0.0,12,6,3,4,11,16,577,566,8,18,11,8,20,16,20,12,0,4,7,3,23,29,76,75
26.0,Sun,2022-02-27,17:05,Troyes,Marseille,1.5,1.2,1–1,16871.0,François Letexier,2021-2022,Hamari Traoré,Adil Rami,(4-4-2),(5-3-2),63%,37%,518 of 594 — 87%,74% — 261 of 355,7 of 16 — 44%,25% — 1 of 4,0 of 1 — 0%,57% — 4 of 7,1.0,0.0,4.0,0.0,11,16,6,7,15,24,692,458,10,16,10,10,7,6,20,14,3,1,4,9,20,19,63,49
26.0,Sun,2022-02-27,20:45,Lyon,Lille,1.4,0.7,0–1,42647.0,Clément Turpin,2021-2022,Josuha Guilavogui,Wissam Ben Yedder,(5-4-1),(4-1-4-1),46%,54%,346 of 447 — 77%,79% — 409 of 517,3 of 11 — 27%,31% — 4 of 13,4 of 4 — 100%,66% — 2 of 3,3.0,0.0,5.5,0.0,13,13,2,7,17,24,580,618,29,12,17,7,16,7,32,9,2,1,11,11,9,24,72,66
27.0,Fri,2022-03-04,21:00,Lorient,Lyon,1.5,2.1,1–4,13497.0,Romain Lissorgue,2021-2022,Dimitri Payet,Johan Gastien,(4-3-3),(4-3-3),64%,36%,694 of 782 — 89%,84% — 363 of 433,4 of 18 — 22%,75% — 3 of 4,1 of 3 — 33%,100% — 4 of 4,2.0,0.0,2.0,0.0,11,9,8,3,26,10,871,543,13,22,7,18,8,7,2,25,0,4,2,12,14,10,58,60
27.0,Sat,2022-03-05,17:00,Lens,Brest,2.0,0.5,0–1,36305.0,Johan Hamel,2021-2022,Téji Savanier,Hamari Traoré,(4-2-3-1),(4-4-2),47%,53%,330 of 451 — 73%,81% — 409 of 508,4 of 12 — 33%,80% — 8 of 10,5 of 8 — 62%,50% — 2 of 4,3.0,0.0,2.0,0.0,11,11,7,1,23,8,540,613,11,10,10,9,15,20,10,27,2,1,8,5,21,23,68,83
27.0,Sat,2022-03-05,21:00,Nice,Paris S-G,0.9,0.4,1–0,31949.0,Willy Delajod,2021-2022,Alexander Djiku,Dante,(3-5-2),(5-4-1),63%,37%,524 of 651 — 80%,74% — 283 of 381,6 of 17 — 35%,0% — 0 of 4,0 of 0 — %,100% — 6 of 6,1.0,0.0,3.5,1.0,9,12,8,2,37,10,747,507,18,5,7,9,27,24,8,47,2,1,2,14,25,16,68,72
27.0,Sun,2022-03-06,13:00,Saint-Étienne,Metz,1.4,0.5,1–0,35706.0,Jeremy Stinat,2021-2022,Marquinhos,Timothée Kolodziejczak,(4-3-3),(5-4-1),62%,38%,587 of 661 — 89%,81% — 324 of 399,8 of 21 — 38%,46% — 6 of 13,5 of 6 — 83%,62% — 5 of 8,2.0,0.0,1.0,0.0,9,13,8,3,14,11,772,520,22,19,10,10,10,1,14,14,6,1,8,7,23,14,43,51
27.0,Sun,2022-03-06,15:00,Reims,Strasbourg,0.9,0.7,1–1,10405.0,Jérémie Pignard,2021-2022,Wissam Ben Yedder,Wout Faes,(4-1-4-1),(3-5-1-1),69%,31%,527 of 635 — 83%,70% — 203 of 292,5 of 18 — 28%,58% — 7 of 12,6 of 7 — 85%,80% — 4 of 5,4.5,0.0,2.0,0.0,15,12,10,3,32,11,738,414,16,15,13,14,13,13,8,38,1,0,5,6,16,15,79,66
27.0,Sun,2022-03-06,15:00,Bordeaux,Troyes,0.7,2.2,0–2,20287.0,Ruddy Buquet,2021-2022,Brendan Chardonnet,Laurent Abergel,(4-2-3-1),(4-1-4-1),45%,55%,297 of 407 — 73%,79% — 389 of 491,0 of 4 — 0%,47% — 8 of 17,7 of 8 — 87%,% — 0 of 0,2.0,1.0,4.0,0.0,12,15,4,6,11,12,536,617,19,22,18,10,13,15,16,17,0,2,13,7,30,28,75,68
27.0,Sun,2022-03-06,15:00,Nantes,Montpellier,1.7,0.2,2–0,21589.0,Hakim Ben El Hadj Salem,2021-2022,Dylan Bronn,Alban Lafont,(3-5-2),(5-3-2),49%,51%,384 of 488 — 79%,81% — 410 of 507,0 of 8 — 0%,25% — 3 of 12,3 of 3 — 100%,% — 0 of 0,1.0,1.0,2.0,0.0,14,15,3,4,13,15,612,626,26,18,12,9,8,13,20,11,1,1,8,8,20,30,60,55
27.0,Sun,2022-03-06,15:00,Rennes,Angers,1.6,0.6,2–0,27693.0,Benoît Millot,2021-2022,Florent Ogier,Josuha Guilavogui,(4-3-3),(3-4-3),54%,46%,459 of 572 — 80%,80% — 394 of 492,3 of 9 — 33%,30% — 3 of 10,2 of 3 — 66%,66% — 2 of 3,1.0,0.0,2.0,0.0,5,13,6,6,23,20,677,618,18,18,5,16,7,11,11,23,1,1,3,5,26,25,72,79
27.0,Sun,2022-03-06,17:05,Lille,Clermont Foot,2.0,0.9,4–0,33515.0,Thomas Léonard,2021-2022,Ismaël Traoré,Seko Fofana,(3-5-2),(3-5-1-1),47%,53%,345 of 449 — 77%,80% — 400 of 500,4 of 13 — 31%,25% — 2 of 8,1 of 2 — 50%,75% — 3 of 4,5.5,0.0,3.0,0.0,13,16,7,3,14,16,548,604,11,26,11,8,11,23,10,13,1,1,12,10,23,16,72,67
27.0,Sun,2022-03-06,20:45,Marseille,Monaco,0.7,0.8,0–1,56510.0,Antony Gautier,2021-2022,Adil Rami,Dimitri Payet,(3-5-2),(4-3-3),42%,58%,376 of 455 — 83%,85% — 530 of 623,3 of 9 — 33%,29% — 2 of 7,2 of 2 — 100%,66% — 2 of 3,5.0,0.0,3.0,0.0,15,8,4,8,24,12,556,708,18,15,5,6,10,7,19,14,4,0,4,7,11,14,45,62
28.0,Fri,2022-03-11,21:00,Lille,Saint-Étienne,1.0,0.4,0–0,40146.0,Florent Batta,2021-2022,Leo Dubois,José Fonte,(4-2-3-1),(4-2-3-1),64%,36%,592 of 682 — 87%,77% — 300 of 390,8 of 21 — 38%,33% — 2 of 6,1 of 2 — 50%,100% — 8 of 8,3.0,0.0,2.0,0.0,14,15,7,3,23,10,797,518,21,16,6,15,12,9,3,31,0,3,3,15,23,12,52,68
28.0,Sat,2022-03-12,17:00,Montpellier,Nice,2.9,0.8,0–0,11658.0,Clément Turpin,2021-2022,Laurent Abergel,Houssem Aouar,(4-3-3),(4-2-3-1),38%,62%,345 of 439 — 79%,88% — 630 of 714,6 of 15 — 40%,47% — 7 of 15,3 of 7 — 42%,83% — 5 of 6,1.0,0.0,0.0,0.0,9,14,8,3,16,5,553,836,15,16,11,11,9,11,10,13,1,1,7,12,20,10,51,62
28.0,Sat,2022-03-12,21:00,Troyes,Nantes,1.6,0.4,1–0,7400.0,Stéphanie Frappart,2021-2022,Seko Fofana,Jean-Kevin Duverne,(3-4-1-2),(3-4-1-2),64%,36%,560 of 671 — 83%,71% — 272 of 381,5 of 20 — 25%,60% — 3 of 5,2 of 3 — 66%,100% — 5 of 5,1.0,0.0,1.0,0.0,14,11,4,0,21,10,775,514,17,28,12,18,16,11,6,26,2,0,7,15,29,11,51,84
28.0,Sun,2022-03-13,13:00,Paris S-G,Bordeaux,1.2,0.8,3–0,44000.0,François Letexier,2021-2022,Dante,Marquinhos,(4-4-2),(4-3-3),43%,57%,454 of 518 — 88%,91% — 630 of 691,6 of 11 — 55%,25% — 2 of 8,2 of 2 — 100%,83% — 5 of 6,1.0,0.0,0.0,0.0,15,10,3,4,20,11,612,794,21,19,3,3,8,5,7,12,0,2,3,9,13,9,42,38
28.0,Sun,2022-03-13,15:00,Clermont Foot,Lorient,1.0,1.0,0–2,11359.0,Bastien Dechepy,2021-2022,Timothée Kolodziejczak,Dylan Bronn,(3-4-1-2),(4-1-4-1),54%,46%,368 of 487 — 76%,76% — 311 of 409,5 of 13 — 38%,20% — 1 of 5,1 of 1 — 100%,80% — 4 of 5,3.0,0.0,4.0,0.0,11,18,12,3,34,12,601,538,20,24,8,11,18,15,21,21,0,0,5,8,24,23,64,69
28.0,Sun,2022-03-13,15:00,Strasbourg,Monaco,0.8,0.8,1–0,25231.0,Eric Wattellier,2021-2022,Yunis Abdelhamid,Alexander Djiku,(3-4-3),(3-5-2),54%,46%,495 of 592 — 84%,79% — 392 of 495,1 of 8 — 13%,35% — 6 of 17,5 of 6 — 83%,0% — 0 of 1,0.0,0.0,2.0,0.0,6,11,2,4,18,21,683,592,12,12,8,10,7,12,19,11,1,0,13,10,18,16,66,62
28.0,Sun,2022-03-13,15:00,Metz,Lens,0.7,0.5,0–0,15687.0,Amaury Delerue,2021-2022,Josuha Guilavogui,Gauthier Gallon,(3-4-3),(3-4-3),61%,39%,435 of 572 — 76%,64% — 234 of 364,3 of 10 — 30%,0% — 0 of 8,0 of 0 — %,100% — 3 of 3,6.0,0.0,1.0,1.0,18,15,6,2,24,8,665,472,12,13,14,18,25,14,8,26,0,0,8,8,29,22,77,76
28.0,Sun,2022-03-13,15:00,Angers,Reims,2.1,1.5,0–1,5960.0,Mikael Lesage,2021-2022,Alban Lafont,Téji Savanier,(4-1-2-1-2),(3-4-3),46%,54%,314 of 432 — 73%,79% — 400 of 506,5 of 16 — 31%,17% — 1 of 6,1 of 1 — 100%,60% — 3 of 5,1.0,0.0,1.0,0.0,11,11,6,4,22,17,535,611,8,12,9,9,18,10,14,27,2,1,6,8,28,22,87,70
28.0,Sun,2022-03-13,17:05,Lyon,Rennes,1.3,1.5,2–4,46597.0,Antony Gautier,2021-2022,Hamari Traoré,Ismaël Traoré,(4-4-2),(3-1-4-2),55%,45%,513 of 613 — 84%,80% — 393 of 492,4 of 15 — 27%,29% — 2 of 7,2 of 2 — 100%,50% — 2 of 4,1.0,0.0,1.0,0.0,11,7,7,7,17,17,730,611,24,9,19,15,8,9,17,19,1,1,3,11,11,31,86,52
28.0,Sun,2022-03-13,20:45,Brest,Marseille,0.6,2.2,1–4,14611.0,Ruddy Buquet,2021-2022,José Fonte,Johan Gastien,(4-2-2-2),(4-1-4-1),49%,51%,401 of 482 — 83%,84% — 426 of 510,8 of 15 — 53%,11% — 1 of 9,1 of 1 — 100%,50% — 4 of 8,1.0,0.0,4.5,0.0,15,9,3,2,7,18,568,601,9,19,6,12,9,12,18,8,1,0,10,6,17,15,42,49
29.0,Fri,2022-03-18,21:00,Saint-Étienne,Troyes,1.3,1.0,1–1,32193.0,Romain Lissorgue,2021-2022,Dimitri Payet,Wissam Ben Yedder,(4-2-3-1),(4-4-2),67%,33%,614 of 722 — 85%,76% — 275 of 361,2 of 14 — 14%,60% — 3 of 5,2 of 3 — 66%,100% — 2 of 2,2.0,0.0,1.0,0.0,13,9,10,3,24,9,814,471,21,11,3,12,15,15,13,27,2,3,6,14,22,14,69,53
29.0,Sat,2022-03-19,17:00,Lens,Clermont Foot,1.2,1.4,3–1,36182.0,Jeremy Stinat,2021-2022,José Fonte,Timothée Kolodziejczak,(4-2-3-1),(3-4-1-2),51%,49%,473 of 560 — 84%,82% — 441 of 538,2 of 10 — 20%,27% — 3 of 11,3 of 3 — 100%,100% — 2 of 2,1.0,0.0,1.0,0.0,14,12,2,3,13,9,667,651,21,25,9,6,13,4,7,10,5,0,10,6,23,18,61,65
29.0,Sat,2022-03-19,21:00,Nantes,Lille,0.8,1.1,0–1,25977.0,Pierre Gaillouste,2021-2022,Téji Savanier,Dante,(4-2-3-1),(4-4-2),57%,43%,394 of 522 — 75%,75% — 295 of 395,4 of 23 — 17%,0% — 0 of 8,0 of 0 — %,100% — 4 of 4,3.0,0.0,2.0,1.0,10,8,13,1,50,12,622,523,20,13,6,7,12,20,7,42,1,2,7,15,25,19,66,63
29.0,Sun,2022-03-20,13:00,Monaco,Paris S-G,1.9,1.0,3–0,16642.0,Benoît Bastien,2021-2022,Florian Tardieu,Alban Lafont,(5-4-1),(3-4-3),44%,56%,361 of 463 — 78%,81% — 466 of 578,2 of 11 — 18%,17% — 1 of 6,1 of 1 — 100%,50% — 1 of 2,1.0,0.0,1.0,0.0,7,16,8,4,20,28,574,672,19,16,15,9,20,16,22,17,3,1,9,7,21,24,69,93
29.0,Sun,2022-03-20,15:00,Lorient,Strasbourg,0.3,1.1,0–0,9806.0,Benoît Millot,2021-2022,Marquinhos,Josuha Guilavogui,(4-3-3),(3-4-3),57%,43%,589 of 656 — 90%,83% — 410 of 494,4 of 12 — 33%,33% — 5 of 15,5 of 5 — 100%,25% — 1 of 4,1.0,0.0,2.0,0.0,5,9,2,4,6,20,783,605,21,25,11,14,5,1,15,6,3,5,8,7,14,14,43,73
29.0,Sun,2022-03-20,15:00,Bordeaux,Montpellier,3.5,0.4,0–2,15000.0,Thomas Léonard,2021-2022,Johan Gastien,Vincent Le Goff,(4-1-4-1),(4-1-4-1),53%,47%,462 of 567 — 81%,78% — 392 of 503,1 of 10 — 10%,67% — 6 of 9,4 of 6 — 66%,100% — 1 of 1,1.0,0.0,2.0,0.0,14,14,2,2,17,9,646,588,12,15,7,11,17,13,9,11,0,2,4,11,27,19,74,88
29.0,Sun,2022-03-20,15:00,Angers,Brest,1.8,1.2,1–0,7734.0,Jérémie Pignard,2021-2022,Dimitri Liénard,Axel Disasi,(5-3-2),(4-2-3-1),45%,55%,313 of 443 — 71%,72% — 386 of 533,3 of 11 — 27%,0% — 0 of 5,0 of 0 — %,66% — 2 of 3,1.0,0.0,2.0,0.0,10,13,6,7,17,20,573,633,13,19,23,13,22,24,25,12,2,1,9,11,22,20,98,73
29.0,Sun,2022-03-20,15:00,Rennes,Metz,3.5,0.7,6–1,27966.0,Willy Delajod,2021-2022,Dylan Bronn,Seko Fofana,(5-4-1),(3-4-1-2),49%,51%,400 of 505 — 79%,78% — 407 of 522,3 of 6 — 50%,0% — 0 of 11,0 of 0 — %,100% — 3 of 3,5.0,0.0,2.0,0.0,11,14,5,4,18,16,622,625,10,15,14,13,14,12,17,14,1,4,15,1,27,15,78,50
29.0,Sun,2022-03-20,17:05,Reims,Lyon,0.5,1.5,0–0,14091.0,Johan Hamel,2021-2022,Ismaël Traoré,Yunis Abdelhamid,(4-2-3-1),(3-4-3),62%,38%,527 of 627 — 84%,75% — 290 of 389,6 of 20 — 30%,30% — 3 of 10,2 of 3 — 66%,100% — 6 of 6,7.5,0.0,2.0,1.0,19,8,4,2,25,13,744,504,14,11,8,20,16,10,11,22,0,5,5,9,20,23,67,79
29.0,Sun,2022-03-20,20:45,Marseille,Nice,1.5,1.4,2–1,64722.0,Jérôme Brisard,2021-2022,Leo Dubois,Hamari Traoré,(4-2-3-1),(4-3-3),61%,39%,531 of 633 — 84%,74% — 297 of 400,1 of 10 — 10%,78% — 7 of 9,3 of 7 — 42%,100% — 1 of 1,2.0,0.0,3.0,0.0,8,12,8,2,24,9,740,519,19,15,8,13,21,20,13,18,3,3,4,8,22,22,62,68
30.0,Sat,2022-04-02,17:00,Nice,Rennes,0.8,1.1,1–1,24086.0,Benoît Bastien,2021-2022,Jean-Kevin Duverne,Boubacar Kamara,(4-4-2),(4-3-2-1),48%,52%,397 of 482 — 82%,85% — 452 of 531,2 of 8 — 25%,54% — 7 of 13,3 of 7 — 42%,50% — 1 of 2,1.0,0.0,4.0,0.0,11,15,0,3,14,8,567,622,5,16,11,12,8,11,7,14,2,4,7,7,16,13,58,44
30.0,Sat,2022-04-02,19:00,Lille,Bordeaux,2.7,0.0,0–0,36351.0,Bastien Dechepy,2021-2022,Wahbi Khazri,Florian Tardieu,(3-4-1-2),(5-4-1),62%,38%,517 of 626 — 83%,71% — 267 of 378,2 of 9 — 22%,50% — 4 of 8,3 of 4 — 75%,100% — 2 of 2,2.0,0.0,2.0,0.0,13,9,1,4,17,12,746,502,21,17,12,16,8,11,12,19,1,1,4,12,32,23,68,62
30.0,Sun,2022-04-03,13:00,Strasbourg,Lens,2.5,0.9,1–0,26005.0,François Letexier,2021-2022,Seko Fofana,Florent Ogier,(3-4-1-2),(4-3-3),60%,40%,498 of 601 — 83%,78% — 309 of 396,7 of 20 — 35%,30% — 3 of 10,2 of 3 — 66%,57% — 4 of 7,1.0,0.0,1.0,0.0,15,13,7,2,21,8,719,534,17,21,6,12,9,5,14,19,3,0,7,7,28,21,59,62
30.0,Sun,2022-04-03,15:00,Metz,Monaco,0.9,1.5,1–2,19812.0,Jérôme Brisard,2021-2022,Alban Lafont,José Fonte,(3-5-2),(4-2-3-1),53%,47%,319 of 424 — 75%,76% — 288 of 381,3 of 11 — 27%,33% — 4 of 12,3 of 4 — 75%,100% — 3 of 3,3.0,0.0,4.0,1.0,19,15,7,7,22,13,524,511,18,27,6,8,22,16,10,19,1,0,7,9,30,17,77,59
30.0,Sun,2022-04-03,15:00,Montpellier,Brest,1.4,0.7,1–2,10929.0,Florent Batta,2021-2022,Wissam Ben Yedder,Marquinhos,(4-1-4-1),(4-3-3),40%,60%,334 of 429 — 78%,86% — 558 of 647,7 of 12 — 58%,38% — 5 of 13,5 of 5 — 100%,71% — 5 of 7,3.0,0.0,3.0,0.0,17,10,6,7,17,11,537,763,17,14,12,2,9,7,16,23,4,0,9,5,16,17,64,43
30.0,Sun,2022-04-03,15:00,Saint-Étienne,Marseille,0.2,3.9,2–4,41278.0,Clément Turpin,2021-2022,Laurent Abergel,Dimitri Liénard,(4-3-3),(3-5-2),50%,50%,387 of 473 — 82%,80% — 379 of 472,2 of 9 — 22%,31% — 4 of 13,4 of 4 — 100%,100% — 2 of 2,2.0,0.0,2.0,0.0,11,18,6,5,16,21,591,587,22,24,9,16,14,13,28,11,1,2,3,3,22,22,84,69
30.0,Sun,2022-04-03,15:00,Troyes,Reims,1.1,0.6,1–0,9482.0,Ruddy Buquet,2021-2022,Josuha Guilavogui,Téji Savanier,(4-3-3),(4-2-3-1),58%,42%,370 of 492 — 75%,73% — 259 of 356,9 of 31 — 29%,29% — 2 of 7,0 of 2 — 0%,100% — 9 of 9,3.0,0.0,0.0,2.0,18,7,11,4,42,7,621,514,17,16,9,20,15,16,8,43,1,2,4,22,20,17,72,75
30.0,Sun,2022-04-03,15:00,Clermont Foot,Nantes,0.9,2.0,2–3,11785.0,Mikael Lesage,2021-2022,Ismaël Traoré,Brendan Chardonnet,(3-5-1-1),(5-3-2),49%,51%,386 of 485 — 80%,75% — 372 of 499,2 of 8 — 25%,13% — 2 of 16,2 of 2 — 100%,100% — 2 of 2,2.0,0.0,1.0,0.0,11,9,6,11,11,39,631,600,21,22,15,6,24,28,34,8,2,0,10,10,22,40,82,100
30.0,Sun,2022-04-03,17:05,Lyon,Angers,1.7,1.8,3–2,34376.0,Eric Wattellier,2021-2022,Hamari Traoré,Dylan Bronn,(4-3-3),(3-4-3),63%,37%,502 of 576 — 87%,75% — 250 of 335,7 of 20 — 35%,50% — 1 of 2,0 of 1 — 0%,28% — 2 of 7,1.0,0.0,2.0,0.0,13,11,10,1,17,10,679,421,13,14,4,6,11,6,8,14,2,2,2,11,17,20,59,54
30.0,Sun,2022-04-03,20:45,Paris S-G,Lorient,1.9,0.6,5–1,40000.0,Hakim Ben El Hadj Salem,2021-2022,Yunis Abdelhamid,Moussa Dembélé,(4-4-2),(4-2-3-1),37%,63%,279 of 386 — 72%,86% — 577 of 670,2 of 5 — 40%,20% — 2 of 10,2 of 2 — 100%,100% — 2 of 2,0.0,0.0,3.0,0.0,12,13,7,3,21,10,490,789,18,13,14,5,11,16,13,31,3,0,5,6,24,20,65,73
31.0,Fri,2022-04-08,21:00,Lorient,Saint-Étienne,3.7,0.9,6–2,15407.0,Ruddy Buquet,2021-2022,Dimitri Payet,Walter Benítez,(3-2-4-1),(4-4-2),56%,44%,483 of 581 — 83%,79% — 355 of 448,5 of 12 — 42%,33% — 3 of 9,2 of 3 — 66%,80% — 4 of 5,2.0,0.0,2.0,0.0,12,11,3,2,15,16,675,564,8,18,7,14,11,10,12,15,2,3,7,7,23,21,65,58
31.0,Sat,2022-04-09,17:00,Reims,Rennes,2.6,1.5,2–3,10243.0,Romain Lissorgue,2021-2022,Dante,Hamari Traoré,(4-4-2),(4-3-3),39%,61%,296 of 385 — 77%,83% — 490 of 592,3 of 10 — 30%,23% — 3 of 13,2 of 3 — 66%,66% — 2 of 3,2.0,0.0,1.0,0.0,12,12,7,11,24,28,502,697,12,18,15,9,17,12,28,20,0,1,8,8,16,24,59,87
31.0,Sat,2022-04-09,21:00,Clermont Foot,Paris S-G,1.4,3.7,1–6,12264.0,Eric Wattellier,2021-2022,José Fonte,Yacine Adli,(4-2-3-1),(3-4-3),65%,35%,419 of 544 — 77%,62% — 179 of 287,6 of 22 — 27%,0% — 0 of 2,0 of 0 — %,100% — 6 of 6,2.0,0.0,5.5,0.0,13,15,7,2,22,7,644,404,12,17,10,11,18,16,7,28,7,0,4,14,31,24,65,85
31.0,Sun,2022-04-10,13:00,Bordeaux,Metz,2.0,0.5,3–1,21652.0,Jérémie Pignard,2021-2022,Dimitri Liénard,Seko Fofana,(3-5-2),(3-4-1-2),49%,51%,412 of 505 — 82%,82% — 428 of 521,1 of 11 — 9%,15% — 2 of 13,2 of 2 — 100%,100% — 1 of 1,3.0,0.0,1.0,0.0,8,10,2,6,15,14,606,631,14,17,7,10,16,7,14,14,0,1,11,6,19,15,80,38
31.0,Sun,2022-04-10,15:00,Angers,Lille,0.5,1.2,1–1,9286.0,Thomas Léonard,2021-2022,Dylan Bronn,Wissam Ben Yedder,(3-4-1-2),(4-2-3-1),43%,57%,379 of 463 — 82%,84% — 512 of 609,4 of 17 — 24%,29% — 4 of 14,2 of 4 — 50%,75% — 3 of 4,0.0,0.0,0.0,0.0,6,9,3,6,14,18,598,727,24,20,26,11,10,18,23,6,2,4,8,10,17,14,65,68
31.0,Sun,2022-04-10,15:00,Brest,Nantes,1.1,0.7,1–1,13145.0,Johan Hamel,2021-2022,Téji Savanier,Brendan Chardonnet,(4-2-3-1),(4-4-2),59%,41%,423 of 543 — 78%,72% — 271 of 376,1 of 8 — 13%,67% — 8 of 12,6 of 8 — 75%,100% — 1 of 1,2.0,0.0,4.0,0.0,16,14,7,5,28,21,634,490,13,18,6,14,13,23,18,27,1,1,3,13,25,23,54,72
31.0,Sun,2022-04-10,15:00,Monaco,Troyes,0.4,1.0,2–1,4786.0,Mikael Lesage,2021-2022,Timothée Kolodziejczak,Dimitri Payet,(3-4-3),(4-2-3-1),30%,70%,219 of 289 — 76%,88% — 583 of 664,2 of 5 — 40%,54% — 7 of 13,6 of 7 — 85%,0% — 0 of 2,2.0,0.0,1.0,0.0,14,12,2,9,14,18,388,752,17,13,8,13,8,13,20,8,2,0,7,4,13,23,46,71
31.0,Sun,2022-04-10,17:05,Lens,Nice,0.9,1.4,3–0,36668.0,Willy Delajod,2021-2022,Adil Rami,Yunis Abdelhamid,(5-4-1),(3-4-3),58%,42%,450 of 554 — 81%,77% — 314 of 406,5 of 19 — 26%,40% — 4 of 10,4 of 4 — 100%,80% — 4 of 5,1.0,0.0,5.5,0.0,15,11,6,3,38,16,660,516,13,15,10,11,15,10,12,32,1,2,6,9,27,10,68,54
31.0,Sun,2022-04-10,19:00,Strasbourg,Lyon,1.0,1.5,1–1,26073.0,Clément Turpin,2021-2022,Florent Ogier,Alban Lafont,(4-3-3),(3-4-1-2),55%,45%,416 of 531 — 78%,72% — 313 of 432,4 of 12 — 33%,38% — 3 of 8,1 of 3 — 33%,50% — 2 of 4,5.0,1.0,1.0,0.0,10,10,5,6,19,20,634,551,17,24,7,14,14,17,14,15,3,3,6,8,22,17,50,92
31.0,Sun,2022-04-10,21:00,Marseille,Montpellier,3.4,0.4,2–0,51131.0,Jeremy Stinat,2021-2022,Moussa Dembélé,Ismaël Traoré,(4-2-3-1),(3-5-2),61%,39%,617 of 716 — 86%,78% — 351 of 450,5 of 15 — 33%,57% — 4 of 7,2 of 4 — 50%,40% — 2 of 5,1.0,0.0,1.0,0.0,4,13,9,2,23,13,830,555,17,17,18,12,10,8,11,26,1,4,1,8,15,18,71,52
32.0,Fri,2022-04-15,21:00,Rennes,Monaco,2.2,2.7,2–3,28336.0,Stéphanie Frappart,2021-2022,Marquinhos,Laurent Abergel,(4-4-2),(4-4-2),66%,34%,690 of 756 — 91%,82% — 318 of 386,7 of 15 — 47%,36% — 4 of 11,3 of 4 — 75%,28% — 2 of 7,2.0,0.0,1.0,0.0,7,14,3,1,8,10,855,483,16,26,10,18,4,5,6,12,2,1,6,8,15,19,36,46
32.0,Sat,2022-04-16,17:00,Saint-Étienne,Brest,1.0,0.4,2–1,27227.0,Eric Wattellier,2021-2022,Laurent Abergel,Timothée Kolodziejczak,(4-3-3),(3-4-1-2),45%,55%,282 of 369 — 76%,81% — 368 of 453,11 of 17 — 65%,31% — 4 of 13,2 of 4 — 50%,54% — 6 of 11,2.0,0.0,6.5,0.0,18,18,2,3,12,11,481,556,22,12,7,12,18,11,9,6,4,0,7,6,22,14,50,53
32.0,Sat,2022-04-16,21:00,Lille,Lens,0.8,1.2,1–2,48169.0,Jérôme Brisard,2021-2022,Yunis Abdelhamid,Hamari Traoré,(3-5-2),(4-2-3-1),41%,59%,287 of 398 — 72%,80% — 459 of 577,5 of 12 — 42%,57% — 8 of 14,5 of 8 — 62%,80% — 4 of 5,2.0,0.0,0.0,0.0,15,7,2,6,21,20,510,692,19,13,8,9,13,11,15,20,3,2,7,10,31,24,64,108
32.0,Sun,2022-04-17,13:00,Nice,Lorient,2.2,0.2,2–1,17212.0,Amaury Delerue,2021-2022,Johan Gastien,Presnel Kimpembe,(4-2-3-1),(4-3-3),37%,63%,357 of 428 — 83%,93% — 687 of 742,4 of 10 — 40%,56% — 9 of 16,4 of 9 — 44%,75% — 3 of 4,1.0,0.0,1.0,0.0,8,7,2,5,11,6,513,836,18,15,9,6,3,7,7,13,4,4,10,5,14,14,51,30
32.0,Sun,2022-04-17,15:00,Nantes,Angers,2.9,0.8,1–1,25102.0,Bastien Dechepy,2021-2022,Josuha Guilavogui,Dylan Bronn,(3-4-1-2),(3-4-1-2),58%,42%,369 of 481 — 77%,70% — 246 of 350,7 of 12 — 58%,22% — 2 of 9,1 of 2 — 50%,57% — 4 of 7,3.0,0.0,2.0,0.0,15,15,5,6,21,16,585,471,14,17,11,10,18,16,14,21,1,2,4,7,24,19,83,59
32.0,Sun,2022-04-17,15:00,Metz,Clermont Foot,0.3,2.4,1–1,14335.0,Pierre Gaillouste,2021-2022,Ismaël Traoré,José Fonte,(3-5-1-1),(4-2-2-2),35%,65%,232 of 312 — 74%,81% — 473 of 583,3 of 13 — 23%,18% — 3 of 17,2 of 3 — 66%,100% — 3 of 3,3.0,0.0,2.0,0.0,10,12,6,7,15,32,453,678,16,22,11,8,10,12,25,4,0,6,9,9,17,29,62,86
32.0,Sun,2022-04-17,15:00,Troyes,Strasbourg,1.7,1.7,1–1,10000.0,Benoît Millot,2021-2022,Brendan Chardonnet,Alban Lafont,(4-4-2),(3-5-1-1),52%,48%,397 of 524 — 76%,73% — 347 of 475,6 of 12 — 50%,36% — 4 of 11,3 of 4 — 75%,83% — 5 of 6,1.0,0.0,3.0,0.0,10,13,4,5,27,20,640,594,21,28,10,10,13,14,11,17,2,1,4,7,28,26,80,79
32.0,Sun,2022-04-17,15:00,Montpellier,Reims,1.5,1.0,0–0,10170.0,Antony Gautier,2021-2022,Wissam Ben Yedder,Florian Tardieu,(4-4-2),(5-4-1),56%,44%,447 of 569 — 79%,78% — 348 of 447,3 of 10 — 30%,13% — 1 of 8,0 of 1 — 0%,33% — 1 of 3,2.0,0.0,2.0,0.0,12,9,10,1,13,7,664,574,15,15,18,17,9,8,3,24,2,1,9,9,24,20,72,63
32.0,Sun,2022-04-17,17:05,Lyon,Bordeaux,1.7,2.2,6–1,38713.0,Florent Batta,2021-2022,Seko Fofana,Dante,(3-1-4-2),(4-4-2),42%,58%,304 of 387 — 79%,84% — 444 of 527,3 of 6 — 50%,38% — 6 of 16,6 of 6 — 100%,0% — 0 of 3,2.0,1.0,5.5,1.0,8,15,1,7,4,37,492,622,22,17,9,8,12,15,34,4,2,0,13,4,11,23,55,57
32.0,Sun,2022-04-17,20:45,Paris S-G,Marseille,1.5,0.9,2–1,46000.0,François Letexier,2021-2022,Dimitri Liénard,Moussa Dembélé,(3-5-2),(4-2-3-1),42%,58%,290 of 388 — 75%,84% — 449 of 537,4 of 15 — 27%,23% — 3 of 13,2 of 3 — 66%,75% — 3 of 4,3.0,0.0,1.0,0.0,19,14,5,3,18,16,483,665,20,18,6,9,18,14,15,17,2,1,7,8,20,20,63,63
33.0,Wed,2022-04-20,19:00,Lorient,Metz,1.8,1.4,1–0,13544.0,Mikael Lesage,2021-2022,Steve Mandanda,Téji Savanier,(4-3-3),(4-2-3-1),61%,39%,547 of 626 — 87%,74% — 301 of 406,4 of 10 — 40%,33% — 2 of 6,2 of 2 — 100%,75% — 3 of 4,0.0,0.0,2.0,1.0,12,13,0,8,4,29,749,494,18,13,17,10,9,6,26,8,1,2,5,7,24,24,48,53
33.0,Wed,2022-04-20,19:00,Bordeaux,Saint-Étienne,0.9,0.9,2–2,38515.0,Benoît Bastien,2021-2022,Hamari Traoré,Wissam Ben Yedder,(4-2-3-1),(4-2-3-1),63%,37%,597 of 709 — 84%,76% — 312 of 411,3 of 12 — 25%,33% — 4 of 12,1 of 4 — 25%,66% — 2 of 3,1.0,0.0,3.0,0.0,7,15,6,0,18,8,806,523,8,13,13,12,15,15,12,20,0,1,8,5,17,15,68,58
33.0,Wed,2022-04-20,19:00,Troyes,Clermont Foot,1.1,0.2,0–1,7800.0,Jérémie Pignard,2021-2022,Wahbi Khazri,Brendan Chardonnet,(3-4-3),(4-4-2),39%,61%,226 of 336 — 67%,78% — 417 of 535,4 of 11 — 36%,43% — 3 of 7,2 of 3 — 66%,50% — 2 of 4,0.0,0.0,2.0,0.0,10,10,7,3,12,17,465,645,21,22,12,8,15,23,18,10,2,2,9,10,26,37,65,87
33.0,Wed,2022-04-20,19:00,Reims,Lille,1.0,1.2,2–1,10910.0,Hakim Ben El Hadj Salem,2021-2022,José Fonte,Seko Fofana,(4-4-1-1),(3-1-4-2),56%,44%,497 of 609 — 82%,84% — 400 of 479,5 of 17 — 29%,64% — 7 of 11,5 of 7 — 71%,80% — 4 of 5,3.0,0.0,2.0,0.0,12,9,13,7,42,8,705,607,20,17,9,16,10,17,9,32,0,0,2,13,17,12,68,66
33.0,Wed,2022-04-20,19:00,Monaco,Nice,1.7,0.7,1–0,10247.0,Benoît Millot,2021-2022,Walter Benítez,Laurent Abergel,(4-4-2),(5-4-1),63%,37%,553 of 646 — 86%,77% — 294 of 381,1 of 14 — 7%,17% — 1 of 6,0 of 1 — 0%,0% — 0 of 1,2.0,0.0,1.0,0.0,10,12,5,1,30,7,748,483,16,17,7,12,15,12,11,28,0,4,6,11,28,22,39,64
33.0,Wed,2022-04-20,21:00,Angers,Paris S-G,0.8,1.7,0–3,13000.0,Johan Hamel,2021-2022,Alban Lafont,Ismaël Traoré,(4-2-3-1),(3-5-2),61%,39%,476 of 577 — 82%,79% — 293 of 372,7 of 24 — 29%,30% — 3 of 10,2 of 3 — 66%,85% — 6 of 7,4.0,0.0,1.0,0.0,12,10,14,5,35,13,690,512,17,21,4,14,16,16,11,36,1,0,4,12,41,16,73,52
33.0,Wed,2022-04-20,21:00,Lens,Montpellier,1.4,0.7,2–0,36250.0,Romain Lissorgue,2021-2022,Dylan Bronn,Florent Ogier,(4-3-1-2),(4-3-3),45%,55%,362 of 459 — 79%,79% — 445 of 562,2 of 4 — 50%,15% — 4 of 26,3 of 4 — 75%,50% — 1 of 2,1.0,1.0,1.0,0.0,15,11,0,9,13,25,598,674,17,17,13,15,8,19,26,7,1,2,15,1,22,31,72,64
33.0,Wed,2022-04-20,21:00,Brest,Lyon,1.2,2.7,2–1,14028.0,Jeremy Stinat,2021-2022,Florian Tardieu,Dimitri Liénard,(5-4-1),(3-5-2),39%,61%,251 of 354 — 71%,82% — 461 of 564,2 of 10 — 20%,18% — 2 of 11,2 of 2 — 100%,100% — 2 of 2,1.0,0.0,2.0,0.0,12,20,5,9,19,27,473,666,16,10,10,9,7,17,23,12,2,0,7,4,16,21,74,83
33.0,Wed,2022-04-20,21:00,Marseille,Nantes,3.3,0.6,3–2,55890.0,Ruddy Buquet,2021-2022,Téji Savanier,Wout Faes,(4-2-3-1),(3-5-2),61%,39%,457 of 576 — 79%,77% — 288 of 372,3 of 14 — 21%,60% — 9 of 15,9 of 9 — 100%,100% — 3 of 3,0.0,0.0,3.0,0.0,9,12,9,6,25,16,680,516,16,13,5,16,11,10,19,32,1,0,4,10,41,22,80,69
33.0,Wed,2022-04-20,21:00,Strasbourg,Rennes,2.4,0.7,2–1,25148.0,Willy Delajod,2021-2022,Moussa Dembélé,Josuha Guilavogui,(4-3-3),(3-4-1-2),60%,40%,513 of 616 — 83%,72% — 292 of 408,9 of 15 — 60%,25% — 4 of 16,4 of 4 — 100%,33% — 3 of 9,0.0,0.0,0.0,0.0,8,13,3,5,14,11,726,523,11,25,12,11,13,19,18,21,8,1,7,8,18,20,65,62
34.0,Sat,2022-04-23,17:00,Lyon,Montpellier,3.6,2.0,5–2,46608.0,François Letexier,2021-2022,Marquinhos,Dimitri Payet,(4-3-3),(4-3-3),43%,57%,443 of 508 — 87%,90% — 611 of 682,2 of 6 — 33%,33% — 1 of 3,0 of 1 — 0%,50% — 1 of 2,6.0,0.0,1.0,0.0,16,12,3,4,2,10,597,759,16,22,8,6,2,3,12,2,7,4,3,7,20,15,39,58
34.0,Sat,2022-04-23,19:00,Saint-Étienne,Monaco,1.1,3.3,1–4,30018.0,Bastien Dechepy,2021-2022,Laurent Abergel,Vincent Pajot,(4-3-3),(3-5-2),42%,58%,251 of 369 — 68%,76% — 379 of 500,5 of 16 — 31%,20% — 4 of 20,4 of 4 — 100%,80% — 4 of 5,2.0,0.0,2.0,0.0,13,17,9,12,19,32,506,637,20,18,9,10,14,22,29,21,3,1,12,5,20,20,72,88
34.0,Sat,2022-04-23,21:00,Paris S-G,Lens,2.0,0.8,1–1,47000.0,Amaury Delerue,2021-2022,Josuha Guilavogui,Ryad Boudebouz,(3-4-1-2),(3-4-3),47%,53%,296 of 417 — 71%,76% — 356 of 470,7 of 11 — 64%,22% — 2 of 9,0 of 2 — 0%,71% — 5 of 7,5.0,0.0,6.0,0.0,17,18,5,4,8,10,536,580,30,18,11,5,13,12,11,9,5,2,7,2,32,29,82,71
34.0,Sun,2022-04-24,13:00,Rennes,Lorient,1.6,0.6,5–0,28324.0,Benoît Millot,2021-2022,Adil Rami,Florent Ogier,(5-4-1),(4-3-3),50%,50%,383 of 481 — 80%,78% — 375 of 478,3 of 15 — 20%,33% — 1 of 3,0 of 1 — 0%,100% — 3 of 3,3.0,1.0,7.5,0.0,11,15,5,2,30,9,586,574,18,14,7,7,14,12,12,33,0,1,9,12,24,19,75,71
34.0,Sun,2022-04-24,15:00,Clermont Foot,Angers,2.1,1.3,2–2,11531.0,Stéphanie Frappart,2021-2022,Yunis Abdelhamid,José Fonte,(5-3-2),(4-4-1-1),41%,59%,327 of 419 — 78%,84% — 512 of 608,4 of 10 — 40%,25% — 5 of 20,4 of 5 — 80%,50% — 2 of 4,1.0,0.0,1.0,0.0,13,8,5,2,15,18,559,731,23,25,22,10,9,7,14,10,2,1,13,4,17,25,48,53
34.0,Sun,2022-04-24,15:00,Nice,Troyes,2.0,0.4,1–0,17065.0,Hakim Ben El Hadj Salem,2021-2022,Wissam Ben Yedder,Walter Benítez,(4-2-3-1),(4-4-2),48%,52%,300 of 418 — 72%,77% — 354 of 461,7 of 17 — 41%,13% — 2 of 15,2 of 2 — 100%,85% — 6 of 7,5.0,0.0,2.0,0.0,19,11,7,10,16,29,538,593,18,14,9,12,13,15,17,22,1,1,11,6,23,25,81,63
34.0,Sun,2022-04-24,15:00,Nantes,Bordeaux,2.5,2.8,5–3,30000.0,Clément Turpin,2021-2022,Ismaël Traoré,Marquinhos,(5-3-2),(3-5-2),42%,58%,435 of 492 — 88%,90% — 603 of 672,1 of 8 — 13%,53% — 8 of 15,5 of 8 — 62%,100% — 1 of 1,1.0,0.0,2.0,1.0,5,11,3,7,14,12,582,766,8,14,13,7,3,4,8,12,1,2,8,7,6,16,51,53
34.0,Sun,2022-04-24,15:00,Metz,Brest,0.4,1.7,0–1,19874.0,Florent Batta,2021-2022,Seko Fofana,Mamadou Sakho,(3-4-1-2),(4-2-3-1),49%,51%,451 of 551 — 82%,83% — 482 of 582,5 of 12 — 42%,40% — 4 of 10,4 of 4 — 100%,60% — 3 of 5,1.0,0.0,0.0,0.0,11,10,5,3,23,22,649,679,13,15,15,12,9,4,22,15,1,0,7,7,14,29,61,56
34.0,Sun,2022-04-24,17:05,Lille,Strasbourg,0.5,1.0,1–0,30211.0,Jérémie Pignard,2021-2022,Brendan Chardonnet,Moussa Dembélé,(4-4-2),(4-3-3),34%,66%,259 of 362 — 72%,87% — 603 of 695,2 of 8 — 25%,28% — 5 of 18,4 of 5 — 80%,50% — 1 of 2,2.0,0.0,2.0,0.0,15,12,2,2,14,16,475,810,19,12,15,10,7,11,20,12,1,3,10,8,19,25,76,42
34.0,Sun,2022-04-24,20:45,Reims,Marseille,0.6,0.6,0–1,20835.0,Jérôme Brisard,2021-2022,Dimitri Payet,Alban Lafont,(4-3-3),(3-4-3),76%,24%,747 of 817 — 91%,69% — 179 of 259,3 of 17 — 18%,75% — 3 of 4,1 of 3 — 33%,66% — 2 of 3,2.0,0.0,6.5,0.0,10,15,7,3,19,6,904,346,8,17,5,11,15,5,9,16,1,5,1,11,23,11,49,56
35.0,Fri,2022-04-29,21:00,Strasbourg,Paris S-G,1.7,2.3,3–3,26052.0,Ruddy Buquet,2021-2022,Dimitri Liénard,Hamari Traoré,(3-5-2),(4-2-3-1),38%,62%,302 of 406 — 74%,84% — 565 of 671,5 of 13 — 38%,27% — 3 of 11,2 of 3 — 66%,60% — 3 of 5,1.0,0.0,2.0,0.0,16,11,2,7,17,16,505,759,11,14,20,8,26,14,12,14,2,1,7,4,18,17,72,89
35.0,Sat,2022-04-30,17:00,Lens,Nantes,2.3,1.4,2–2,36727.0,Thomas Léonard,2021-2022,Moussa Dembélé,Téji Savanier,(4-3-3),(4-2-3-1),52%,48%,483 of 565 — 85%,86% — 451 of 525,12 of 27 — 44%,60% — 6 of 10,5 of 6 — 83%,66% — 8 of 12,2.0,0.0,2.0,0.0,13,10,8,2,17,16,656,642,11,15,7,7,12,4,13,19,1,0,7,5,19,17,58,49
35.0,Sat,2022-04-30,21:00,Rennes,Saint-Étienne,1.6,0.7,2–0,27390.0,Jeremy Stinat,2021-2022,Wahbi Khazri,Wissam Ben Yedder,(3-4-1-2),(4-2-3-1),56%,44%,423 of 537 — 79%,74% — 309 of 417,3 of 7 — 43%,46% — 6 of 13,3 of 6 — 50%,100% — 3 of 3,2.0,0.0,3.0,0.0,11,19,1,1,14,6,629,523,21,19,11,12,5,10,6,10,2,1,8,4,18,26,77,58
35.0,Sun,2022-05-01,13:00,Troyes,Lille,2.9,0.5,3–0,10497.0,Willy Delajod,2021-2022,Marquinhos,Seko Fofana,(3-4-3),(3-4-3),66%,34%,691 of 770 — 90%,82% — 330 of 403,6 of 18 — 33%,38% — 3 of 8,2 of 3 — 66%,83% — 5 of 6,4.0,0.0,3.5,0.0,17,12,4,3,7,11,861,515,13,15,8,13,3,4,7,16,0,2,4,12,24,14,42,49
35.0,Sun,2022-05-01,15:00,Lorient,Reims,1.9,1.6,1–2,12216.0,Pierre Gaillouste,2021-2022,Hamari Traoré,Laurent Abergel,(4-3-3),(4-3-3),58%,42%,507 of 586 — 87%,81% — 340 of 420,7 of 10 — 70%,17% — 2 of 12,2 of 2 — 100%,28% — 2 of 7,1.0,1.0,0.0,0.0,10,10,2,4,11,15,679,503,11,13,7,6,13,11,17,14,1,2,7,5,17,19,67,58
35.0,Sun,2022-05-01,15:00,Montpellier,Metz,2.1,1.1,2–2,10446.0,Clément Turpin,2021-2022,Florent Ogier,Ismaël Traoré,(4-3-2-1),(3-1-4-2),52%,48%,391 of 514 — 76%,76% — 357 of 470,6 of 12 — 50%,56% — 5 of 9,3 of 5 — 60%,66% — 4 of 6,0.0,0.0,7.5,0.0,10,21,4,4,24,15,621,579,14,11,12,12,17,8,12,20,4,0,8,6,24,22,78,74
35.0,Sun,2022-05-01,15:00,Monaco,Angers,2.6,0.7,2–0,4616.0,Hakim Ben El Hadj Salem,2021-2022,Dante,Florian Tardieu,(4-4-2),(5-4-1),61%,39%,488 of 587 — 83%,70% — 265 of 376,3 of 18 — 17%,33% — 3 of 9,3 of 3 — 100%,66% — 2 of 3,1.0,0.0,1.0,0.0,18,11,7,3,37,19,704,492,16,23,13,12,23,13,12,21,1,4,4,14,16,14,48,87
35.0,Sun,2022-05-01,15:00,Brest,Clermont Foot,1.3,1.1,2–0,10592.0,Romain Lissorgue,2021-2022,Alban Lafont,Josuha Guilavogui,(4-2-3-1),(3-4-1-2),56%,44%,466 of 566 — 82%,74% — 322 of 438,6 of 15 — 40%,32% — 6 of 19,3 of 6 — 50%,33% — 2 of 6,1.0,0.0,1.0,0.0,12,15,6,4,22,21,696,548,11,18,11,8,19,17,34,17,1,1,3,11,24,20,66,79
35.0,Sun,2022-05-01,17:05,Bordeaux,Nice,0.3,2.7,0–1,23552.0,Johan Hamel,2021-2022,Nicolas de Préville,Brendan Chardonnet,(3-5-2),(4-3-3),58%,42%,422 of 511 — 83%,73% — 269 of 370,0 of 10 — 0%,19% — 3 of 16,2 of 3 — 66%,% — 0 of 0,4.0,2.0,0.0,0.0,16,17,4,7,12,12,616,454,9,27,11,8,15,15,10,6,1,3,10,11,26,18,55,66
35.0,Sun,2022-05-01,20:45,Marseille,Lyon,1.4,2.4,0–3,68784.0,Antony Gautier,2021-2022,José Fonte,Alexander Djiku,(4-4-2),(5-3-2),46%,54%,300 of 405 — 74%,72% — 343 of 476,3 of 11 — 27%,27% — 3 of 11,3 of 3 — 100%,66% — 2 of 3,2.0,0.0,3.0,0.0,18,18,4,6,23,29,533,588,14,14,13,8,16,16,26,20,5,2,8,8,16,23,67,75
36.0,Fri,2022-05-06,21:00,Lille,Monaco,1.0,0.3,1–2,39088.0,François Letexier,2021-2022,Yunis Abdelhamid,Steve Mandanda,(5-3-2),(4-3-3),30%,70%,254 of 340 — 75%,87% — 699 of 808,2 of 10 — 20%,21% — 3 of 14,2 of 3 — 66%,100% — 2 of 2,1.0,0.0,1.0,0.0,14,7,3,4,15,15,449,888,9,15,13,10,7,10,13,15,1,3,9,8,13,17,61,75
36.0,Sat,2022-05-07,17:00,Brest,Strasbourg,0.4,2.2,0–1,12093.0,Mikael Lesage,2021-2022,Dimitri Liénard,Marquinhos,(5-3-2),(3-4-3),44%,56%,405 of 487 — 83%,89% — 557 of 627,2 of 14 — 14%,43% — 6 of 14,3 of 6 — 50%,0% — 0 of 2,3.0,0.0,3.0,0.0,15,6,2,5,19,7,571,721,14,14,16,11,4,6,8,14,3,1,7,10,11,10,49,48
36.0,Sun,2022-05-08,13:00,Metz,Lyon,2.0,2.0,3–2,20405.0,Eric Wattellier,2021-2022,Seko Fofana,Alban Lafont,(3-4-3),(3-5-2),53%,47%,444 of 545 — 81%,77% — 374 of 484,4 of 19 — 21%,38% — 5 of 13,3 of 5 — 60%,75% — 3 of 4,0.0,1.0,5.0,0.0,7,11,6,5,22,18,659,599,27,17,13,13,10,13,19,20,1,2,5,15,23,21,30,82
36.0,Sun,2022-05-08,15:00,Reims,Lens,0.5,1.8,1–2,16962.0,Vitor Ferreira Fernandes,2021-2022,Hamari Traoré,Eliaquim Mangala,(4-3-3),(5-4-1),72%,28%,686 of 780 — 88%,67% — 201 of 299,3 of 13 — 23%,38% — 3 of 8,3 of 3 — 100%,33% — 1 of 3,1.0,0.0,4.0,0.0,11,15,4,3,17,12,880,398,15,12,4,9,22,15,14,21,2,0,2,13,32,23,104,87
36.0,Sun,2022-05-08,15:00,Angers,Bordeaux,2.9,0.8,4–1,10852.0,Benoît Millot,2021-2022,Florian Tardieu,José Fonte,(5-4-1),(4-4-2),39%,61%,271 of 358 — 76%,84% — 479 of 568,2 of 6 — 33%,11% — 1 of 9,1 of 1 — 100%,100% — 2 of 2,0.0,0.0,5.5,1.0,9,13,1,4,12,21,456,646,14,13,10,7,11,13,17,16,2,1,10,3,23,25,55,75
36.0,Sun,2022-05-08,15:00,Clermont Foot,Montpellier,2.2,1.2,2–1,11587.0,Benoît Bastien,2021-2022,Laurent Abergel,Yunis Abdelhamid,(4-3-3),(5-3-2),52%,48%,393 of 496 — 79%,82% — 376 of 461,8 of 20 — 40%,17% — 2 of 12,0 of 2 — 0%,87% — 7 of 8,2.0,0.0,1.0,0.0,15,13,7,3,22,13,604,590,23,18,8,11,8,13,14,18,1,2,9,4,26,19,71,72
36.0,Sun,2022-05-08,17:05,Lorient,Marseille,0.2,1.6,0–3,16210.0,Bastien Dechepy,2021-2022,Mamadou Sakho,Vincent Pajot,(3-1-4-2),(3-5-2),52%,48%,374 of 496 — 75%,78% — 356 of 455,6 of 18 — 33%,35% — 6 of 17,4 of 6 — 66%,66% — 4 of 6,2.0,0.0,3.0,0.0,9,15,8,1,19,10,630,623,34,31,10,22,11,20,13,22,3,0,8,12,36,17,55,57
36.0,Sun,2022-05-08,20:45,Paris S-G,Troyes,2.4,1.7,2–2,45000.0,Jérôme Brisard,2021-2022,Wissam Ben Yedder,Ismaël Traoré,(4-2-3-1),(3-1-4-2),44%,56%,322 of 433 — 74%,82% — 463 of 562,7 of 15 — 47%,45% — 5 of 11,5 of 5 — 100%,85% — 6 of 7,2.0,0.0,2.0,0.0,14,12,8,5,22,16,542,673,24,9,13,10,12,11,13,23,8,1,8,6,18,17,80,69
36.0,Wed,2022-05-11,19:00,Nice,Saint-Étienne,1.4,2.1,4–2,17704.0,Ruddy Buquet,2021-2022,Brendan Chardonnet,Florent Ogier,(4-4-2),(4-2-3-1),42%,58%,310 of 390 — 79%,82% — 443 of 543,4 of 8 — 50%,44% — 7 of 16,7 of 7 — 100%,50% — 2 of 4,2.0,1.0,2.0,0.0,8,16,5,13,11,34,512,634,24,15,14,9,16,8,26,11,0,3,9,4,17,19,68,61
36.0,Wed,2022-05-11,21:00,Nantes,Rennes,1.2,2.0,2–1,26359.0,Antony Gautier,2021-2022,Josuha Guilavogui,Dante,(3-4-1-2),(4-4-2),45%,55%,316 of 425 — 74%,78% — 410 of 527,1 of 5 — 20%,14% — 2 of 14,1 of 2 — 50%,100% — 1 of 1,1.0,0.0,2.0,0.0,10,12,2,5,7,24,530,620,11,14,12,17,18,12,24,5,5,1,13,7,24,27,92,68
37.0,Sat,2022-05-14,21:00,Strasbourg,Clermont Foot,0.9,0.7,1–0,25231.0,Benoît Millot,2021-2022,Dimitri Payet,Moussa Dembélé,(4-3-3),(4-2-3-1),62%,38%,501 of 594 — 84%,78% — 283 of 364,2 of 9 — 22%,42% — 5 of 12,2 of 5 — 40%,100% — 2 of 2,2.0,0.0,1.0,0.0,5,13,3,6,13,16,676,465,20,14,9,10,12,3,6,17,1,1,9,8,15,19,62,69
37.0,Sat,2022-05-14,21:00,Monaco,Brest,3.1,1.9,4–2,6000.0,Jérôme Brisard,2021-2022,José Fonte,Wissam Ben Yedder,(4-4-2),(4-2-3-1),52%,48%,383 of 509 — 75%,74% — 355 of 477,5 of 15 — 33%,33% — 3 of 9,1 of 3 — 33%,80% — 4 of 5,4.0,0.0,1.0,0.0,10,8,3,5,14,16,621,582,21,20,6,13,18,24,15,17,2,1,9,9,25,18,79,78
37.0,Sat,2022-05-14,21:00,Metz,Angers,0.4,0.7,1–0,17213.0,Jérémie Pignard,2021-2022,Brendan Chardonnet,Dimitri Liénard,(4-4-2),(5-3-2),46%,54%,339 of 444 — 76%,80% — 418 of 524,2 of 7 — 29%,36% — 5 of 14,4 of 5 — 80%,100% — 2 of 2,1.0,0.0,2.0,0.0,5,15,5,5,22,13,562,629,16,16,19,6,19,17,13,19,2,2,5,10,24,22,88,77
37.0,Sat,2022-05-14,21:00,Montpellier,Paris S-G,0.7,2.7,0–4,19586.0,Jeremy Stinat,2021-2022,Vincent Pajot,Moussa Dembélé,(3-5-2),(4-2-3-1),36%,64%,207 of 294 — 70%,81% — 430 of 531,7 of 15 — 47%,29% — 5 of 17,3 of 5 — 60%,57% — 4 of 7,3.0,0.0,2.0,1.0,19,8,3,7,12,23,436,638,25,17,19,6,10,8,37,9,1,1,9,7,16,36,75,84
37.0,Sat,2022-05-14,21:00,Bordeaux,Lorient,1.0,0.6,0–0,23191.0,Ruddy Buquet,2021-2022,Yunis Abdelhamid,Seko Fofana,(3-5-2),(3-4-3),39%,61%,344 of 428 — 80%,87% — 578 of 668,2 of 7 — 29%,24% — 5 of 21,3 of 5 — 60%,50% — 1 of 2,1.0,0.0,2.0,0.0,12,9,3,10,14,34,539,756,15,10,21,15,9,5,24,10,1,0,12,8,13,17,51,65
37.0,Sat,2022-05-14,21:00,Troyes,Lens,0.3,0.8,1–3,19000.0,François Letexier,2021-2022,Ismaël Traoré,Josuha Guilavogui,(5-3-2),(3-4-1-2),42%,58%,250 of 362 — 69%,80% — 394 of 494,8 of 13 — 62%,43% — 3 of 7,2 of 3 — 66%,50% — 4 of 8,1.0,0.0,5.0,0.0,14,18,6,3,26,14,464,600,16,13,10,9,10,18,17,21,1,4,10,11,23,14,64,77
37.0,Sat,2022-05-14,21:00,Rennes,Marseille,1.6,0.4,2–0,28811.0,Benoît Bastien,2021-2022,Florent Ogier,Mamadou Sakho,(4-3-3),(3-4-1-2),49%,51%,349 of 466 — 75%,75% — 359 of 478,3 of 11 — 27%,18% — 2 of 11,1 of 2 — 50%,66% — 2 of 3,2.0,0.0,4.0,0.0,10,15,5,3,14,14,588,602,17,24,13,14,20,16,18,16,1,0,10,7,25,24,78,67
37.0,Sat,2022-05-14,21:00,Lyon,Nantes,2.2,2.0,3–2,54404.0,Florent Batta,2021-2022,Fabien Lemoine,Steve Mandanda,(3-5-2),(4-3-3),32%,68%,251 of 303 — 83%,88% — 567 of 645,0 of 7 — 0%,67% — 6 of 9,3 of 6 — 50%,% — 0 of 0,1.0,0.0,1.0,0.0,22,10,4,8,11,18,393,717,14,14,12,7,4,5,23,8,1,0,6,5,18,16,33,67
37.0,Sat,2022-05-14,21:00,Nice,Lille,1.4,2.0,1–3,24232.0,Thomas Léonard,2021-2022,Marquinhos,Florian Tardieu,(4-2-3-1),(5-4-1),63%,37%,600 of 662 — 91%,82% — 315 of 386,6 of 16 — 38%,25% — 2 of 8,1 of 2 — 50%,83% — 5 of 6,1.0,0.0,2.0,0.0,10,20,7,4,13,16,767,479,21,19,2,8,7,7,11,11,2,1,5,12,10,16,40,42
38.0,Sat,2022-05-21,21:00,Lille,Rennes,1.8,1.2,2–2,40116.0,Amaury Delerue,2021-2022,Dante,Ryad Boudebouz,(4-4-2),(5-4-1),63%,37%,480 of 586 — 82%,72% — 249 of 348,7 of 14 — 50%,50% — 6 of 12,4 of 6 — 66%,42% — 3 of 7,2.0,0.0,3.0,0.0,10,13,2,2,15,15,704,475,25,20,7,21,18,10,9,18,4,1,7,7,26,20,67,70
38.0,Sat,2022-05-21,21:00,Reims,Nice,0.7,1.8,2–3,12589.0,Eric Wattellier,2021-2022,Alban Lafont,Hamari Traoré,(4-2-3-1),(4-3-3),30%,70%,233 of 311 — 75%,88% — 644 of 728,3 of 9 — 33%,29% — 5 of 17,4 of 5 — 80%,33% — 1 of 3,2.0,0.0,1.0,0.0,13,9,5,5,16,24,419,831,10,19,10,9,20,6,27,12,1,0,12,4,14,24,67,76
38.0,Sat,2022-05-21,21:00,Clermont Foot,Lyon,2.3,2.0,1–2,12000.0,Mikael Lesage,2021-2022,Dimitri Liénard,Johan Gastien,(5-3-2),(4-2-3-1),56%,44%,484 of 585 — 83%,78% — 363 of 467,6 of 11 — 55%,25% — 3 of 12,3 of 3 — 100%,83% — 5 of 6,1.0,0.0,2.0,0.0,13,9,3,2,15,16,705,580,27,21,11,6,14,6,19,12,2,0,9,6,18,20,81,70
38.0,Sat,2022-05-21,21:00,Marseille,Strasbourg,2.3,1.1,4–0,63873.0,Stéphanie Frappart,2021-2022,Wissam Ben Yedder,Jean-Kevin Duverne,(4-2-3-1),(4-3-3),57%,43%,419 of 529 — 79%,78% — 313 of 401,7 of 24 — 29%,50% — 5 of 10,3 of 5 — 60%,57% — 4 of 7,2.0,0.0,1.0,0.0,10,12,10,5,27,9,635,537,25,15,5,13,18,15,13,35,2,3,4,12,25,13,54,72
38.0,Sat,2022-05-21,21:00,Paris S-G,Metz,5.4,0.7,5–0,45000.0,Antony Gautier,2021-2022,Dylan Bronn,Ismaël Traoré,(3-4-1-2),(5-3-2),46%,54%,311 of 405 — 77%,79% — 373 of 475,2 of 7 — 29%,36% — 4 of 11,4 of 4 — 100%,50% — 1 of 2,3.0,0.0,1.0,0.0,17,18,1,4,9,25,512,581,12,17,10,12,19,10,23,9,2,0,14,8,20,16,70,62
38.0,Sat,2022-05-21,21:00,Lorient,Troyes,1.2,0.4,1–1,15131.0,Johan Hamel,2021-2022,Jordan Ferri,Marquinhos,(5-4-1),(4-3-3),31%,69%,271 of 339 — 80%,91% — 703 of 772,3 of 10 — 30%,57% — 8 of 14,5 of 8 — 62%,100% — 3 of 3,2.0,0.0,4.0,0.0,9,7,0,2,7,6,428,865,20,16,12,11,4,6,7,8,4,4,10,8,17,18,37,72
38.0,Sat,2022-05-21,21:00,Angers,Montpellier,2.5,1.6,2–0,11249.0,Romain Lissorgue,2021-2022,Josuha Guilavogui,Fabien Lemoine,(3-4-1-2),(4-3-3),48%,52%,361 of 477 — 76%,80% — 420 of 524,1 of 14 — 7%,15% — 2 of 13,2 of 2 — 100%,100% — 1 of 1,4.0,1.0,4.0,0.0,10,11,3,1,18,14,590,649,17,23,9,10,19,12,11,23,0,0,11,8,25,25,79,96
38.0,Sat,2022-05-21,21:00,Lens,Monaco,1.6,1.4,2–2,37764.0,Benoît Bastien,2021-2022,Florian Tardieu,Seko Fofana,(5-4-1),(3-4-3),48%,52%,445 of 530 — 84%,87% — 503 of 576,2 of 6 — 33%,60% — 9 of 15,6 of 9 — 66%,50% — 1 of 2,1.0,0.0,2.0,0.0,9,9,5,7,16,14,619,683,18,23,13,8,1,3,8,17,0,4,4,2,26,26,42,45
38.0,Sat,2022-05-21,21:00,Nantes,Saint-Étienne,2.0,1.6,1–1,28636.0,François Letexier,2021-2022,Hamari Traoré,Steve Mandanda,(4-3-3),(4-3-3),40%,60%,326 of 431 — 76%,84% — 545 of 645,4 of 12 — 33%,0% — 0 of 8,0 of 0 — %,50% — 2 of 4,1.0,0.0,2.0,0.0,14,8,6,1,15,13,508,718,12,8,11,8,22,12,8,11,1,4,8,6,13,18,84,80
38.0,Sat,2022-05-21,21:00,Brest,Bordeaux,0.9,2.8,2–4,14484.0,Hakim Ben El Hadj Salem,2021-2022,Moussa Dembélé,Alban Lafont,(4-3-3),(3-5-2),62%,38%,573 of 672 — 85%,79% — 329 of 418,6 of 17 — 35%,35% — 6 of 17,4 of 6 — 66%,50% — 3 of 6,1.0,0.0,0.0,0.0,12,10,5,6,20,16,780,519,14,17,12,15,10,11,16,12,4,0,9,7,19,16,48,68
,,,,,,,,,,,,Ryad Boudebouz,Yunis Abdelhamid,(3-4-1-2),(4-5-1),56%,44%,471 of 585 — 81%,78% — 360 of 464,6 of 16 — 38%,41% — 7 of 17,5 of 7 — 71%,83% — 5 of 6,1.0,0.0,0.0,0.0,8,9,3,2,25,14,684,592,13,18,2,12,19,23,16,20,0,0,8,11,30,17,103,75
,,,,,,,,,,,,Dante,José Fonte,(4-4-2),(4-4-2),59%,41%,442 of 561 — 79%,72% — 282 of 393,6 of 16 — 38%,56% — 5 of 9,2 of 5 — 40%,83% — 5 of 6,2.0,0.0,3.0,0.0,11,9,10,3,31,9,656,510,16,14,7,18,17,12,8,31,1,1,5,17,26,19,71,82
,,,,,,,,,,,,José Fonte,Hamari Traoré,(4-4-2),(4-3-3),50%,50%,399 of 492 — 81%,82% — 410 of 498,4 of 13 — 31%,23% — 3 of 13,1 of 3 — 33%,50% — 2 of 4,2.0,0.0,2.0,0.0,12,14,7,4,19,14,590,617,7,20,10,9,19,14,15,18,0,1,6,4,24,15,97,50
,,,,,,,,,,,,Yunis Abdelhamid,Dante,(3-5-2),(4-4-2),45%,55%,379 of 464 — 82%,83% — 464 of 561,4 of 5 — 80%,31% — 5 of 16,3 of 5 — 60%,50% — 2 of 4,0.0,0.0,2.0,0.0,8,14,2,7,10,35,576,655,17,17,9,11,18,11,23,9,1,0,11,6,18,21,73,62
,,,,,,,,,,,,Florent Ogier,Moussa Dembélé,(4-2-3-1),(4-1-4-1),45%,55%,370 of 447 — 83%,87% — 466 of 537,2 of 17 — 12%,24% — 5 of 21,3 of 5 — 60%,50% — 1 of 2,2.0,0.0,2.0,0.0,10,15,10,4,26,13,562,672,19,19,8,6,8,5,12,24,1,0,4,10,14,14,60,49
,,,,,,,,,,,,Steve Mandanda,Alexander Djiku,(3-2-4-1),(5-3-2),60%,40%,470 of 555 — 85%,75% — 277 of 369,11 of 17 — 65%,40% — 4 of 10,4 of 4 — 100%,63% — 7 of 11,2.0,0.0,1.0,0.0,11,16,7,3,14,14,647,465,11,18,13,2,18,10,17,15,1,1,11,9,12,16,68,67
,,,,,,,,,,,,Marquinhos,Dylan Bronn,(4-2-3-1),(5-4-1),75%,25%,717 of 786 — 91%,74% — 196 of 266,11 of 27 — 41%,25% — 1 of 4,1 of 1 — 100%,54% — 6 of 11,1.0,0.0,3.5,0.0,7,12,4,2,7,8,879,372,15,25,7,17,5,8,5,13,2,2,7,9,15,12,45,42
,,,,,,,,,,,,Fabien Lemoine,Florian Tardieu,(4-3-3),(5-4-1),58%,42%,504 of 579 — 87%,83% — 349 of 421,6 of 16 — 38%,38% — 3 of 8,2 of 3 — 66%,83% — 5 of 6,2.0,0.0,2.0,1.0,18,10,6,4,23,18,677,518,16,17,11,12,7,5,11,15,0,0,8,14,20,11,68,55
,,,,,,,,,,,,Romain Thomas,Jordan Ferri,(5-3-2),(4-4-2),52%,48%,469 of 552 — 85%,80% — 415 of 516,2 of 18 — 11%,7% — 1 of 14,1 of 1 — 100%,50% — 1 of 2,1.0,0.0,4.0,0.0,17,12,4,3,18,18,668,610,13,21,12,5,12,9,18,15,0,3,11,9,10,18,57,79
,,,,,,,,,,,,Seko Fofana,Wissam Ben Yedder,(3-4-3),(4-2-3-1),60%,40%,500 of 612 — 82%,74% — 303 of 412,10 of 28 — 36%,33% — 4 of 12,2 of 4 — 50%,80% — 8 of 10,2.0,0.0,3.0,0.0,5,7,10,8,37,16,726,531,13,12,10,16,10,11,21,25,0,2,6,11,20,22,60,71
,,,,,,,,,,,,Alban Lafont,Wahbi Khazri,(3-4-3),(3-4-1-2),53%,47%,437 of 544 — 80%,78% — 379 of 483,3 of 11 — 27%,23% — 3 of 13,2 of 3 — 66%,100% — 3 of 3,2.0,0.0,0.0,0.0,8,9,5,5,13,18,649,591,17,17,8,10,18,17,13,9,1,2,4,11,25,24,76,69
,,,,,,,,,,,,Brendan Chardonnet,Josuha Guilavogui,(4-4-2),(3-4-1-2),48%,52%,398 of 481 — 83%,84% — 432 of 514,7 of 11 — 64%,47% — 7 of 15,3 of 7 — 42%,71% — 5 of 7,1.0,0.0,0.0,0.0,10,12,10,1,27,8,559,611,8,18,14,4,9,7,4,17,1,0,6,6,19,11,70,53
,,,,,,,,,,,,,,,,,,,,,,,,,,,,,,,,,,,,,,,,,,,,,,,,,,,
,,,,,,,,,,,,,,,,,,,,,,,,,,,,,,,,,,,,,,,,,,,,,,,,,,,
