Wk,Day,Date,Time,Home,Away,xG,xG.1,Score,Attendance,Referee,season,t1_captain,t2_captain,t1_formation,t2_formation,t1_possession,t2_possession,t1_passing,t2_passing,t1_shots,t2_shots,t1_saves,t2_saves,t1_yellow_cards,t1_red_cards,t2_yellow_cards,t2_red_cards,t1_fouls,t2_fouls,t1_corners,t2_corners,t1_crosses,t2_crosses,t1_touches,t2_touches,t1_tackles,t2_tackles,t1_interceptions,t2_interceptions,t1_aerials_won,t2_aerials_won,t1_clearances,t2_clearances,t1_offsides,t2_offsides,t1_goal_kicks,t2_goal_kicks,t1_throw_ins,t2_throw_ins,t1_long_balls,t2_long_balls
1.0,Fri,2023-08-11,20:00,Burnley,Manchester City,0.3,1.9,0–3,21572.0,Craig Pawson,2023-2024,Josh Cullen,Kevin De Bruyne,(5-4-1),(4-2-3-1),35%,65%,313 of 395 — 79%,89% — 655 of 740,1 of 6 — 17%,47% — 8 of 17,5 of 8 — 62%,100% — 1 of 1,0.0,1,0.0,0,11,8,6,5,7,15,496,835,12,17,7,4,13,13,16,7,0,1,5,7,15,13,65,77
1.0,Sat,2023-08-12,12:30,Arsenal,Nott'ham Forest,0.8,1.2,2–1,59984.0,Michael Oliver,2023-2024,Martin Ødegaard,Joe Worrall,(4-3-3),(3-4-3),78%,22%,716 of 807 — 89%,68% — 154 of 228,7 of 15 — 47%,33% — 2 of 6,1 of 2 — 50%,71% — 5 of 7,2.0,0,2.0,0,12,12,8,3,14,6,902,336,19,17,7,8,12,20,9,18,2,1,8,5,18,9,38,54
1.0,Sat,2023-08-12,15:00,Everton,Fulham,2.7,1.5,0–1,39940.0,Stuart Attwell,2023-2024,James Tarkowski,Tom Cairney,(4-4-1-1),(4-3-3),42%,58%,316 of 426 — 74%,83% — 498 of 600,9 of 19 — 47%,22% — 2 of 9,1 of 2 — 50%,100% — 9 of 9,0.0,0,2.0,0,12,6,10,4,26,11,531,691,13,10,13,4,9,14,16,31,6,3,9,7,27,22,76,53
1.0,Sat,2023-08-12,15:00,Brighton,Luton Town,4.0,1.5,4–1,31872.0,David Coote,2023-2024,Lewis Dunk,Tom Lockyer,(4-2-3-1),(3-5-2),70%,30%,579 of 651 — 89%,68% — 189 of 276,11 of 26 — 42%,25% — 2 of 8,2 of 2 — 100%,72% — 8 of 11,2.0,0,2.0,0,11,12,6,7,23,22,769,395,13,17,4,9,12,21,14,28,2,3,8,11,16,11,42,73
1.0,Sat,2023-08-12,15:00,Sheffield Utd,Crystal Palace,0.5,1.9,0–1,31194.0,John Brooks,2023-2024,John Egan,Joel Ward,(3-4-3),(4-2-3-1),32%,68%,181 of 297 — 61%,82% — 503 of 617,1 of 8 — 13%,33% — 8 of 24,7 of 8 — 87%,100% — 1 of 1,3.0,0,0.0,0,18,11,5,5,14,17,441,745,22,21,11,4,13,31,36,16,2,2,10,6,18,31,81,72
1.0,Sat,2023-08-12,15:00,Bournemouth,West Ham,1.3,1.1,1–1,11245.0,Peter Bankes,2023-2024,Neto,Kurt Zouma,(4-2-3-1),(4-2-3-1),62%,38%,450 of 566 — 80%,68% — 233 of 345,5 of 14 — 36%,13% — 2 of 16,1 of 2 — 50%,80% — 4 of 5,1.0,0,4.0,0,9,14,10,4,23,14,693,489,17,30,7,6,16,29,13,32,0,2,8,11,21,22,79,65
1.0,Sat,2023-08-12,17:30,Newcastle Utd,Aston Villa,3.3,1.8,5–1,52207.0,Andy Madley,2023-2024,Kieran Trippier,John McGinn,(4-3-3),(4-2-3-1),52%,48%,452 of 536 — 84%,84% — 412 of 491,12 of 17 — 71%,38% — 6 of 16,5 of 6 — 83%,58% — 7 of 12,4.0,0,4.0,0,12,17,6,5,11,16,646,588,16,13,7,6,5,6,15,14,2,0,8,5,15,23,49,37
1.0,Sun,2023-08-13,14:00,Brentford,Tottenham,2.2,1.3,2–2,17066.0,Robert Jones,2023-2024,Christian Nørgaard,Son Heung-min,(5-3-2),(4-2-3-1),31%,69%,256 of 344 — 74%,87% — 658 of 754,5 of 10 — 50%,33% — 6 of 18,4 of 6 — 66%,80% — 4 of 5,1.0,0,4.0,0,12,13,3,6,13,23,464,864,17,16,8,10,15,11,35,18,1,0,7,5,20,16,66,43
1.0,Sun,2023-08-13,16:30,Chelsea,Liverpool,1.4,1.3,1–1,40096.0,Anthony Taylor,2023-2024,Reece James,Virgil van Dijk,(3-4-3),(4-3-3),65%,35%,645 of 755 — 85%,77% — 316 of 411,4 of 10 — 40%,8% — 1 of 13,0 of 1 — 0%,75% — 3 of 4,3.0,0,3.0,0,5,13,4,4,26,12,862,542,13,19,7,10,11,6,18,39,3,5,6,10,23,11,65,58
1.0,Mon,2023-08-14,20:00,Manchester Utd,Wolves,2.2,2.2,1–0,73358.0,Simon Hooper,2023-2024,Bruno Fernandes,Max Kilman,(4-1-4-1),(4-4-2),51%,49%,402 of 502 — 80%,79% — 386 of 487,2 of 15 — 13%,26% — 6 of 23,6 of 6 — 100%,50% — 1 of 2,2.0,0,3.0,0,15,10,8,7,17,23,643,634,18,23,8,18,7,17,21,20,1,3,8,9,14,16,51,53
2.0,Fri,2023-08-18,19:45,Nott'ham Forest,Sheffield Utd,1.4,0.5,2–1,29432.0,Peter Bankes,2023-2024,Joe Worrall,John Egan,(3-4-3),(3-4-3),50%,50%,371 of 494 — 75%,73% — 356 of 487,4 of 16 — 25%,43% — 3 of 7,2 of 3 — 66%,50% — 2 of 4,2.0,0,3.0,0,5,9,6,7,21,20,624,613,20,22,14,17,30,20,25,16,3,2,6,9,30,23,70,77
2.0,Sat,2023-08-19,15:00,Wolves,Brighton,2.1,2.2,1–4,31317.0,Andy Madley,2023-2024,Max Kilman,Lewis Dunk,(4-4-1-1),(4-2-3-1),47%,53%,419 of 509 — 82%,86% — 501 of 585,5 of 16 — 31%,50% — 8 of 16,4 of 8 — 50%,80% — 4 of 5,6.5,0,6.0,0,14,11,5,3,16,9,604,710,20,25,6,10,5,5,7,21,4,7,5,9,16,14,53,46
2.0,Sat,2023-08-19,15:00,Fulham,Brentford,0.5,3.7,0–3,24236.0,Darren Bond,2023-2024,Tim Ream,Christian Nørgaard,(4-3-3),(4-3-3),55%,45%,419 of 513 — 82%,81% — 344 of 427,2 of 10 — 20%,44% — 7 of 16,5 of 7 — 71%,100% — 2 of 2,5.5,0,2.0,0,13,12,5,5,16,15,598,527,10,13,3,9,12,12,23,24,1,4,7,5,18,13,60,61
2.0,Sat,2023-08-19,15:00,Liverpool,Bournemouth,3.0,1.3,3–1,53145.0,Thomas Bramall,2023-2024,Virgil van Dijk,Neto,(4-3-3),(4-2-3-1),64%,36%,540 of 640 — 84%,71% — 259 of 363,9 of 25 — 36%,38% — 5 of 13,4 of 5 — 80%,66% — 6 of 9,1.0,1,3.0,0,11,13,10,2,16,10,766,500,15,18,11,14,19,11,15,27,0,3,10,10,18,21,67,49
2.0,Sat,2023-08-19,17:30,Tottenham,Manchester Utd,1.7,2.1,2–0,61910.0,Michael Oliver,2023-2024,Son Heung-min,Bruno Fernandes,(4-2-3-1),(4-2-3-1),55%,45%,460 of 549 — 84%,81% — 360 of 443,6 of 17 — 35%,27% — 6 of 22,6 of 6 — 100%,83% — 5 of 6,1.0,0,3.0,0,9,8,5,6,16,14,675,584,15,22,5,8,3,10,20,18,1,4,9,7,18,18,38,49
2.0,Sat,2023-08-19,20:00,Manchester City,Newcastle Utd,1.0,0.3,1–0,53419.0,Robert Jones,2023-2024,Kyle Walker,Kieran Trippier,(4-2-3-1),(4-3-3),59%,41%,632 of 714 — 89%,86% — 432 of 505,4 of 14 — 29%,14% — 1 of 7,1 of 1 — 100%,75% — 3 of 4,1.0,0,5.0,0,13,11,3,0,7,5,788,582,11,10,4,7,3,6,10,11,1,4,4,8,19,12,63,58
2.0,Sun,2023-08-20,14:00,Aston Villa,Everton,2.9,0.6,4–0,41694.0,Anthony Taylor,2023-2024,John McGinn,James Tarkowski,(4-2-3-1),(4-1-4-1),60%,40%,527 of 599 — 88%,78% — 311 of 399,6 of 12 — 50%,22% — 2 of 9,2 of 2 — 100%,50% — 3 of 6,3.0,0,4.0,0,8,12,7,6,12,18,698,479,9,14,3,6,9,8,18,10,1,1,8,6,15,15,48,67
2.0,Sun,2023-08-20,16:30,West Ham,Chelsea,1.8,2.5,3–1,62451.0,John Brooks,2023-2024,Kurt Zouma,Ben Chilwell,(4-2-3-1),(3-4-3),25%,75%,178 of 261 — 68%,86% — 661 of 773,5 of 11 — 45%,19% — 3 of 16,2 of 3 — 66%,60% — 3 of 5,5.5,0,3.0,0,12,9,3,9,9,34,391,872,14,16,18,3,11,19,27,13,3,2,10,5,15,16,50,29
2.0,Mon,2023-08-21,20:00,Crystal Palace,Arsenal,1.0,2.0,0–1,24189.0,David Coote,2023-2024,Joel Ward,Martin Ødegaard,(4-2-3-1),(4-3-3),47%,53%,392 of 471 — 83%,83% — 436 of 527,2 of 14 — 14%,15% — 2 of 13,2 of 2 — 100%,100% — 2 of 2,2.0,0,4.5,0,14,10,1,8,21,21,574,627,14,14,5,8,14,13,19,18,0,2,6,7,17,10,53,63
3.0,Fri,2023-08-25,20:00,Chelsea,Luton Town,2.2,0.4,3–0,39893.0,Robert Jones,2023-2024,Ben Chilwell,Tom Lockyer,(3-4-3),(5-3-2),67%,33%,621 of 684 — 91%,76% — 256 of 338,8 of 19 — 42%,9% — 1 of 11,1 of 1 — 100%,62% — 5 of 8,2.0,0,3.0,0,15,12,6,4,16,18,789,427,10,18,9,5,14,6,11,19,0,0,11,8,13,10,52,57
3.0,Sat,2023-08-26,12:30,Bournemouth,Tottenham,0.7,2.1,0–2,10567.0,Tim Robinson,2023-2024,Neto,Son Heung-min,(4-2-3-1),(4-2-3-1),44%,56%,338 of 443 — 76%,88% — 498 of 568,3 of 11 — 27%,35% — 6 of 17,4 of 6 — 66%,100% — 3 of 3,1.0,0,3.0,0,18,11,6,2,22,10,547,698,17,22,8,12,12,8,12,29,3,0,9,6,23,17,59,36
3.0,Sat,2023-08-26,15:00,Everton,Wolves,1.3,1.1,0–1,38851.0,Craig Pawson,2023-2024,James Tarkowski,Max Kilman,(4-1-4-1),(4-4-1-1),47%,53%,362 of 460 — 79%,83% — 436 of 523,7 of 15 — 47%,18% — 2 of 11,1 of 2 — 50%,100% — 7 of 7,3.0,0,4.0,0,10,14,7,0,27,14,566,636,26,18,10,5,14,9,8,20,1,1,7,11,23,26,68,72
3.0,Sat,2023-08-26,15:00,Manchester Utd,Nott'ham Forest,2.8,1.2,3–2,73595.0,Stuart Attwell,2023-2024,Bruno Fernandes,Joe Worrall,(4-2-3-1),(3-4-3),66%,34%,567 of 681 — 83%,70% — 246 of 353,8 of 17 — 47%,44% — 4 of 9,2 of 4 — 50%,75% — 6 of 8,4.0,0,4.0,1,13,11,11,3,23,12,780,475,15,19,7,14,11,21,25,31,3,2,3,9,15,14,55,64
3.0,Sat,2023-08-26,15:00,Brentford,Crystal Palace,1.0,0.8,1–1,16997.0,Peter Bankes,2023-2024,Christian Nørgaard,Joel Ward,(4-3-3),(4-2-3-1),60%,40%,465 of 566 — 82%,79% — 301 of 382,1 of 12 — 8%,33% — 5 of 15,4 of 5 — 80%,0% — 0 of 1,0.0,0,0.0,0,9,15,8,6,23,17,670,508,9,20,6,6,19,17,9,25,2,2,7,6,18,13,65,46
3.0,Sat,2023-08-26,15:00,Arsenal,Fulham,3.2,0.6,2–2,59961.0,Paul Tierney,2023-2024,Martin Ødegaard,Bobby Reid,(4-3-3),(4-3-3),71%,29%,644 of 741 — 87%,71% — 211 of 299,9 of 18 — 50%,38% — 3 of 8,1 of 3 — 33%,88% — 8 of 9,0.0,0,7.5,0,6,5,8,3,32,11,845,415,14,18,6,6,9,14,11,37,4,1,5,9,19,6,58,61
3.0,Sat,2023-08-26,17:30,Brighton,West Ham,1.5,3.0,1–3,31508.0,Anthony Taylor,2023-2024,Lewis Dunk,Kurt Zouma,(4-2-3-1),(4-1-4-1),78%,22%,697 of 812 — 86%,65% — 153 of 235,10 of 25 — 40%,58% — 7 of 12,4 of 7 — 57%,90% — 9 of 10,1.0,0,3.0,0,10,9,17,4,41,10,911,386,12,15,6,19,13,13,12,43,1,2,5,12,15,9,53,53
3.0,Sun,2023-08-27,14:00,Sheffield Utd,Manchester City,0.7,3.5,1–2,31336.0,Jarred Gillett,2023-2024,John Egan,Kyle Walker,(3-5-2),(4-2-3-1),21%,79%,148 of 213 — 69%,89% — 707 of 793,1 of 6 — 17%,31% — 9 of 29,7 of 9 — 77%,0% — 0 of 1,4.0,0,0.0,0,11,2,1,12,3,35,325,893,11,12,5,4,5,12,31,6,1,2,14,6,11,11,52,52
3.0,Sun,2023-08-27,14:00,Burnley,Aston Villa,0.7,2.5,1–3,21591.0,Michael Salisbury,2023-2024,Josh Cullen,John McGinn,(4-4-2),(3-4-3),57%,43%,553 of 636 — 87%,82% — 395 of 479,2 of 9 — 22%,38% — 6 of 16,3 of 6 — 50%,50% — 1 of 2,2.0,0,0.0,0,12,11,4,6,16,11,712,570,10,15,11,6,9,8,14,15,5,1,4,6,14,10,42,56
3.0,Sun,2023-08-27,16:30,Newcastle Utd,Liverpool,2.0,0.9,1–2,52214.0,John Brooks,2023-2024,Kieran Trippier,Virgil van Dijk,(4-3-3),(4-3-3),59%,41%,533 of 623 — 86%,79% — 336 of 427,8 of 23 — 35%,44% — 4 of 9,2 of 4 — 50%,87% — 7 of 8,1.0,0,2.0,1,16,10,5,9,13,16,721,528,19,12,5,8,9,8,15,19,0,1,6,14,13,20,48,65
4.0,Fri,2023-09-01,20:00,Luton Town,West Ham,1.4,1.0,1–2,10802.0,Paul Tierney,2023-2024,Carlton Morris,Kurt Zouma,(5-3-2),(4-2-3-1),39%,61%,295 of 419 — 70%,80% — 526 of 655,1 of 16 — 6%,33% — 3 of 9,1 of 3 — 33%,0% — 0 of 1,1.0,0,1.0,0,8,13,9,6,31,15,547,780,14,22,7,9,20,19,25,34,0,6,7,11,21,20,90,81
4.0,Sat,2023-09-02,12:30,Sheffield Utd,Everton,1.2,2.5,2–2,31124.0,Andy Madley,2023-2024,John Egan,James Tarkowski,(3-5-2),(4-4-1-1),46%,54%,317 of 435 — 73%,74% — 383 of 518,7 of 13 — 54%,38% — 6 of 16,4 of 6 — 66%,85% — 6 of 7,1.0,0,2.0,0,11,13,4,6,14,24,563,635,16,23,11,7,18,19,39,18,1,2,7,2,27,26,79,74
4.0,Sat,2023-09-02,15:00,Brentford,Bournemouth,2.9,2.1,2–2,16973.0,Robert Madley,2023-2024,Christian Nørgaard,Neto,(4-3-3),(4-2-3-1),60%,40%,429 of 529 — 81%,70% — 243 of 346,7 of 21 — 33%,42% — 5 of 12,3 of 5 — 60%,71% — 5 of 7,1.0,0,2.0,0,6,13,5,2,23,12,662,483,22,22,6,1,22,15,15,28,1,1,8,14,18,20,71,73
4.0,Sat,2023-09-02,15:00,Manchester City,Fulham,2.2,1.4,5–1,52899.0,Michael Oliver,2023-2024,Kyle Walker,Tom Cairney,(4-2-3-1),(4-3-3),68%,32%,681 of 766 — 89%,79% — 290 of 367,4 of 6 — 67%,67% — 4 of 6,3 of 4 — 75%,0% — 0 of 4,2.0,0,4.0,0,12,12,4,5,9,11,838,447,17,11,8,7,8,6,11,12,1,1,4,1,21,15,66,51
4.0,Sat,2023-09-02,15:00,Chelsea,Nott'ham Forest,2.3,0.8,0–1,39820.0,Tim Robinson,2023-2024,Ben Chilwell,Joe Worrall,(3-4-3),(3-4-3),75%,25%,668 of 787 — 85%,60% — 155 of 258,2 of 21 — 10%,43% — 3 of 7,2 of 3 — 66%,100% — 2 of 2,3.0,0,4.0,0,10,9,7,0,38,4,907,397,16,23,6,9,24,13,11,42,2,3,5,13,26,16,44,57
4.0,Sat,2023-09-02,15:00,Burnley,Tottenham,1.3,2.2,2–5,21750.0,Darren England,2023-2024,Josh Cullen,Son Heung-min,(4-4-2),(4-2-3-1),47%,53%,413 of 515 — 80%,86% — 505 of 586,4 of 16 — 25%,52% — 11 of 21,6 of 11 — 54%,50% — 2 of 4,4.0,0,3.0,0,15,9,7,4,12,7,627,720,27,19,8,13,8,9,11,19,2,1,7,9,22,11,78,49
4.0,Sat,2023-09-02,17:30,Brighton,Newcastle Utd,1.3,1.2,3–1,31620.0,Stuart Attwell,2023-2024,Lewis Dunk,Kieran Trippier,(4-2-3-1),(4-3-3),56%,44%,528 of 595 — 89%,83% — 391 of 469,6 of 15 — 40%,22% — 2 of 9,1 of 2 — 50%,50% — 3 of 6,4.0,0,4.0,0,14,17,5,3,9,11,701,564,8,18,11,3,12,5,12,14,5,0,9,7,12,12,50,57
4.0,Sun,2023-09-03,14:00,Crystal Palace,Wolves,2.1,1.2,3–2,24741.0,Robert Jones,2023-2024,Joel Ward,Max Kilman,(4-3-3),(4-4-2),43%,57%,334 of 431 — 77%,82% — 468 of 574,10 of 16 — 63%,33% — 4 of 12,2 of 4 — 50%,70% — 7 of 10,1.0,0,3.0,0,12,12,4,2,17,22,545,676,24,26,10,8,12,13,20,14,1,2,13,7,16,22,66,59
4.0,Sun,2023-09-03,14:00,Liverpool,Aston Villa,2.5,0.7,3–0,50109.0,Simon Hooper,2023-2024,Trent Alexander-Arnold,John McGinn,(4-3-3),(4-4-2),63%,37%,653 of 727 — 90%,81% — 343 of 422,4 of 17 — 24%,33% — 3 of 9,3 of 3 — 100%,50% — 2 of 4,0.0,0,1.0,0,12,7,7,3,13,10,817,512,14,15,8,9,8,2,11,17,6,1,7,8,11,16,46,60
4.0,Sun,2023-09-03,16:30,Arsenal,Manchester Utd,2.3,0.9,3–1,60192.0,Anthony Taylor,2023-2024,Martin Ødegaard,Bruno Fernandes,(4-3-3),(4-2-3-1),55%,45%,490 of 583 — 84%,84% — 406 of 481,5 of 17 — 29%,20% — 2 of 10,1 of 2 — 50%,40% — 2 of 5,2.0,0,3.0,0,8,7,12,3,26,3,680,589,11,15,8,8,13,13,8,28,2,1,1,8,17,14,45,53
5.0,Sat,2023-09-16,12:30,Wolves,Liverpool,0.6,2.5,1–3,31257.0,Michael Oliver,2023-2024,Max Kilman,Andrew Robertson,(4-2-3-1),(4-3-3),35%,65%,330 of 414 — 80%,87% — 673 of 778,2 of 11 — 18%,31% — 5 of 16,3 of 5 — 60%,50% — 1 of 2,1.0,0,3.0,0,10,4,4,4,15,18,545,884,22,24,13,9,7,11,23,20,1,0,7,8,23,26,55,58
5.0,Sat,2023-09-16,15:00,Tottenham,Sheffield Utd,2.1,0.7,2–1,61706.0,Peter Bankes,2023-2024,Son Heung-min,Chris Basham,(4-2-3-1),(3-5-2),70%,30%,579 of 683 — 85%,68% — 202 of 295,10 of 28 — 36%,71% — 5 of 7,4 of 5 — 80%,80% — 8 of 10,6.0,0,8.5,0,13,14,15,2,32,6,794,428,17,22,6,10,15,21,7,38,2,3,1,13,23,11,47,66
5.0,Sat,2023-09-16,15:00,West Ham,Manchester City,0.9,3.6,1–3,62475.0,Andy Madley,2023-2024,Kurt Zouma,Kyle Walker,(4-2-3-1),(4-2-3-1),32%,68%,297 of 352 — 84%,90% — 676 of 747,3 of 6 — 50%,45% — 13 of 29,10 of 13 — 76%,66% — 2 of 3,3.0,0,2.0,0,7,11,4,11,12,25,474,837,14,11,14,7,12,8,34,9,1,0,7,2,12,13,42,46
5.0,Sat,2023-09-16,15:00,Aston Villa,Crystal Palace,3.0,1.2,3–1,40809.0,Darren England,2023-2024,John McGinn,Joel Ward,(4-2-3-1),(4-4-1-1),66%,34%,561 of 665 — 84%,73% — 248 of 339,4 of 15 — 27%,50% — 3 of 6,2 of 3 — 66%,50% — 2 of 4,5.0,0,3.0,0,13,9,4,2,29,14,786,479,26,23,7,12,11,6,12,36,1,0,7,2,23,19,65,58
5.0,Sat,2023-09-16,15:00,Fulham,Luton Town,1.0,1.1,1–0,24467.0,Michael Salisbury,2023-2024,Tim Ream,Tom Lockyer,(4-3-3),(5-3-2),77%,23%,765 of 858 — 89%,68% — 176 of 260,2 of 13 — 15%,29% — 2 of 7,2 of 2 — 100%,50% — 1 of 2,2.0,0,2.0,0,6,14,6,2,24,12,947,366,17,20,7,11,11,18,10,17,0,1,6,10,23,18,58,46
5.0,Sat,2023-09-16,15:00,Manchester Utd,Brighton,1.0,1.7,1–3,73592.0,Jarred Gillett,2023-2024,Bruno Fernandes,Lewis Dunk,(4-1-2-1-2),(4-2-3-1),44%,56%,445 of 539 — 83%,91% — 614 of 677,4 of 14 — 29%,80% — 8 of 10,5 of 8 — 62%,75% — 3 of 4,2.0,0,2.0,0,8,9,8,1,19,4,612,788,16,19,4,10,1,5,2,19,4,1,4,8,14,9,60,54
5.0,Sat,2023-09-16,17:30,Newcastle Utd,Brentford,1.4,0.5,1–0,51670.0,Craig Pawson,2023-2024,Kieran Trippier,Christian Nørgaard,(4-3-3),(5-3-2),56%,44%,396 of 523 — 76%,70% — 286 of 406,1 of 8 — 13%,18% — 2 of 11,2 of 2 — 100%,100% — 1 of 1,3.0,0,5.0,0,8,12,8,3,26,15,627,526,12,30,6,9,22,20,20,26,0,1,10,7,27,20,61,77
5.0,Sun,2023-09-17,14:00,Bournemouth,Chelsea,1.0,1.8,0–0,10421.0,David Coote,2023-2024,Neto,Conor Gallagher,(4-2-3-1),(4-2-3-1),36%,64%,269 of 353 — 76%,86% — 542 of 633,4 of 13 — 31%,43% — 6 of 14,6 of 6 — 100%,100% — 4 of 4,1.0,0,5.0,0,15,20,1,7,16,14,477,733,14,9,17,5,6,5,27,16,1,2,7,12,18,18,54,51
5.0,Sun,2023-09-17,16:30,Everton,Arsenal,0.3,1.0,0–1,39217.0,Simon Hooper,2023-2024,James Tarkowski,Martin Ødegaard,(4-5-1),(4-3-3),26%,74%,170 of 255 — 67%,87% — 627 of 721,1 of 8 — 13%,31% — 4 of 13,3 of 4 — 75%,100% — 1 of 1,1.0,0,1.0,0,12,10,1,11,5,18,348,797,19,9,10,6,10,9,17,12,1,4,9,5,11,24,64,66
5.0,Mon,2023-09-18,19:45,Nott'ham Forest,Burnley,0.7,0.5,1–1,28958.0,Robert Jones,2023-2024,Joe Worrall,Josh Brownhill,(4-2-3-1),(4-2-3-1),46%,54%,347 of 455 — 76%,80% — 424 of 529,4 of 14 — 29%,30% — 3 of 10,2 of 3 — 66%,75% — 3 of 4,2.0,0,3.0,1,16,10,5,4,18,18,557,640,13,10,6,7,17,13,18,32,2,2,8,6,19,20,69,67
6.0,Sat,2023-09-23,15:00,Luton Town,Wolves,2.1,0.6,1–1,10893.0,Joshua Smith,2023-2024,Tom Lockyer,Max Kilman,(3-4-3),(4-2-3-1),57%,43%,364 of 501 — 73%,72% — 279 of 385,3 of 19 — 16%,100% — 3 of 3,2 of 3 — 66%,100% — 3 of 3,0.0,0,2.0,1,12,17,10,1,44,6,609,523,20,14,8,4,19,21,5,39,1,1,2,18,21,13,83,70
6.0,Sat,2023-09-23,15:00,Manchester City,Nott'ham Forest,1.3,1.0,2–0,53413.0,Anthony Taylor,2023-2024,Kyle Walker,Serge Aurier,(4-2-3-1),(5-4-1),57%,43%,525 of 599 — 88%,82% — 369 of 450,4 of 7 — 57%,30% — 3 of 10,3 of 3 — 100%,50% — 2 of 4,3.0,1,7.0,0,5,17,6,6,11,17,689,537,8,18,6,8,7,7,22,14,0,3,8,3,15,14,65,40
6.0,Sat,2023-09-23,15:00,Crystal Palace,Fulham,0.3,0.6,0–0,25072.0,Paul Tierney,2023-2024,Joel Ward,Tim Ream,(4-2-3-1),(4-3-3),51%,49%,411 of 521 — 79%,80% — 404 of 502,3 of 7 — 43%,50% — 5 of 10,5 of 5 — 100%,100% — 3 of 3,3.0,0,2.0,0,10,15,3,2,15,18,620,620,14,27,5,9,13,16,24,20,3,1,6,2,20,15,67,59
6.0,Sat,2023-09-23,17:30,Brentford,Everton,1.0,1.9,1–3,16981.0,Michael Oliver,2023-2024,Christian Nørgaard,James Tarkowski,(4-3-3),(4-4-1-1),57%,43%,510 of 629 — 81%,78% — 367 of 473,2 of 12 — 17%,33% — 6 of 18,3 of 6 — 50%,50% — 1 of 2,2.0,0,2.0,0,9,12,1,4,11,20,731,586,20,16,7,7,17,28,17,20,3,1,12,4,20,22,70,71
6.0,Sat,2023-09-23,20:00,Burnley,Manchester Utd,1.1,1.0,0–1,21593.0,Tony Harrington,2023-2024,Josh Brownhill,Bruno Fernandes,(4-3-3),(4-2-3-1),61%,39%,586 of 687 — 85%,78% — 342 of 437,4 of 12 — 33%,36% — 4 of 11,3 of 4 — 75%,100% — 4 of 4,1.0,0,2.0,0,6,12,9,5,24,12,777,533,13,13,7,7,12,11,14,27,1,3,3,6,9,16,51,59
6.0,Sun,2023-09-24,14:00,Chelsea,Aston Villa,1.3,1.0,0–1,39700.0,Jarred Gillett,2023-2024,Conor Gallagher,John McGinn,(4-2-3-1),(4-2-3-1),53%,47%,405 of 492 — 82%,80% — 346 of 433,4 of 10 — 40%,47% — 7 of 15,6 of 7 — 85%,100% — 4 of 4,2.0,1,3.0,0,9,11,5,11,14,23,609,560,23,21,4,9,14,7,29,16,10,1,4,6,18,16,54,62
6.0,Sun,2023-09-24,14:00,Arsenal,Tottenham,1.8,1.4,2–2,60156.0,Robert Jones,2023-2024,Martin Ødegaard,Son Heung-min,(4-3-3),(4-2-3-1),47%,53%,346 of 423 — 82%,83% — 404 of 485,4 of 12 — 33%,38% — 5 of 13,3 of 5 — 60%,100% — 4 of 4,3.0,0,4.0,0,12,19,11,4,20,10,529,588,24,28,11,6,14,8,12,22,2,3,2,12,17,17,60,39
6.0,Sun,2023-09-24,14:00,Liverpool,West Ham,3.0,1.1,3–1,50136.0,Chris Kavanagh,2023-2024,Virgil van Dijk,Kurt Zouma,(4-3-3),(4-2-3-1),63%,37%,600 of 691 — 87%,76% — 304 of 398,6 of 21 — 29%,36% — 4 of 11,3 of 4 — 75%,66% — 4 of 6,0.0,0,2.0,0,12,13,7,4,20,17,817,518,17,24,9,8,26,9,20,30,2,1,1,14,17,19,54,60
6.0,Sun,2023-09-24,14:00,Brighton,Bournemouth,1.9,1.1,3–1,31617.0,John Brooks,2023-2024,Lewis Dunk,Neto,(4-2-3-1),(4-2-3-1),61%,39%,469 of 550 — 85%,75% — 264 of 351,4 of 13 — 31%,25% — 3 of 12,2 of 3 — 66%,50% — 2 of 4,3.0,0,3.0,0,12,17,4,4,13,9,677,463,24,23,10,10,11,1,14,14,1,1,6,5,14,15,59,60
6.0,Sun,2023-09-24,16:30,Sheffield Utd,Newcastle Utd,0.9,3.9,0–8,31127.0,Stuart Attwell,2023-2024,John Egan,Kieran Trippier,(3-4-3),(4-3-3),42%,58%,369 of 474 — 78%,86% — 549 of 642,1 of 9 — 11%,68% — 15 of 22,7 of 15 — 46%,100% — 1 of 1,4.0,0,0.0,0,12,8,2,5,7,16,591,762,19,19,12,7,9,11,24,8,3,1,6,6,16,17,66,56
7.0,Sat,2023-09-30,12:30,Aston Villa,Brighton,1.6,1.7,6–1,40636.0,Andy Madley,2023-2024,John McGinn,Lewis Dunk,(4-2-3-1),(4-2-3-1),39%,61%,270 of 348 — 78%,87% — 478 of 550,9 of 19 — 47%,27% — 3 of 11,2 of 3 — 66%,44% — 4 of 9,4.0,0,4.0,0,19,21,1,3,6,10,450,651,21,19,4,8,5,8,12,13,0,6,8,5,22,12,59,36
7.0,Sat,2023-09-30,15:00,Manchester Utd,Crystal Palace,1.3,0.9,0–1,73428.0,Chris Kavanagh,2023-2024,Bruno Fernandes,Joel Ward,(4-2-3-1),(4-3-3),77%,23%,688 of 810 — 85%,67% — 166 of 248,3 of 19 — 16%,25% — 2 of 8,1 of 2 — 50%,100% — 3 of 3,3.0,0,2.0,0,10,8,10,4,33,10,925,413,32,26,4,17,10,13,13,40,2,0,7,11,31,17,58,48
7.0,Sat,2023-09-30,15:00,Wolves,Manchester City,0.4,0.9,2–1,31415.0,Craig Pawson,2023-2024,Max Kilman,Kyle Walker,(3-4-3),(4-2-3-1),32%,68%,225 of 301 — 75%,86% — 557 of 645,1 of 3 — 33%,35% — 8 of 23,7 of 8 — 87%,0% — 0 of 1,5.0,0,4.0,0,18,12,0,6,6,21,422,732,12,15,10,4,5,2,29,7,2,0,9,3,9,25,58,36
7.0,Sat,2023-09-30,15:00,West Ham,Sheffield Utd,2.1,1.1,2–0,62459.0,Graham Scott,2023-2024,Kurt Zouma,John Egan,(4-2-3-1),(3-5-2),52%,48%,446 of 530 — 84%,81% — 400 of 493,8 of 20 — 40%,13% — 2 of 16,2 of 2 — 100%,75% — 6 of 8,1.0,0,1.0,0,6,9,7,4,19,17,647,591,16,14,7,1,16,15,19,20,2,3,11,8,14,23,67,60
7.0,Sat,2023-09-30,15:00,Bournemouth,Arsenal,0.6,3.4,0–4,11193.0,Michael Salisbury,2023-2024,Neto,Martin Ødegaard,(4-2-3-1),(4-3-3),43%,57%,336 of 426 — 79%,88% — 495 of 564,1 of 8 — 13%,46% — 6 of 13,4 of 6 — 66%,100% — 1 of 1,0.0,0,1.0,0,11,10,6,6,15,4,533,686,16,28,9,9,6,9,6,14,2,0,4,7,17,12,50,38
7.0,Sat,2023-09-30,15:00,Newcastle Utd,Burnley,3.1,0.6,2–0,51687.0,Thomas Bramall,2023-2024,Jamaal Lascelles,Josh Brownhill,(4-3-3),(4-2-3-1),53%,47%,441 of 553 — 80%,78% — 391 of 500,6 of 19 — 32%,25% — 2 of 8,2 of 2 — 100%,83% — 5 of 6,1.0,0,3.0,0,7,15,5,3,19,6,670,611,21,13,4,4,19,7,10,23,1,3,2,9,18,19,57,67
7.0,Sat,2023-09-30,15:00,Everton,Luton Town,2.9,0.9,1–2,39289.0,Anthony Taylor,2023-2024,James Tarkowski,Tom Lockyer,(4-4-1-1),(3-4-3),67%,33%,502 of 649 — 77%,54% — 172 of 321,4 of 23 — 17%,22% — 2 of 9,0 of 2 — 0%,75% — 3 of 4,0.0,0,1.0,0,8,10,3,6,32,12,801,474,23,24,5,10,30,25,16,30,2,3,8,18,37,26,101,96
7.0,Sat,2023-09-30,17:30,Tottenham,Liverpool,2.2,1.3,2–1,62001.0,Simon Hooper,2023-2024,Son Heung-min,Virgil van Dijk,(4-2-3-1),(4-3-3),64%,36%,629 of 719 — 87%,77% — 314 of 406,8 of 24 — 33%,33% — 4 of 12,3 of 4 — 75%,87% — 7 of 8,5.0,0,7.5,1,11,17,11,5,29,11,840,531,23,15,11,6,8,9,15,24,4,1,4,7,20,23,25,69
7.0,Sun,2023-10-01,14:00,Nott'ham Forest,Brentford,0.5,1.6,1–1,29004.0,Paul Tierney,2023-2024,Serge Aurier,Christian Nørgaard,(4-3-3),(4-3-3),41%,59%,337 of 443 — 76%,82% — 525 of 637,1 of 6 — 17%,17% — 3 of 18,2 of 3 — 66%,0% — 0 of 1,4.5,0,2.0,0,6,10,1,11,12,29,567,738,17,11,6,10,15,25,40,10,2,1,11,5,19,25,73,58
7.0,Mon,2023-10-02,20:00,Fulham,Chelsea,1.1,1.7,0–2,24445.0,Tim Robinson,2023-2024,Tim Ream,Conor Gallagher,(4-3-3),(4-3-3),56%,44%,530 of 617 — 86%,84% — 416 of 493,3 of 10 — 30%,36% — 4 of 11,2 of 4 — 50%,100% — 3 of 3,1.0,0,4.0,0,15,12,8,1,22,4,710,612,16,24,13,8,9,8,5,28,2,4,6,8,21,17,71,42
2.0,Tue,2023-10-03,19:30,Luton Town,Burnley,1.3,1.1,1–2,10918.0,Peter Bankes,2023-2024,Tom Lockyer,Josh Brownhill,(3-4-3),(4-3-3),49%,51%,292 of 437 — 67%,69% — 313 of 452,2 of 18 — 11%,29% — 4 of 14,2 of 4 — 50%,50% — 1 of 2,4.0,0,2.0,0,14,6,7,6,31,12,563,586,14,15,8,7,35,23,17,38,3,3,10,12,29,21,111,100
8.0,Sat,2023-10-07,12:30,Luton Town,Tottenham,0.8,1.9,0–1,10290.0,John Brooks,2023-2024,Tom Lockyer,Son Heung-min,(4-4-2),(4-2-3-1),34%,66%,195 of 306 — 64%,83% — 502 of 602,2 of 12 — 17%,27% — 4 of 15,3 of 4 — 75%,100% — 2 of 2,2.0,0,4.5,0,16,7,5,6,26,13,440,740,26,20,12,9,9,15,25,29,4,4,10,9,21,29,76,56
8.0,Sat,2023-10-07,15:00,Burnley,Chelsea,0.7,1.9,1–4,21654.0,Stuart Attwell,2023-2024,Josh Brownhill,Conor Gallagher,(4-3-3),(4-3-3),38%,62%,353 of 432 — 82%,91% — 632 of 698,3 of 10 — 30%,50% — 4 of 8,2 of 4 — 50%,66% — 2 of 3,2.0,0,4.0,0,11,8,7,3,9,13,532,799,24,22,4,9,10,9,10,10,4,2,5,3,20,18,51,57
8.0,Sat,2023-10-07,15:00,Manchester Utd,Brentford,1.4,0.9,2–1,73453.0,Andy Madley,2023-2024,Bruno Fernandes,Christian Nørgaard,(4-2-3-1),(3-5-2),64%,36%,528 of 633 — 83%,72% — 252 of 351,8 of 21 — 38%,27% — 3 of 11,2 of 3 — 66%,75% — 6 of 8,0.0,0,5.0,0,10,17,7,5,36,8,723,476,4,18,10,16,13,9,9,45,4,0,10,10,33,14,75,68
8.0,Sat,2023-10-07,15:00,Everton,Bournemouth,2.4,0.7,3–0,38815.0,David Coote,2023-2024,James Tarkowski,Neto,(4-4-1-1),(4-2-3-1),48%,52%,332 of 443 — 75%,79% — 386 of 488,8 of 25 — 32%,27% — 3 of 11,3 of 3 — 100%,62% — 5 of 8,1.0,0,2.0,0,14,15,8,7,25,18,590,632,28,20,5,6,23,16,18,29,2,0,8,11,23,24,77,79
8.0,Sat,2023-10-07,15:00,Fulham,Sheffield Utd,2.2,0.6,3–1,24361.0,Samuel Barrott,2023-2024,Tim Ream,Chris Basham,(4-3-3),(3-5-2),60%,40%,445 of 581 — 77%,67% — 257 of 382,6 of 20 — 30%,40% — 2 of 5,2 of 2 — 100%,66% — 4 of 6,1.0,0,2.0,0,8,10,9,4,29,12,706,514,24,20,12,11,20,18,13,36,2,1,5,10,29,19,79,87
8.0,Sat,2023-10-07,17:30,Crystal Palace,Nott'ham Forest,0.8,1.0,0–0,25017.0,Craig Pawson,2023-2024,Marc Guéhi,Serge Aurier,(4-3-3),(4-3-3),52%,48%,483 of 561 — 86%,85% — 443 of 522,2 of 8 — 25%,31% — 5 of 16,5 of 5 — 100%,100% — 2 of 2,0.0,0,1.0,0,7,12,3,7,13,18,664,626,18,20,6,9,10,13,21,23,0,2,5,6,12,14,58,56
8.0,Sun,2023-10-08,14:00,West Ham,Newcastle Utd,1.2,2.0,2–2,62473.0,Peter Bankes,2023-2024,Kurt Zouma,Jamaal Lascelles,(4-2-3-1),(4-3-3),36%,64%,250 of 356 — 70%,86% — 553 of 645,3 of 5 — 60%,30% — 3 of 10,1 of 3 — 33%,33% — 1 of 3,3.0,0,3.0,0,11,18,4,2,15,12,423,719,11,8,8,3,16,15,9,19,2,1,9,4,15,19,71,62
8.0,Sun,2023-10-08,14:00,Wolves,Aston Villa,1.7,1.6,1–1,31425.0,Robert Jones,2023-2024,Max Kilman,John McGinn,(3-4-3),(4-4-2),47%,53%,298 of 388 — 77%,79% — 352 of 446,3 of 8 — 38%,22% — 4 of 18,3 of 4 — 75%,66% — 2 of 3,5.5,0,2.0,0,19,9,2,10,10,31,478,536,13,7,5,11,10,6,25,10,3,1,7,6,14,15,51,46
8.0,Sun,2023-10-08,14:00,Brighton,Liverpool,2.3,2.3,2–2,31752.0,Anthony Taylor,2023-2024,Lewis Dunk,Virgil van Dijk,(4-2-3-1),(4-3-3),46%,54%,378 of 454 — 83%,86% — 451 of 524,3 of 14 — 21%,23% — 3 of 13,2 of 3 — 66%,33% — 1 of 3,1.0,0,2.0,0,12,20,8,1,14,8,559,631,17,22,13,11,5,6,14,19,1,0,5,6,18,13,51,46
8.0,Sun,2023-10-08,16:30,Arsenal,Manchester City,0.4,0.5,1–0,60233.0,Michael Oliver,2023-2024,Martin Ødegaard,Kyle Walker,(4-3-3),(4-3-3),49%,51%,454 of 535 — 85%,85% — 468 of 549,2 of 12 — 17%,0% — 0 of 4,0 of 0 — %,50% — 1 of 2,2.0,0,3.0,0,8,7,5,4,11,10,638,638,20,22,9,5,5,8,9,16,2,0,7,5,17,13,57,53
9.0,Sat,2023-10-21,12:30,Liverpool,Everton,2.2,0.1,2–0,50201.0,Craig Pawson,2023-2024,Virgil van Dijk,James Tarkowski,(4-3-3),(4-4-1-1),77%,23%,685 of 804 — 85%,54% — 131 of 244,5 of 25 — 20%,17% — 1 of 6,1 of 1 — 100%,80% — 4 of 5,1.0,0,4.5,0,9,9,12,4,27,6,908,369,13,17,7,14,24,24,14,28,2,1,5,14,28,18,72,79
9.0,Sat,2023-10-21,15:00,Brentford,Burnley,3.1,1.1,3–0,17029.0,Joshua Smith,2023-2024,Christian Nørgaard,Josh Cullen,(4-3-3),(4-2-3-1),50%,50%,373 of 487 — 77%,81% — 390 of 484,9 of 23 — 39%,17% — 1 of 6,1 of 1 — 100%,66% — 6 of 9,5.0,0,5.5,0,14,12,5,5,21,14,588,596,17,7,8,11,16,13,13,27,2,2,7,9,19,14,74,69
9.0,Sat,2023-10-21,15:00,Nott'ham Forest,Luton Town,2.9,1.7,2–2,29361.0,Samuel Barrott,2023-2024,Serge Aurier,Tom Lockyer,(4-3-3),(4-4-2),57%,43%,414 of 543 — 76%,67% — 276 of 412,8 of 19 — 42%,31% — 4 of 13,2 of 4 — 50%,75% — 6 of 8,3.0,0,0.0,0,12,11,4,2,19,26,667,537,14,9,9,7,33,23,26,26,2,0,7,8,19,22,62,92
9.0,Sat,2023-10-21,15:00,Bournemouth,Wolves,0.6,2.4,1–2,11175.0,Paul Tierney,2023-2024,Neto,Max Kilman,(4-2-3-1),(3-4-3),35%,65%,252 of 349 — 72%,83% — 545 of 653,4 of 7 — 57%,33% — 7 of 21,5 of 7 — 71%,75% — 3 of 4,2.0,1,6.0,0,15,10,3,12,14,28,468,768,18,26,8,12,8,21,20,16,0,1,12,4,26,17,61,48
9.0,Sat,2023-10-21,15:00,Newcastle Utd,Crystal Palace,2.4,1.2,4–0,52189.0,Tim Robinson,2023-2024,Jamaal Lascelles,Joel Ward,(4-3-3),(4-3-3),59%,41%,521 of 612 — 85%,77% — 329 of 427,7 of 10 — 70%,18% — 3 of 17,3 of 3 — 100%,42% — 3 of 7,2.0,0,3.0,0,7,12,6,8,18,15,708,546,8,20,7,11,14,10,16,24,0,1,10,5,15,20,64,47
9.0,Sat,2023-10-21,15:00,Manchester City,Brighton,0.8,0.8,2–1,53466.0,Robert Jones,2023-2024,Kyle Walker,Lewis Dunk,(3-2-4-1),(4-2-3-1),55%,45%,561 of 636 — 88%,87% — 459 of 530,5 of 10 — 50%,60% — 3 of 5,2 of 3 — 66%,60% — 3 of 5,5.5,0,2.0,0,9,11,2,2,10,7,721,613,14,10,10,12,6,6,10,17,2,1,4,7,13,11,61,33
9.0,Sat,2023-10-21,17:30,Chelsea,Arsenal,1.3,1.0,2–2,39723.0,Chris Kavanagh,2023-2024,Conor Gallagher,Martin Ødegaard,(4-2-3-1),(4-3-3),44%,56%,386 of 475 — 81%,84% — 509 of 608,4 of 10 — 40%,23% — 3 of 13,1 of 3 — 33%,75% — 3 of 4,3.0,0,3.0,0,7,14,2,7,8,16,580,699,17,19,9,9,15,15,18,5,2,1,6,6,18,11,65,70
9.0,Sat,2023-10-21,20:00,Sheffield Utd,Manchester Utd,1.4,1.1,1–2,31543.0,Michael Oliver,2023-2024,Oliver Norwood,Bruno Fernandes,(4-4-2),(4-2-3-1),38%,62%,244 of 372 — 66%,78% — 471 of 603,5 of 11 — 45%,36% — 5 of 14,3 of 5 — 60%,100% — 5 of 5,3.0,0,1.0,0,12,10,5,4,15,21,496,712,14,16,14,6,17,16,24,18,3,4,10,2,20,17,79,74
9.0,Sun,2023-10-22,16:30,Aston Villa,West Ham,1.9,1.1,4–1,41734.0,David Coote,2023-2024,John McGinn,Kurt Zouma,(4-4-2),(4-2-3-1),58%,42%,467 of 542 — 86%,79% — 312 of 395,6 of 14 — 43%,29% — 4 of 14,3 of 4 — 75%,50% — 3 of 6,0.0,0,1.0,0,8,15,8,7,20,21,635,466,18,5,5,4,8,12,21,18,2,3,5,7,11,13,49,59
9.0,Mon,2023-10-23,20:00,Tottenham,Fulham,1.5,1.0,2–0,61286.0,Anthony Taylor,2023-2024,Son Heung-min,Tim Ream,(4-2-3-1),(4-2-3-1),55%,45%,540 of 631 — 86%,82% — 419 of 513,5 of 15 — 33%,30% — 3 of 10,3 of 3 — 100%,60% — 3 of 5,2.0,0,0.0,0,10,14,3,5,11,19,738,619,19,19,6,12,5,4,14,13,4,6,4,10,19,22,34,79
10.0,Fri,2023-10-27,20:00,Crystal Palace,Tottenham,0.6,1.1,1–2,25074.0,Andy Madley,2023-2024,Joel Ward,Son Heung-min,(4-2-3-1),(4-2-3-1),25%,75%,174 of 264 — 66%,90% — 696 of 776,3 of 13 — 23%,10% — 1 of 10,0 of 1 — 0%,66% — 2 of 3,2.0,0,1.0,0,19,11,11,2,20,16,386,901,24,20,10,6,3,6,14,22,1,3,5,8,21,21,62,48
10.0,Sat,2023-10-28,12:30,Chelsea,Brentford,1.9,2.2,0–2,39575.0,Simon Hooper,2023-2024,Conor Gallagher,Christian Nørgaard,(4-2-3-1),(3-5-2),68%,32%,686 of 785 — 87%,73% — 266 of 363,2 of 17 — 12%,71% — 5 of 7,3 of 5 — 60%,100% — 2 of 2,1.0,0,4.0,0,12,7,10,1,23,6,882,478,11,19,13,7,13,12,13,35,0,0,3,13,27,19,57,58
10.0,Sat,2023-10-28,15:00,Arsenal,Sheffield Utd,2.8,0.0,5–0,60153.0,Tim Robinson,2023-2024,Bukayo Saka,Oliver Norwood,(4-3-3),(4-4-2),67%,33%,613 of 693 — 88%,74% — 256 of 345,6 of 12 — 50%,0% — 0 of 2,0 of 0 — %,33% — 2 of 6,0.0,0,3.0,0,9,13,6,1,17,5,771,446,10,20,8,8,11,10,8,20,1,1,3,8,14,12,46,62
10.0,Sat,2023-10-28,15:00,Bournemouth,Burnley,1.1,0.8,2–1,11152.0,Samuel Barrott,2023-2024,Lloyd Kelly,Josh Brownhill,(4-2-3-1),(4-3-3),45%,55%,302 of 419 — 72%,79% — 409 of 520,6 of 13 — 46%,50% — 3 of 6,2 of 3 — 66%,66% — 4 of 6,2.0,0,3.0,0,9,12,10,5,24,11,534,623,25,12,7,9,15,14,18,24,3,1,2,11,23,25,59,74
10.0,Sat,2023-10-28,17:30,Wolves,Newcastle Utd,0.9,2.2,2–2,31584.0,Anthony Taylor,2023-2024,Max Kilman,Jamaal Lascelles,(4-4-2),(4-3-3),43%,57%,337 of 426 — 79%,85% — 480 of 567,6 of 11 — 55%,25% — 3 of 12,2 of 3 — 66%,66% — 4 of 6,1.0,0,4.0,0,13,15,8,7,16,16,544,667,28,16,12,10,9,3,21,20,2,0,6,3,12,26,49,53
10.0,Sun,2023-10-29,13:00,West Ham,Everton,0.7,0.8,0–1,62469.0,Stuart Attwell,2023-2024,Kurt Zouma,James Tarkowski,(4-2-3-1),(4-4-1-1),64%,36%,581 of 706 — 82%,75% — 303 of 404,2 of 12 — 17%,40% — 4 of 10,3 of 4 — 75%,100% — 2 of 2,4.0,0,1.0,0,7,11,4,3,20,14,816,541,17,29,8,14,13,18,13,30,1,3,5,8,32,18,77,67
10.0,Sun,2023-10-29,14:00,Brighton,Fulham,1.4,0.7,1–1,31550.0,Michael Salisbury,2023-2024,Lewis Dunk,Tim Ream,(3-4-3),(4-2-3-1),71%,29%,767 of 857 — 89%,77% — 276 of 358,6 of 18 — 33%,50% — 5 of 10,4 of 5 — 80%,83% — 5 of 6,0.0,0,3.0,0,12,8,7,3,15,11,962,468,21,27,6,19,13,10,13,16,0,1,7,8,14,14,41,48
10.0,Sun,2023-10-29,14:00,Liverpool,Nott'ham Forest,3.2,0.4,3–0,50143.0,Chris Kavanagh,2023-2024,Virgil van Dijk,Serge Aurier,(4-3-3),(5-4-1),72%,28%,686 of 780 — 88%,69% — 206 of 297,8 of 21 — 38%,11% — 1 of 9,1 of 1 — 100%,62% — 5 of 8,2.0,0,3.0,0,9,13,8,3,25,12,890,424,12,19,4,11,17,13,11,32,1,3,4,13,20,7,60,63
10.0,Sun,2023-10-29,14:00,Aston Villa,Luton Town,2.3,0.5,3–1,41785.0,John Brooks,2023-2024,John McGinn,Tom Lockyer,(4-4-2),(3-4-3),70%,30%,580 of 651 — 89%,73% — 207 of 282,6 of 17 — 35%,14% — 1 of 7,1 of 1 — 100%,66% — 4 of 6,3.0,0,2.0,0,11,10,6,4,16,18,733,358,11,17,3,7,13,14,12,9,0,6,4,10,9,8,38,55
10.0,Sun,2023-10-29,15:30,Manchester Utd,Manchester City,0.9,4.0,0–3,73502.0,Paul Tierney,2023-2024,Bruno Fernandes,Kyle Walker,(4-2-3-1),(4-2-3-1),40%,60%,335 of 429 — 78%,87% — 557 of 639,3 of 7 — 43%,45% — 9 of 20,7 of 9 — 77%,100% — 3 of 3,4.0,0,1.0,0,9,5,7,12,16,19,521,734,14,12,6,12,7,10,25,11,4,0,10,5,16,12,43,64
11.0,Sat,2023-11-04,12:30,Fulham,Manchester Utd,1.0,0.7,0–1,24415.0,John Brooks,2023-2024,Tim Ream,Bruno Fernandes,(4-2-3-1),(4-2-3-1),45%,55%,280 of 404 — 69%,77% — 373 of 486,2 of 18 — 11%,42% — 5 of 12,4 of 5 — 80%,100% — 2 of 2,5.0,0,2.0,0,9,15,9,4,19,14,526,618,14,13,9,6,19,20,21,29,1,2,9,10,19,14,82,76
11.0,Sat,2023-11-04,15:00,Brentford,West Ham,1.5,1.8,3–2,17103.0,Thomas Bramall,2023-2024,Christian Nørgaard,James Ward-Prowse,(4-3-3),(4-4-2),58%,42%,465 of 595 — 78%,68% — 289 of 425,4 of 16 — 25%,17% — 2 of 12,0 of 2 — 0%,50% — 2 of 4,1.0,0,4.0,0,12,14,4,3,20,23,706,537,9,13,5,11,26,17,33,26,2,0,9,11,10,26,76,89
11.0,Sat,2023-11-04,15:00,Burnley,Crystal Palace,1.1,1.3,0–2,21578.0,Peter Bankes,2023-2024,Josh Brownhill,Joel Ward,(4-4-2),(4-2-3-1),67%,33%,531 of 653 — 81%,71% — 230 of 322,5 of 17 — 29%,75% — 3 of 4,1 of 3 — 33%,100% — 5 of 5,0.0,0,5.0,0,9,12,12,1,31,3,743,444,15,14,8,6,17,18,7,42,2,0,0,13,27,22,73,64
11.0,Sat,2023-11-04,15:00,Manchester City,Bournemouth,1.9,0.9,6–1,53358.0,Craig Pawson,2023-2024,Kyle Walker,Lloyd Kelly,(3-4-3),(5-4-1),65%,35%,693 of 758 — 91%,85% — 353 of 415,8 of 21 — 38%,20% — 1 of 5,0 of 1 — 0%,25% — 2 of 8,0.0,0,1.0,0,8,9,12,1,18,5,832,493,5,7,4,8,4,3,9,23,0,2,3,9,8,6,37,45
11.0,Sat,2023-11-04,15:00,Everton,Brighton,0.7,0.5,1–1,38683.0,Tim Robinson,2023-2024,James Tarkowski,Lewis Dunk,(4-4-1-1),(4-3-3),21%,79%,149 of 239 — 62%,88% — 807 of 914,4 of 10 — 40%,29% — 2 of 7,2 of 2 — 100%,75% — 3 of 4,4.0,0,2.0,0,15,5,3,3,13,17,337,992,16,6,6,3,17,13,25,13,0,3,8,6,15,22,71,55
11.0,Sat,2023-11-04,15:00,Sheffield Utd,Wolves,1.0,1.2,2–1,29454.0,Robert Jones,2023-2024,Oliver Norwood,Max Kilman,(3-4-1-2),(4-4-1-1),39%,61%,223 of 342 — 65%,81% — 440 of 546,1 of 10 — 10%,30% — 3 of 10,2 of 3 — 66%,0% — 0 of 1,2.0,0,3.0,0,13,10,4,4,16,10,455,664,24,13,5,6,9,25,13,26,0,3,6,13,24,27,72,56
11.0,Sat,2023-11-04,17:30,Newcastle Utd,Arsenal,1.0,0.6,1–0,52194.0,Stuart Attwell,2023-2024,Jamaal Lascelles,Jorginho,(4-3-3),(4-3-3),42%,58%,295 of 378 — 78%,82% — 431 of 525,1 of 9 — 11%,7% — 1 of 14,1 of 1 — 100%,0% — 0 of 1,5.0,0,1.0,0,14,9,0,11,10,25,494,620,18,11,7,7,13,14,26,13,2,1,10,6,21,11,60,60
11.0,Sun,2023-11-05,14:00,Nott'ham Forest,Aston Villa,0.4,1.2,2–0,29313.0,Jarred Gillett,2023-2024,Morgan Gibbs-White,John McGinn,(4-3-3),(4-4-2),27%,73%,180 of 266 — 68%,88% — 628 of 712,3 of 5 — 60%,23% — 3 of 13,3 of 3 — 100%,33% — 1 of 3,1.0,0,1.0,0,6,9,0,10,4,36,378,804,30,10,8,8,8,11,35,10,9,1,14,4,7,19,62,48
11.0,Sun,2023-11-05,16:30,Luton Town,Liverpool,0.8,2.6,1–1,11049.0,Andy Madley,2023-2024,Tom Lockyer,Virgil van Dijk,(3-4-3),(4-3-3),27%,73%,150 of 265 — 57%,85% — 614 of 724,5 of 8 — 63%,25% — 6 of 24,5 of 6 — 83%,80% — 4 of 5,1.0,0,1.0,0,7,13,4,7,18,35,409,844,20,12,8,7,13,21,45,15,1,1,16,3,16,26,75,83
11.0,Mon,2023-11-06,20:00,Tottenham,Chelsea,0.9,4.1,1–4,61726.0,Michael Oliver,2023-2024,Son Heung-min,Reece James,(4-2-3-1),(4-2-3-1),40%,60%,278 of 355 — 78%,84% — 452 of 540,5 of 8 — 63%,38% — 6 of 16,3 of 6 — 50%,80% — 4 of 5,4.5,1,5.0,0,12,21,1,6,9,16,484,636,24,18,12,9,4,7,22,8,3,7,10,3,22,11,43,65
12.0,Sat,2023-11-11,12:30,Wolves,Tottenham,2.1,0.7,2–1,31642.0,Tim Robinson,2023-2024,Max Kilman,Son Heung-min,(3-5-2),(4-3-3),42%,58%,390 of 483 — 81%,87% — 575 of 664,4 of 17 — 24%,33% — 2 of 6,1 of 2 — 50%,50% — 2 of 4,4.0,0,3.0,0,19,15,11,3,26,11,599,776,23,19,10,7,10,9,12,31,4,1,4,9,20,16,71,38
12.0,Sat,2023-11-11,15:00,Manchester Utd,Luton Town,2.2,0.4,1–0,73599.0,Graham Scott,2023-2024,Bruno Fernandes,Tom Lockyer,(4-2-3-1),(3-4-3),64%,36%,531 of 635 — 84%,76% — 269 of 355,4 of 15 — 27%,40% — 4 of 10,4 of 4 — 100%,75% — 3 of 4,0.0,0,2.0,0,9,11,11,3,34,14,739,480,17,14,3,15,12,8,15,36,1,1,4,13,21,16,67,59
12.0,Sat,2023-11-11,15:00,Crystal Palace,Everton,2.2,1.5,2–3,25103.0,Samuel Barrott,2023-2024,Joel Ward,James Tarkowski,(4-2-3-1),(4-4-1-1),67%,33%,597 of 711 — 84%,72% — 256 of 357,3 of 12 — 25%,50% — 4 of 8,1 of 4 — 25%,66% — 2 of 3,1.0,0,4.0,0,9,18,9,2,25,21,834,495,17,22,12,10,24,14,26,40,4,0,5,8,22,23,79,74
12.0,Sat,2023-11-11,15:00,Arsenal,Burnley,1.8,0.3,3–1,60232.0,Michael Oliver,2023-2024,Jorginho,Josh Brownhill,(4-3-3),(4-4-2),63%,37%,507 of 614 — 83%,77% — 282 of 364,6 of 16 — 38%,63% — 5 of 8,4 of 5 — 80%,50% — 3 of 6,0.0,1,1.0,0,8,9,13,3,32,8,691,477,17,13,3,10,28,22,11,30,3,2,4,8,12,17,64,73
12.0,Sat,2023-11-11,17:30,Bournemouth,Newcastle Utd,2.4,0.5,2–0,11201.0,Chris Kavanagh,2023-2024,Neto,Jamaal Lascelles,(4-2-3-1),(4-3-3),48%,52%,360 of 468 — 77%,79% — 396 of 500,10 of 19 — 53%,63% — 5 of 8,5 of 5 — 100%,80% — 8 of 10,2.0,0,1.0,0,10,4,6,5,17,9,589,616,27,23,9,6,14,12,13,15,0,2,5,7,26,12,85,56
12.0,Sun,2023-11-12,14:00,Aston Villa,Fulham,3.0,0.9,3–1,41608.0,Simon Hooper,2023-2024,John McGinn,Tim Ream,(4-2-2-2),(4-2-3-1),51%,49%,441 of 538 — 82%,82% — 434 of 527,6 of 12 — 50%,56% — 5 of 9,4 of 5 — 80%,66% — 4 of 6,2.0,0,5.0,0,4,17,2,2,8,14,628,626,7,15,10,13,10,6,14,14,3,7,4,3,13,12,60,52
12.0,Sun,2023-11-12,14:00,Brighton,Sheffield Utd,1.5,1.1,1–1,31367.0,John Brooks,2023-2024,Pascal Groß,Oliver Norwood,(4-2-3-1),(3-4-3),61%,39%,568 of 664 — 86%,78% — 324 of 418,6 of 11 — 55%,11% — 1 of 9,1 of 1 — 100%,83% — 5 of 6,3.0,1,2.0,0,13,16,6,3,14,6,769,526,13,27,3,8,14,11,14,18,3,1,9,6,16,12,51,54
12.0,Sun,2023-11-12,14:00,Liverpool,Brentford,1.7,1.6,3–0,50151.0,Paul Tierney,2023-2024,Virgil van Dijk,Christian Nørgaard,(4-3-3),(5-3-2),58%,42%,437 of 548 — 80%,73% — 286 of 390,10 of 17 — 59%,19% — 3 of 16,3 of 3 — 100%,70% — 7 of 10,1.0,0,2.0,0,16,12,6,8,20,18,657,520,10,14,5,11,20,19,18,30,2,2,10,6,20,11,71,67
12.0,Sun,2023-11-12,14:00,West Ham,Nott'ham Forest,1.8,1.7,3–2,62470.0,Michael Salisbury,2023-2024,Kurt Zouma,Morgan Gibbs-White,(4-2-3-1),(4-3-3),54%,46%,464 of 567 — 82%,80% — 384 of 483,6 of 16 — 38%,50% — 5 of 10,3 of 5 — 60%,50% — 3 of 6,2.0,0,2.0,0,9,12,9,4,28,17,683,596,19,17,6,8,17,19,25,30,1,0,3,7,16,20,69,74
12.0,Sun,2023-11-12,16:30,Chelsea,Manchester City,2.9,2.9,4–4,39532.0,Anthony Taylor,2023-2024,Reece James,Kyle Walker,(4-2-3-1),(3-2-4-1),45%,55%,398 of 473 — 84%,88% — 504 of 573,8 of 16 — 50%,64% — 9 of 14,6 of 9 — 66%,62% — 5 of 8,5.0,0,3.0,0,13,15,3,3,7,18,593,697,21,17,5,9,3,4,20,12,1,0,8,3,14,18,52,50
13.0,Sat,2023-11-25,12:30,Manchester City,Liverpool,1.3,0.6,1–1,53289.0,Chris Kavanagh,2023-2024,Kyle Walker,Virgil van Dijk,(3-2-4-1),(4-3-3),59%,41%,573 of 650 — 88%,80% — 356 of 444,5 of 16 — 31%,38% — 3 of 8,2 of 3 — 66%,80% — 4 of 5,1.0,0,3.0,0,9,11,9,6,21,10,760,534,22,12,5,5,16,7,22,22,3,4,3,13,8,14,59,59
13.0,Sat,2023-11-25,15:00,Sheffield Utd,Bournemouth,0.8,2.9,1–3,30208.0,Andy Madley,2023-2024,Oliver Norwood,Neto,(3-4-3),(4-2-3-1),46%,54%,298 of 454 — 66%,74% — 404 of 543,2 of 10 — 20%,48% — 11 of 23,8 of 11 — 72%,50% — 1 of 2,4.0,0,1.0,0,6,8,4,7,16,16,577,680,26,16,6,5,28,31,21,20,4,1,12,6,25,32,83,111
13.0,Sat,2023-11-25,15:00,Newcastle Utd,Chelsea,2.4,0.5,4–1,52227.0,Simon Hooper,2023-2024,Jamaal Lascelles,Reece James,(4-3-3),(4-2-3-1),54%,46%,439 of 523 — 84%,84% — 369 of 441,5 of 14 — 36%,57% — 4 of 7,3 of 4 — 75%,20% — 1 of 5,4.0,0,7.5,0,13,19,4,2,22,5,622,549,20,26,9,12,5,9,3,14,0,0,5,8,15,9,52,39
13.0,Sat,2023-11-25,15:00,Luton Town,Crystal Palace,0.9,1.6,2–1,11029.0,Jarred Gillett,2023-2024,Tom Lockyer,Joel Ward,(3-4-3),(4-2-3-1),39%,61%,272 of 381 — 71%,78% — 464 of 592,3 of 8 — 38%,50% — 8 of 16,7 of 8 — 87%,33% — 1 of 3,6.0,0,1.0,0,15,12,4,5,22,23,528,709,18,17,12,9,18,17,40,24,1,1,8,4,20,27,82,76
13.0,Sat,2023-11-25,15:00,Burnley,West Ham,1.3,0.9,1–2,21319.0,Samuel Barrott,2023-2024,Josh Brownhill,Kurt Zouma,(4-4-2),(4-2-3-1),50%,50%,429 of 532 — 81%,75% — 393 of 522,4 of 10 — 40%,27% — 3 of 11,2 of 3 — 66%,100% — 4 of 4,1.0,0,3.0,0,11,7,4,5,15,19,660,621,17,20,5,7,20,22,25,12,2,1,6,9,15,24,79,79
13.0,Sat,2023-11-25,15:00,Nott'ham Forest,Brighton,1.9,1.3,2–3,29404.0,Anthony Taylor,2023-2024,Morgan Gibbs-White,Lewis Dunk,(4-1-4-1),(4-2-3-1),47%,53%,408 of 517 — 79%,85% — 491 of 580,4 of 17 — 24%,44% — 4 of 9,2 of 4 — 50%,75% — 3 of 4,2.0,0,5.0,1,12,7,6,4,35,16,613,705,13,13,12,9,18,15,11,34,0,0,7,11,15,7,65,62
13.0,Sat,2023-11-25,17:30,Brentford,Arsenal,1.1,1.6,0–1,17201.0,Tim Robinson,2023-2024,Christian Nørgaard,Martin Ødegaard,(5-3-2),(4-3-3),37%,63%,211 of 331 — 64%,78% — 442 of 564,1 of 9 — 11%,27% — 4 of 15,3 of 4 — 75%,100% — 1 of 1,1.0,0,1.0,0,9,7,1,8,9,27,445,661,14,8,11,5,23,20,36,15,2,3,12,7,21,22,76,63
13.0,Sun,2023-11-26,14:00,Tottenham,Aston Villa,2.3,1.7,1–2,61679.0,Robert Jones,2023-2024,Son Heung-min,John McGinn,(4-2-3-1),(4-4-2),62%,38%,598 of 680 — 88%,84% — 349 of 415,7 of 18 — 39%,33% — 5 of 15,3 of 5 — 60%,85% — 6 of 7,0.0,0,4.0,0,11,13,9,3,22,16,782,521,21,18,9,12,9,9,11,14,5,2,6,9,14,8,48,50
13.0,Sun,2023-11-26,16:30,Everton,Manchester Utd,2.4,2.2,0–3,39257.0,John Brooks,2023-2024,James Tarkowski,Bruno Fernandes,(4-4-1-1),(4-2-3-1),51%,49%,375 of 498 — 75%,75% — 363 of 481,6 of 24 — 25%,38% — 3 of 8,1 of 3 — 33%,100% — 6 of 6,3.0,0,0.0,0,10,8,6,5,27,13,609,611,15,21,14,11,17,22,9,39,2,2,5,14,21,16,70,76
13.0,Mon,2023-11-27,20:00,Fulham,Wolves,2.9,1.4,3–2,24366.0,Michael Salisbury,2023-2024,Tom Cairney,Max Kilman,(4-2-3-1),(3-5-2),60%,40%,569 of 687 — 83%,75% — 348 of 462,4 of 10 — 40%,56% — 5 of 9,4 of 5 — 80%,75% — 3 of 4,2.0,0,2.0,0,13,13,6,2,18,6,798,562,17,11,16,4,11,6,14,23,1,1,5,7,23,16,70,61
14.0,Sat,2023-12-02,15:00,Arsenal,Wolves,2.8,0.7,2–1,60262.0,Peter Bankes,2023-2024,Martin Ødegaard,Max Kilman,(4-3-3),(3-5-2),57%,43%,567 of 655 — 87%,80% — 398 of 500,6 of 19 — 32%,50% — 3 of 6,2 of 3 — 66%,66% — 4 of 6,1.0,0,2.0,0,10,10,4,0,15,8,754,602,17,18,12,8,9,11,9,17,3,0,5,10,14,12,48,65
14.0,Sat,2023-12-02,15:00,Brentford,Luton Town,3.1,0.2,3–1,17075.0,Anthony Taylor,2023-2024,Christian Nørgaard,Tom Lockyer,(4-3-3),(3-4-3),68%,32%,561 of 681 — 82%,66% — 206 of 314,6 of 27 — 22%,14% — 1 of 7,0 of 1 — 0%,50% — 3 of 6,1.0,0,2.0,0,10,8,7,5,28,15,816,462,18,17,7,8,10,23,24,41,0,2,2,13,27,13,72,55
14.0,Sat,2023-12-02,15:00,Burnley,Sheffield Utd,1.8,0.4,5–0,21478.0,Chris Kavanagh,2023-2024,Josh Brownhill,Oliver Norwood,(4-4-2),(3-4-3),63%,37%,502 of 615 — 82%,71% — 253 of 358,7 of 19 — 37%,50% — 3 of 6,3 of 3 — 100%,28% — 2 of 7,2.0,0,8.5,0,10,12,6,1,23,5,695,461,10,11,1,10,22,15,9,35,3,1,4,5,14,15,67,67
14.0,Sat,2023-12-02,17:30,Nott'ham Forest,Everton,0.7,0.7,0–1,29404.0,Paul Tierney,2023-2024,Ryan Yates,James Tarkowski,(4-3-3),(4-4-1-1),61%,39%,502 of 639 — 79%,61% — 250 of 409,2 of 13 — 15%,17% — 2 of 12,1 of 2 — 50%,100% — 2 of 2,1.0,0,0.0,0,15,14,4,3,27,27,806,536,21,16,10,9,23,26,44,32,1,2,8,8,17,20,90,79
14.0,Sat,2023-12-02,20:00,Newcastle Utd,Manchester Utd,2.4,0.5,1–0,52214.0,Robert Jones,2023-2024,Jamaal Lascelles,Bruno Fernandes,(4-3-3),(4-2-3-1),58%,42%,457 of 558 — 82%,73% — 297 of 408,4 of 22 — 18%,13% — 1 of 8,1 of 1 — 100%,75% — 3 of 4,1.0,0,2.0,0,6,14,7,3,17,14,670,515,17,15,11,7,20,10,13,27,0,1,4,11,17,20,57,59
14.0,Sun,2023-12-03,14:00,Bournemouth,Aston Villa,2.0,0.7,2–2,11191.0,Thomas Bramall,2023-2024,Neto,John McGinn,(4-2-3-1),(4-4-2),38%,62%,219 of 319 — 69%,78% — 409 of 527,7 of 15 — 47%,27% — 3 of 11,1 of 3 — 33%,71% — 5 of 7,5.0,0,3.0,0,16,12,7,7,16,20,446,630,25,24,8,7,15,17,24,17,3,2,3,5,17,23,69,71
14.0,Sun,2023-12-03,14:00,West Ham,Crystal Palace,1.1,0.9,1–1,62414.0,Michael Oliver,2023-2024,Tomáš Souček,Joel Ward,(4-2-3-1),(4-3-3),55%,45%,477 of 612 — 78%,72% — 366 of 507,3 of 9 — 33%,22% — 2 of 9,1 of 2 — 50%,66% — 2 of 3,2.0,0,0.0,0,17,7,2,3,23,16,727,621,17,23,9,11,29,27,19,21,2,0,5,6,26,19,82,78
14.0,Sun,2023-12-03,14:00,Liverpool,Fulham,2.1,1.2,4–3,50124.0,Stuart Attwell,2023-2024,Virgil van Dijk,Tim Ream,(4-3-3),(4-2-3-1),61%,39%,539 of 674 — 80%,72% — 309 of 428,12 of 26 — 46%,56% — 5 of 9,2 of 5 — 40%,75% — 9 of 12,0.0,0,0.0,0,6,7,3,4,13,10,815,595,15,22,13,33,12,15,13,32,5,1,4,10,26,20,56,62
14.0,Sun,2023-12-03,14:00,Chelsea,Brighton,2.1,1.1,3–2,39647.0,Craig Pawson,2023-2024,Conor Gallagher,Adam Lallana,(4-2-3-1),(4-2-3-1),32%,68%,258 of 333 — 77%,87% — 609 of 697,3 of 7 — 43%,50% — 9 of 18,7 of 9 — 77%,33% — 1 of 3,6.5,0,5.0,0,16,12,5,8,12,27,454,798,13,20,13,9,11,8,31,11,2,3,10,4,8,20,51,40
14.0,Sun,2023-12-03,16:30,Manchester City,Tottenham,2.6,0.5,3–3,53473.0,Simon Hooper,2023-2024,Kyle Walker,Son Heung-min,(3-2-4-1),(4-2-3-1),55%,45%,527 of 619 — 85%,84% — 426 of 509,4 of 17 — 24%,50% — 4 of 8,1 of 4 — 25%,50% — 2 of 4,4.0,0,4.0,0,14,14,10,8,23,14,720,634,7,13,15,4,9,7,12,37,2,2,3,10,18,16,77,36
15.0,Tue,2023-12-05,19:30,Wolves,Burnley,0.8,0.9,1–0,30439.0,Jarred Gillett,2023-2024,Max Kilman,Josh Brownhill,(3-4-3),(4-4-2),51%,49%,393 of 501 — 78%,75% — 362 of 481,4 of 7 — 57%,25% — 3 of 12,3 of 3 — 100%,75% — 3 of 4,2.0,0,4.0,0,11,15,5,8,10,19,632,590,17,19,5,10,19,15,29,16,2,0,9,5,21,24,63,61
15.0,Tue,2023-12-05,20:15,Luton Town,Arsenal,0.5,2.2,3–4,11031.0,Samuel Barrott,2023-2024,Pelly Ruddock Mpanzu,Martin Ødegaard,(3-4-3),(4-3-3),34%,66%,207 of 323 — 64%,82% — 524 of 637,4 of 6 — 67%,39% — 9 of 23,5 of 9 — 55%,25% — 1 of 4,2.0,0,1.0,0,14,7,3,8,12,25,456,745,20,13,8,6,19,19,37,16,1,4,8,5,13,17,85,64
15.0,Wed,2023-12-06,19:30,Sheffield Utd,Liverpool,1.0,1.7,0–2,31406.0,Simon Hooper,2023-2024,Anel Ahmedhodžić,Virgil van Dijk,(3-4-3),(4-3-3),25%,75%,108 of 234 — 46%,81% — 561 of 692,1 of 6 — 17%,53% — 8 of 15,6 of 8 — 75%,100% — 1 of 1,2.0,0,3.0,0,12,8,2,12,5,24,350,803,20,16,9,11,18,39,26,17,1,4,9,6,21,29,79,79
15.0,Wed,2023-12-06,19:30,Brighton,Brentford,1.5,1.5,2–1,31571.0,Peter Bankes,2023-2024,Pascal Groß,Vitaly Janelt,(4-2-3-1),(4-4-2),61%,39%,549 of 641 — 86%,73% — 294 of 405,7 of 18 — 39%,0% — 0 of 7,0 of 0 — %,71% — 5 of 7,3.0,0,1.0,0,10,8,7,3,12,11,759,519,15,28,8,11,25,13,20,20,1,2,2,10,17,14,66,84
15.0,Wed,2023-12-06,19:30,Crystal Palace,Bournemouth,1.0,1.8,0–2,25078.0,Craig Pawson,2023-2024,Joel Ward,Neto,(4-2-3-1),(4-2-3-1),59%,41%,466 of 570 — 82%,72% — 287 of 397,3 of 16 — 19%,36% — 4 of 11,2 of 4 — 50%,100% — 3 of 3,1.0,0,3.0,0,10,17,3,9,17,18,678,521,23,19,2,9,18,19,15,18,0,0,6,9,24,19,78,84
15.0,Wed,2023-12-06,19:30,Fulham,Nott'ham Forest,2.5,0.3,5–0,24105.0,Joshua Smith,2023-2024,Tom Cairney,Felipe,(4-2-3-1),(4-2-3-1),63%,37%,639 of 740 — 86%,80% — 349 of 434,6 of 14 — 43%,25% — 1 of 4,1 of 1 — 100%,16% — 1 of 6,0.0,0,1.0,0,7,10,6,1,15,6,835,537,22,13,10,6,16,9,8,20,2,3,4,8,19,21,63,65
15.0,Wed,2023-12-06,20:15,Aston Villa,Manchester City,2.3,0.6,1–0,41421.0,John Brooks,2023-2024,John McGinn,Kyle Walker,(4-4-1-1),(3-2-4-1),46%,54%,388 of 467 — 83%,86% — 469 of 548,7 of 22 — 32%,100% — 2 of 2,2 of 2 — 100%,85% — 6 of 7,2.0,0,2.0,0,13,13,6,0,17,7,564,665,15,19,7,6,9,3,6,31,0,5,3,8,12,12,61,48
15.0,Wed,2023-12-06,20:15,Manchester Utd,Chelsea,4.1,1.5,2–1,73607.0,Chris Kavanagh,2023-2024,Bruno Fernandes,Levi Colwill,(4-2-3-1),(4-2-3-1),45%,55%,361 of 447 — 81%,86% — 468 of 547,8 of 27 — 30%,23% — 3 of 13,2 of 3 — 66%,75% — 6 of 8,4.0,0,0.0,0,12,12,12,4,30,8,572,660,16,12,6,10,5,9,10,19,3,1,8,12,15,17,45,47
15.0,Thu,2023-12-07,19:30,Everton,Newcastle Utd,3.3,1.5,3–0,38198.0,Tim Robinson,2023-2024,Séamus Coleman,Jamaal Lascelles,(4-4-1-1),(4-3-3),38%,62%,258 of 362 — 71%,83% — 480 of 580,6 of 21 — 29%,23% — 3 of 13,3 of 3 — 100%,50% — 3 of 6,3.0,0,0.0,0,18,8,5,2,33,12,489,694,22,10,10,1,18,10,21,33,0,2,9,13,12,19,84,59
15.0,Thu,2023-12-07,20:15,Tottenham,West Ham,1.8,2.2,1–2,61171.0,Michael Salisbury,2023-2024,Son Heung-min,Kurt Zouma,(4-2-3-1),(4-3-3),74%,26%,740 of 831 — 89%,69% — 201 of 290,6 of 23 — 26%,45% — 5 of 11,3 of 5 — 60%,83% — 5 of 6,3.0,0,3.0,0,11,12,8,4,28,15,938,412,18,23,10,15,11,8,13,26,1,6,5,10,14,12,27,56
16.0,Sat,2023-12-09,12:30,Crystal Palace,Liverpool,1.7,1.2,1–2,25103.0,Andy Madley,2023-2024,Joel Ward,Virgil van Dijk,(4-3-3),(4-3-3),24%,76%,130 of 230 — 57%,85% — 605 of 712,3 of 7 — 43%,14% — 2 of 14,0 of 2 — 0%,100% — 3 of 3,8.5,0,2.0,0,17,17,6,5,19,17,356,825,23,11,5,5,10,13,29,22,0,6,11,2,13,21,77,57
16.0,Sat,2023-12-09,15:00,Sheffield Utd,Brentford,0.8,0.6,1–0,28509.0,Stuart Attwell,2023-2024,Anel Ahmedhodžić,Christian Nørgaard,(4-1-4-1),(4-3-3),41%,59%,267 of 376 — 71%,76% — 420 of 550,4 of 9 — 44%,40% — 4 of 10,4 of 4 — 100%,75% — 3 of 4,5.0,0,1.0,0,14,13,3,3,12,24,527,673,14,23,8,8,23,15,44,15,1,1,5,8,27,31,88,77
16.0,Sat,2023-12-09,15:00,Brighton,Burnley,2.6,0.6,1–1,31511.0,Simon Hooper,2023-2024,Lewis Dunk,Josh Brownhill,(4-2-3-1),(4-4-2),72%,28%,744 of 840 — 89%,71% — 237 of 332,11 of 29 — 38%,50% — 3 of 6,2 of 3 — 66%,90% — 10 of 11,0.0,0,4.0,0,5,8,9,1,31,7,941,461,13,28,5,9,18,15,4,34,2,1,5,13,19,12,36,74
16.0,Sat,2023-12-09,15:00,Wolves,Nott'ham Forest,1.2,1.3,1–1,31543.0,Samuel Barrott,2023-2024,Max Kilman,Ryan Yates,(3-4-3),(3-5-2),68%,32%,605 of 730 — 83%,67% — 228 of 341,4 of 10 — 40%,25% — 2 of 8,1 of 2 — 50%,75% — 3 of 4,0.0,0,1.0,0,9,11,4,3,26,11,820,457,9,21,7,11,12,23,16,24,3,1,3,6,39,17,83,75
16.0,Sat,2023-12-09,15:00,Manchester Utd,Bournemouth,1.1,1.5,0–3,73427.0,Peter Bankes,2023-2024,Bruno Fernandes,Neto,(4-2-3-1),(4-2-3-1),68%,32%,591 of 713 — 83%,69% — 228 of 329,3 of 20 — 15%,40% — 4 of 10,1 of 4 — 25%,100% — 3 of 3,3.0,0,1.0,0,7,10,10,4,27,12,821,485,23,19,7,14,21,14,12,32,1,2,6,7,21,17,78,66
16.0,Sat,2023-12-09,17:30,Aston Villa,Arsenal,0.6,1.4,1–0,42000.0,Jarred Gillett,2023-2024,John McGinn,Martin Ødegaard,(4-4-1-1),(4-3-3),39%,61%,228 of 320 — 71%,82% — 410 of 497,3 of 10 — 30%,25% — 3 of 12,3 of 3 — 100%,66% — 2 of 3,4.0,0,2.0,0,16,11,3,3,9,10,453,626,31,31,13,4,4,8,26,16,1,4,8,4,18,12,75,40
16.0,Sun,2023-12-10,14:00,Luton Town,Manchester City,0.3,1.6,1–2,11047.0,Tim Robinson,2023-2024,Tom Lockyer,Kyle Walker,(3-4-3),(4-2-3-1),35%,65%,245 of 343 — 71%,85% — 542 of 636,2 of 4 — 50%,33% — 6 of 18,4 of 6 — 66%,50% — 1 of 2,2.0,0,1.0,0,16,6,6,3,17,8,454,751,20,21,14,2,10,15,12,19,1,1,11,4,20,29,79,41
16.0,Sun,2023-12-10,14:00,Fulham,West Ham,2.3,1.3,5–0,23988.0,Paul Tierney,2023-2024,Tom Cairney,Kurt Zouma,(4-2-3-1),(4-4-1-1),63%,37%,708 of 802 — 88%,81% — 383 of 473,8 of 14 — 57%,56% — 5 of 9,5 of 5 — 100%,37% — 3 of 8,2.0,0,1.0,0,5,10,3,6,17,18,905,571,21,10,8,12,14,5,20,13,0,0,6,8,20,17,67,64
16.0,Sun,2023-12-10,14:00,Everton,Chelsea,1.2,0.9,2–0,39280.0,Michael Oliver,2023-2024,James Tarkowski,Reece James,(4-4-1-1),(4-2-3-1),29%,71%,186 of 301 — 62%,86% — 638 of 743,5 of 9 — 56%,25% — 4 of 16,4 of 4 — 100%,60% — 3 of 5,2.0,0,2.0,0,12,12,4,8,21,15,412,865,23,20,14,4,14,17,25,25,2,1,8,6,19,18,82,55
16.0,Sun,2023-12-10,16:30,Tottenham,Newcastle Utd,3.8,1.7,4–1,61171.0,Chris Kavanagh,2023-2024,Son Heung-min,Jamaal Lascelles,(4-2-3-1),(4-3-3),56%,44%,492 of 584 — 84%,81% — 374 of 459,10 of 22 — 45%,33% — 3 of 9,2 of 3 — 66%,70% — 7 of 10,1.0,0,3.0,0,10,12,3,6,19,19,699,581,31,27,10,14,12,3,13,21,1,3,5,9,21,18,52,60
17.0,Fri,2023-12-15,20:00,Nott'ham Forest,Tottenham,1.3,1.5,0–2,29296.0,Jarred Gillett,2023-2024,Ryan Yates,Son Heung-min,(3-5-2),(4-2-3-1),34%,66%,197 of 300 — 66%,87% — 507 of 581,1 of 15 — 7%,50% — 6 of 12,4 of 6 — 66%,100% — 1 of 1,2.0,0,4.0,1,16,11,6,4,25,16,408,701,29,19,5,5,13,18,17,27,5,0,6,8,20,15,57,52
17.0,Sat,2023-12-16,15:00,Chelsea,Sheffield Utd,3.1,0.4,2–0,39599.0,Andy Madley,2023-2024,Conor Gallagher,Anel Ahmedhodžić,(4-2-3-1),(4-1-4-1),78%,22%,761 of 851 — 89%,61% — 150 of 246,6 of 15 — 40%,17% — 1 of 6,1 of 1 — 100%,66% — 4 of 6,1.0,0,3.0,0,9,14,7,5,12,8,962,369,16,28,17,13,10,12,12,25,3,1,4,8,20,8,44,61
17.0,Sat,2023-12-16,15:00,Newcastle Utd,Fulham,3.5,0.3,3–0,52055.0,Samuel Barrott,2023-2024,Jamaal Lascelles,Tom Cairney,(4-3-3),(4-2-3-1),70%,30%,663 of 752 — 88%,76% — 238 of 315,10 of 27 — 37%,67% — 4 of 6,4 of 4 — 100%,70% — 7 of 10,0.0,0,2.0,1,7,12,5,1,28,10,854,426,11,22,8,12,17,4,7,25,2,0,3,14,17,13,45,55
17.0,Sat,2023-12-16,15:00,Manchester City,Crystal Palace,1.6,1.8,2–2,53248.0,Paul Tierney,2023-2024,Kyle Walker,Joel Ward,(4-2-3-1),(5-4-1),74%,26%,783 of 866 — 90%,75% — 232 of 310,9 of 19 — 47%,25% — 1 of 4,0 of 1 — 0%,77% — 7 of 9,1.0,0,1.0,0,12,9,6,1,24,7,951,420,13,14,3,6,9,5,7,31,2,1,2,8,17,14,40,63
17.0,Sat,2023-12-16,17:30,Burnley,Everton,0.7,1.4,0–2,21413.0,Anthony Taylor,2023-2024,Josh Brownhill,James Tarkowski,(4-4-2),(5-4-1),61%,39%,487 of 594 — 82%,71% — 267 of 374,2 of 14 — 14%,67% — 6 of 9,4 of 6 — 66%,100% — 2 of 2,0.0,0,1.0,0,9,8,8,6,22,15,702,491,18,12,2,5,22,24,19,32,0,4,4,7,23,22,73,77
17.0,Sun,2023-12-17,14:00,West Ham,Wolves,1.1,0.7,3–0,62455.0,Chris Kavanagh,2023-2024,Kurt Zouma,Max Kilman,(4-2-3-1),(3-4-3),45%,55%,370 of 473 — 78%,82% — 477 of 582,4 of 13 — 31%,21% — 3 of 14,3 of 3 — 100%,25% — 1 of 4,3.0,0,1.0,0,12,15,6,5,14,24,594,699,18,25,10,2,21,15,24,23,1,2,4,8,21,11,69,51
17.0,Sun,2023-12-17,14:00,Arsenal,Brighton,2.3,0.7,2–0,60257.0,Tim Robinson,2023-2024,Martin Ødegaard,Lewis Dunk,(4-3-3),(4-2-3-1),49%,51%,487 of 553 — 88%,89% — 511 of 576,8 of 26 — 31%,17% — 1 of 6,1 of 1 — 100%,75% — 6 of 8,1.0,0,3.0,0,11,9,10,1,18,10,641,678,12,18,11,3,8,10,6,20,1,1,3,9,14,11,41,45
17.0,Sun,2023-12-17,14:00,Brentford,Aston Villa,0.5,1.4,1–2,17034.0,David Coote,2023-2024,Christian Nørgaard,John McGinn,(3-5-2),(3-5-2),34%,66%,185 of 293 — 63%,84% — 482 of 577,3 of 4 — 75%,33% — 5 of 15,3 of 5 — 60%,66% — 2 of 3,6.0,1,4.0,1,19,6,7,11,18,24,402,694,33,12,15,7,6,14,18,31,7,0,7,0,16,23,60,50
17.0,Sun,2023-12-17,16:30,Liverpool,Manchester Utd,2.3,0.8,0–0,57158.0,Michael Oliver,2023-2024,Virgil van Dijk,Scott McTominay,(4-3-3),(4-2-3-1),68%,32%,555 of 685 — 81%,70% — 224 of 321,8 of 34 — 24%,17% — 1 of 6,1 of 1 — 100%,100% — 8 of 8,2.0,0,7.5,0,13,8,12,0,35,3,803,478,24,17,8,7,11,15,5,48,4,2,3,19,35,19,80,65
18.0,Thu,2023-12-21,20:00,Crystal Palace,Brighton,1.3,1.2,1–1,24171.0,John Brooks,2023-2024,Marc Guéhi,Lewis Dunk,(4-3-3),(4-2-3-1),35%,65%,326 of 423 — 77%,90% — 715 of 795,3 of 11 — 27%,33% — 6 of 18,5 of 6 — 83%,66% — 2 of 3,5.0,0,2.0,0,12,11,3,1,13,14,548,925,28,20,5,7,10,13,14,11,1,2,12,6,17,11,73,42
18.0,Fri,2023-12-22,20:00,Aston Villa,Sheffield Utd,0.9,0.6,1–1,41651.0,Anthony Taylor,2023-2024,John McGinn,Jack Robinson,(4-4-1-1),(3-4-3),77%,23%,604 of 708 — 85%,61% — 132 of 215,4 of 12 — 33%,40% — 2 of 5,1 of 2 — 50%,75% — 3 of 4,3.0,0,3.0,0,11,16,9,1,28,4,791,359,11,31,4,10,20,20,4,45,0,4,3,8,19,13,34,56
18.0,Sat,2023-12-23,12:30,West Ham,Manchester Utd,1.2,1.0,2–0,64472.0,Simon Hooper,2023-2024,Kurt Zouma,Bruno Fernandes,(4-2-3-1),(4-2-3-1),35%,65%,272 of 357 — 76%,84% — 569 of 676,5 of 12 — 42%,27% — 3 of 11,3 of 3 — 100%,60% — 3 of 5,2.0,0,3.0,0,13,15,4,4,17,19,488,776,19,20,7,3,10,16,30,22,1,1,7,6,15,28,71,46
18.0,Sat,2023-12-23,15:00,Fulham,Burnley,1.3,0.4,0–2,23598.0,Rebecca Welch,2023-2024,Tom Cairney,Josh Brownhill,(4-2-3-1),(4-4-2),66%,34%,633 of 760 — 83%,73% — 292 of 400,5 of 19 — 26%,29% — 2 of 7,0 of 2 — 0%,100% — 5 of 5,2.0,0,1.0,0,5,17,8,6,25,16,864,536,10,21,13,9,18,10,12,30,2,3,6,10,28,15,71,72
18.0,Sat,2023-12-23,15:00,Nott'ham Forest,Bournemouth,1.0,1.6,2–3,29188.0,Robert Jones,2023-2024,Ryan Yates,Neto,(4-2-3-1),(4-2-3-1),34%,66%,181 of 293 — 62%,81% — 467 of 578,4 of 11 — 36%,33% — 6 of 18,3 of 6 — 50%,50% — 2 of 4,3.5,0,3.0,0,10,10,6,6,16,31,433,718,26,15,3,10,28,17,31,26,0,0,8,1,17,20,66,83
18.0,Sat,2023-12-23,15:00,Luton Town,Newcastle Utd,1.4,1.4,1–0,11042.0,Darren England,2023-2024,Amari'i Bell,Jamaal Lascelles,(3-4-3),(4-3-3),35%,65%,240 of 334 — 72%,81% — 501 of 618,5 of 16 — 31%,13% — 2 of 15,2 of 2 — 100%,80% — 4 of 5,2.0,0,2.0,0,11,6,6,7,17,23,483,730,13,29,9,9,10,16,31,14,0,3,11,13,16,19,70,62
18.0,Sat,2023-12-23,15:00,Tottenham,Everton,1.5,1.8,2–1,61808.0,Stuart Attwell,2023-2024,Son Heung-min,James Tarkowski,(4-2-3-1),(4-2-3-1),61%,39%,522 of 625 — 84%,74% — 299 of 406,6 of 13 — 46%,44% — 8 of 18,7 of 8 — 87%,66% — 4 of 6,1.0,0,4.0,0,6,18,3,8,8,22,757,521,23,17,12,16,5,13,23,14,2,3,11,7,20,21,54,80
18.0,Sat,2023-12-23,17:30,Liverpool,Arsenal,1.0,0.7,1–1,57548.0,Chris Kavanagh,2023-2024,Virgil van Dijk,Martin Ødegaard,(4-3-3),(4-3-3),52%,48%,386 of 495 — 78%,77% — 360 of 466,3 of 13 — 23%,15% — 2 of 13,1 of 2 — 50%,66% — 2 of 3,2.0,0,5.0,0,13,14,4,5,19,16,608,606,34,20,5,11,15,4,18,22,1,1,6,7,27,17,67,63
18.0,Sun,2023-12-24,13:00,Wolves,Chelsea,1.3,2.0,2–1,31641.0,David Coote,2023-2024,Max Kilman,Conor Gallagher,(3-4-3),(4-2-3-1),32%,68%,200 of 309 — 65%,86% — 554 of 644,6 of 14 — 43%,25% — 4 of 16,3 of 4 — 75%,66% — 4 of 6,3.0,0,6.0,0,11,9,10,6,19,21,421,748,22,17,12,4,14,14,19,16,3,0,7,4,16,17,58,58
19.0,Tue,2023-12-26,12:30,Newcastle Utd,Nott'ham Forest,2.4,3.5,1–3,52207.0,Chris Kavanagh,2023-2024,Kieran Trippier,Morgan Gibbs-White,(4-3-3),(4-2-3-1),62%,38%,477 of 577 — 83%,78% — 282 of 361,5 of 18 — 28%,40% — 6 of 15,3 of 6 — 50%,100% — 5 of 5,3.0,0,3.0,0,10,11,10,2,36,9,681,511,12,21,11,11,9,10,7,47,0,1,10,14,20,18,54,68
19.0,Tue,2023-12-26,15:00,Bournemouth,Fulham,1.8,0.3,3–0,11099.0,Tim Robinson,2023-2024,Neto,Tom Cairney,(4-2-3-1),(4-2-3-1),43%,57%,351 of 448 — 78%,82% — 490 of 598,3 of 15 — 20%,38% — 3 of 8,3 of 3 — 100%,33% — 1 of 3,0.0,0,2.0,0,10,10,6,5,13,24,561,696,13,16,10,8,16,12,26,24,3,0,5,5,20,24,59,73
19.0,Tue,2023-12-26,15:00,Sheffield Utd,Luton Town,2.4,0.6,2–3,31041.0,Samuel Allison,2023-2024,Anel Ahmedhodžić,Amari'i Bell,(4-4-2),(3-4-3),51%,49%,284 of 407 — 70%,74% — 290 of 393,4 of 21 — 19%,33% — 4 of 12,3 of 4 — 75%,50% — 2 of 4,5.0,0,0.0,0,13,13,9,4,26,20,528,536,20,15,13,17,26,26,21,37,1,0,5,9,23,23,87,69
19.0,Tue,2023-12-26,17:30,Burnley,Liverpool,0.8,1.8,0–2,21624.0,Paul Tierney,2023-2024,Josh Brownhill,Virgil van Dijk,(4-4-2),(4-3-3),32%,68%,205 of 327 — 63%,83% — 583 of 705,0 of 9 — 0%,53% — 10 of 19,8 of 10 — 80%,% — 0 of 0,2.0,0,1.0,0,7,10,4,4,15,15,446,805,25,14,10,6,15,31,20,10,1,4,8,12,15,20,80,73
19.0,Tue,2023-12-26,20:00,Manchester Utd,Aston Villa,1.1,1.7,3–2,73574.0,Craig Pawson,2023-2024,Bruno Fernandes,John McGinn,(4-2-3-1),(4-2-3-1),46%,54%,330 of 437 — 76%,79% — 404 of 509,7 of 13 — 54%,30% — 3 of 10,1 of 3 — 33%,57% — 4 of 7,1.0,0,3.0,0,10,10,3,6,16,21,561,613,21,14,20,7,15,14,27,16,9,0,3,4,18,22,61,55
19.0,Wed,2023-12-27,19:30,Brentford,Wolves,2.2,2.4,1–4,17109.0,Andy Madley,2023-2024,Christian Nørgaard,Max Kilman,(4-3-3),(3-4-3),60%,40%,519 of 664 — 78%,73% — 319 of 436,4 of 14 — 29%,45% — 5 of 11,1 of 5 — 20%,75% — 3 of 4,1.0,0,1.0,0,5,14,8,2,30,8,778,580,14,25,6,9,21,20,12,41,1,3,5,10,18,12,74,81
19.0,Wed,2023-12-27,19:30,Chelsea,Crystal Palace,2.6,1.1,2–1,39618.0,Michael Salisbury,2023-2024,Conor Gallagher,Marc Guéhi,(4-2-3-1),(4-3-3),63%,37%,595 of 677 — 88%,78% — 307 of 393,2 of 8 — 25%,38% — 5 of 13,4 of 5 — 80%,50% — 1 of 2,3.0,0,2.0,0,13,16,4,3,8,15,798,501,21,25,6,8,7,9,24,12,3,6,6,4,18,15,54,55
19.0,Wed,2023-12-27,20:15,Everton,Manchester City,1.0,2.4,1–3,39327.0,John Brooks,2023-2024,James Tarkowski,Kyle Walker,(4-2-3-1),(4-2-3-1),28%,72%,228 of 322 — 71%,89% — 733 of 821,2 of 7 — 29%,36% — 8 of 22,6 of 8 — 75%,50% — 1 of 2,4.0,0,2.0,0,13,5,4,8,15,18,431,933,15,12,9,4,7,7,22,18,1,1,6,5,13,18,68,62
19.0,Thu,2023-12-28,19:30,Brighton,Tottenham,3.2,2.3,4–2,31675.0,Jarred Gillett,2023-2024,Lewis Dunk,Son Heung-min,(4-1-2-1-2),(4-2-3-1),45%,55%,396 of 486 — 81%,82% — 491 of 597,7 of 13 — 54%,16% — 3 of 19,1 of 3 — 33%,71% — 5 of 7,3.0,0,2.0,0,18,6,7,6,11,26,633,714,16,16,13,11,8,8,31,12,2,5,11,5,13,22,61,46
19.0,Thu,2023-12-28,20:15,Arsenal,West Ham,2.7,1.4,0–2,60261.0,Michael Oliver,2023-2024,Martin Ødegaard,Angelo Ogbonna,(4-3-3),(4-2-3-1),73%,27%,703 of 796 — 88%,67% — 196 of 292,8 of 30 — 27%,40% — 2 of 5,0 of 2 — 0%,100% — 8 of 8,2.0,0,0.0,0,8,8,10,3,30,8,930,443,20,24,6,8,17,12,10,43,0,1,6,16,12,17,20,71
20.0,Sat,2023-12-30,12:30,Luton Town,Chelsea,2.3,1.5,2–3,11041.0,Paul Tierney,2023-2024,Amari'i Bell,Conor Gallagher,(3-4-3),(4-2-3-1),52%,48%,378 of 478 — 79%,82% — 357 of 436,6 of 15 — 40%,67% — 8 of 12,5 of 8 — 62%,66% — 4 of 6,2.0,0,2.0,0,14,21,7,2,36,2,586,560,21,26,10,5,14,15,5,27,5,1,4,13,26,12,65,73
20.0,Sat,2023-12-30,15:00,Crystal Palace,Brentford,1.0,1.4,3–1,25472.0,Robert Jones,2023-2024,Marc Guéhi,Christian Nørgaard,(4-3-3),(3-5-2),46%,54%,386 of 491 — 79%,78% — 441 of 565,6 of 13 — 46%,44% — 4 of 9,3 of 4 — 75%,50% — 3 of 6,0.0,0,1.0,0,14,10,7,4,24,24,626,676,17,20,9,9,10,9,27,19,1,1,4,8,20,20,80,75
20.0,Sat,2023-12-30,15:00,Wolves,Everton,1.9,0.4,3–0,31639.0,Thomas Bramall,2023-2024,Max Kilman,James Tarkowski,(3-4-3),(5-4-1),53%,47%,441 of 556 — 79%,78% — 386 of 498,6 of 12 — 50%,0% — 0 of 10,0 of 0 — %,50% — 3 of 6,2.0,0,3.0,0,9,14,5,2,19,16,668,617,19,23,9,14,8,11,19,27,3,1,8,5,18,19,80,56
20.0,Sat,2023-12-30,15:00,Manchester City,Sheffield Utd,2.2,0.3,2–0,53108.0,David Coote,2023-2024,Kyle Walker,Jack Robinson,(4-2-3-1),(3-4-3),80%,20%,959 of 1028 — 93%,75% — 193 of 259,4 of 18 — 22%,50% — 2 of 4,2 of 2 — 100%,50% — 2 of 4,1.0,0,1.0,0,5,6,12,2,14,7,1103,346,7,15,2,7,10,6,11,25,1,2,0,11,8,12,54,55
20.0,Sat,2023-12-30,15:00,Aston Villa,Burnley,3.2,1.2,3–2,41613.0,Stuart Attwell,2023-2024,John McGinn,Josh Brownhill,(4-4-1-1),(4-4-2),64%,36%,413 of 499 — 83%,68% — 188 of 275,6 of 18 — 33%,56% — 5 of 9,3 of 5 — 60%,66% — 4 of 6,4.0,0,4.5,0,9,14,6,2,17,10,584,356,10,14,4,5,11,13,13,17,1,6,5,13,12,15,48,71
20.0,Sat,2023-12-30,17:30,Nott'ham Forest,Manchester Utd,0.7,0.8,2–1,29529.0,Tim Robinson,2023-2024,Ryan Yates,Bruno Fernandes,(4-2-3-1),(4-2-3-1),44%,56%,321 of 428 — 75%,80% — 430 of 539,2 of 8 — 25%,50% — 5 of 10,4 of 5 — 80%,0% — 0 of 2,2.0,0,4.0,0,9,11,4,5,17,17,561,642,26,14,5,8,10,8,29,23,1,2,6,8,9,30,71,53
20.0,Sun,2023-12-31,14:00,Fulham,Arsenal,1.2,1.6,2–1,24444.0,Joshua Smith,2023-2024,Tom Cairney,Martin Ødegaard,(4-2-3-1),(4-3-3),40%,60%,355 of 446 — 80%,86% — 576 of 670,4 of 15 — 27%,23% — 3 of 13,2 of 3 — 66%,50% — 2 of 4,4.0,0,1.0,0,11,10,5,4,19,20,550,766,15,13,17,7,10,10,23,14,4,0,13,5,10,9,66,33
20.0,Sun,2023-12-31,14:00,Tottenham,Bournemouth,2.3,1.7,3–1,61780.0,Simon Hooper,2023-2024,Son Heung-min,Neto,(4-3-3),(4-2-3-1),50%,50%,378 of 473 — 80%,82% — 382 of 467,6 of 12 — 50%,17% — 4 of 24,3 of 4 — 75%,50% — 3 of 6,3.0,0,2.0,0,9,18,4,13,12,29,610,610,23,19,7,13,9,21,24,14,4,3,13,5,14,24,53,76
20.0,Mon,2024-01-01,20:00,Liverpool,Newcastle Utd,7.0,0.6,4–2,57471.0,Anthony Taylor,2023-2024,Virgil van Dijk,Dan Burn,(4-3-3),(4-3-3),61%,39%,496 of 600 — 83%,75% — 282 of 376,12 of 32 — 38%,60% — 3 of 5,1 of 3 — 33%,75% — 9 of 12,3.0,0,5.0,0,16,15,7,3,23,5,729,530,15,20,11,9,9,10,1,38,1,3,4,8,16,14,73,55
20.0,Tue,2024-01-02,19:30,West Ham,Brighton,0.7,2.3,0–0,62462.0,Samuel Barrott,2023-2024,Angelo Ogbonna,Pascal Groß,(4-2-3-1),(4-3-1-2),32%,68%,332 of 425 — 78%,91% — 826 of 905,2 of 6 — 33%,36% — 8 of 22,8 of 8 — 100%,100% — 2 of 2,1.0,0,0.0,0,4,6,2,0,17,13,527,1012,18,12,14,8,8,11,25,16,3,1,10,8,17,20,66,38
21.0,Fri,2024-01-12,19:45,Burnley,Luton Town,1.1,0.9,1–1,20155.0,Tony Harrington,2023-2024,Josh Brownhill,Amari'i Bell,(4-4-2),(3-4-3),39%,61%,265 of 384 — 69%,78% — 462 of 595,7 of 13 — 54%,36% — 5 of 14,4 of 5 — 80%,85% — 6 of 7,1.0,0,0.0,0,7,12,2,8,10,26,512,700,17,23,12,7,19,27,30,13,1,4,4,9,25,18,82,82
21.0,Sat,2024-01-13,12:30,Chelsea,Fulham,2.2,0.8,1–0,39643.0,Anthony Taylor,2023-2024,Conor Gallagher,Tom Cairney,(4-2-3-1),(4-2-3-1),55%,45%,467 of 571 — 82%,77% — 363 of 471,2 of 16 — 13%,29% — 4 of 14,4 of 4 — 100%,100% — 2 of 2,5.0,0,1.0,0,13,9,6,4,19,17,718,610,20,25,7,18,14,15,40,25,4,0,6,8,19,25,49,55
21.0,Sat,2024-01-13,17:30,Newcastle Utd,Manchester City,1.3,3.0,2–3,52190.0,Chris Kavanagh,2023-2024,Kieran Trippier,Kyle Walker,(4-3-3),(4-2-3-1),28%,72%,224 of 312 — 72%,89% — 697 of 786,5 of 12 — 42%,41% — 11 of 27,8 of 11 — 72%,60% — 3 of 5,1.0,0,2.0,0,7,7,3,13,8,20,443,902,24,11,9,5,12,4,28,9,8,1,9,4,13,15,54,60
21.0,Sun,2024-01-14,14:00,Everton,Aston Villa,1.1,1.2,0–0,39284.0,David Coote,2023-2024,Séamus Coleman,John McGinn,(4-2-3-1),(4-4-2),32%,68%,170 of 275 — 62%,83% — 491 of 591,2 of 10 — 20%,25% — 4 of 16,4 of 4 — 100%,100% — 2 of 2,1.0,0,4.0,0,13,14,4,5,12,20,389,704,25,10,9,4,18,8,28,20,5,1,5,5,17,34,70,69
21.0,Sun,2024-01-14,16:30,Manchester Utd,Tottenham,0.8,1.2,2–2,73489.0,John Brooks,2023-2024,Bruno Fernandes,Cristian Romero,(4-2-3-1),(4-3-3),37%,63%,267 of 365 — 73%,85% — 533 of 624,2 of 9 — 22%,31% — 5 of 16,3 of 5 — 60%,0% — 0 of 2,2.0,0,1.0,0,8,5,8,13,20,36,484,746,21,22,9,13,7,8,32,16,3,4,5,9,20,19,60,47
21.0,Sat,2024-01-20,12:30,Arsenal,Crystal Palace,3.3,0.3,5–0,60284.0,Paul Tierney,2023-2024,Martin Ødegaard,Marc Guéhi,(4-3-3),(3-4-3),60%,40%,504 of 599 — 84%,75% — 294 of 393,7 of 21 — 33%,42% — 5 of 12,5 of 5 — 100%,28% — 2 of 7,0.0,0,0.0,0,8,12,6,7,16,16,712,497,17,11,9,6,17,19,19,28,5,2,5,9,12,12,55,67
21.0,Sat,2024-01-20,17:30,Brentford,Nott'ham Forest,1.2,1.2,3–2,17077.0,Darren England,2023-2024,Ivan Toney,Ryan Yates,(3-5-2),(4-2-3-1),48%,52%,373 of 503 — 74%,77% — 414 of 536,5 of 11 — 45%,25% — 3 of 12,1 of 3 — 33%,40% — 2 of 5,1.0,0,3.0,0,10,14,6,4,19,20,615,652,16,13,12,9,17,13,30,26,0,2,8,5,25,16,76,71
21.0,Sun,2024-01-21,14:00,Sheffield Utd,West Ham,2.5,2.3,2–2,29164.0,Michael Salisbury,2023-2024,Anel Ahmedhodžić,Kurt Zouma,(4-1-4-1),(4-4-1-1),57%,43%,425 of 545 — 78%,73% — 298 of 409,5 of 20 — 25%,27% — 4 of 15,3 of 4 — 75%,80% — 4 of 5,3.0,1,4.5,0,11,10,4,1,17,8,674,548,17,18,6,11,18,21,16,22,1,2,10,8,28,24,79,69
21.0,Sun,2024-01-21,16:30,Bournemouth,Liverpool,1.4,1.5,0–4,11228.0,Andy Madley,2023-2024,Neto,Virgil van Dijk,(4-2-3-1),(4-3-3),40%,60%,261 of 379 — 69%,82% — 464 of 569,1 of 11 — 9%,50% — 7 of 14,3 of 7 — 42%,100% — 1 of 1,1.0,0,2.0,0,9,12,8,5,18,16,521,727,27,32,14,8,10,22,20,27,1,0,10,7,26,23,74,80
21.0,Mon,2024-01-22,19:45,Brighton,Wolves,1.0,1.1,0–0,41505.0,Craig Pawson,2023-2024,Lewis Dunk,Max Kilman,(4-3-3),(3-4-3),72%,28%,748 of 849 — 88%,75% — 255 of 338,3 of 11 — 27%,38% — 3 of 8,3 of 3 — 100%,100% — 3 of 3,1.0,0,4.0,0,10,13,8,2,32,6,928,459,13,20,7,13,11,4,7,35,3,1,7,3,18,12,50,44
22.0,Tue,2024-01-30,19:30,Nott'ham Forest,Arsenal,0.5,1.2,1–2,29387.0,Simon Hooper,2023-2024,Morgan Gibbs-White,Martin Ødegaard,(4-2-3-1),(4-3-3),27%,73%,215 of 301 — 71%,86% — 688 of 797,3 of 9 — 33%,16% — 3 of 19,1 of 3 — 33%,66% — 2 of 3,0.0,0,1.0,0,6,7,2,10,13,24,433,890,15,16,15,5,20,18,47,13,1,3,10,2,16,10,61,43
22.0,Tue,2024-01-30,19:45,Luton Town,Brighton,3.1,0.9,4–0,10994.0,Robert Jones,2023-2024,Carlton Morris,Lewis Dunk,(3-4-3),(3-4-3),41%,59%,284 of 408 — 70%,76% — 441 of 577,8 of 18 — 44%,22% — 2 of 9,2 of 2 — 100%,50% — 4 of 8,2.0,0,2.0,0,13,14,7,4,16,6,542,689,17,26,6,5,13,13,17,18,4,1,6,3,23,25,84,69
22.0,Tue,2024-01-30,19:45,Fulham,Everton,1.6,1.9,0–0,24376.0,Thomas Bramall,2023-2024,Tom Cairney,James Tarkowski,(4-2-3-1),(4-4-1-1),70%,30%,557 of 670 — 83%,68% — 200 of 293,5 of 25 — 20%,10% — 2 of 21,2 of 2 — 100%,100% — 5 of 5,1.0,0,2.0,0,6,13,15,6,33,17,787,441,6,22,8,11,14,23,21,36,3,2,7,16,18,10,70,66
22.0,Tue,2024-01-30,20:00,Crystal Palace,Sheffield Utd,1.1,0.8,3–2,24781.0,Tony Harrington,2023-2024,Marc Guéhi,Anel Ahmedhodžić,(4-3-3),(4-1-4-1),53%,47%,420 of 532 — 79%,75% — 353 of 471,4 of 12 — 33%,56% — 5 of 9,3 of 5 — 60%,25% — 1 of 4,1.0,0,4.0,0,8,18,11,1,28,7,664,613,30,35,8,15,13,26,20,36,2,1,1,10,26,32,68,84
22.0,Tue,2024-01-30,20:15,Aston Villa,Newcastle Utd,1.4,2.6,1–3,42191.0,John Brooks,2023-2024,John McGinn,Kieran Trippier,(4-4-2),(4-3-3),61%,39%,528 of 622 — 85%,77% — 302 of 393,5 of 12 — 42%,36% — 5 of 14,3 of 5 — 60%,80% — 4 of 5,4.0,0,1.0,0,14,12,8,7,23,17,713,503,13,19,3,10,7,15,12,30,2,4,5,4,23,7,61,50
22.0,Wed,2024-01-31,19:30,Manchester City,Burnley,1.7,1.4,3–1,52143.0,Samuel Barrott,2023-2024,Kevin De Bruyne,Josh Brownhill,(4-2-3-1),(4-4-2),74%,26%,739 of 831 — 89%,72% — 213 of 296,4 of 14 — 29%,38% — 3 of 8,2 of 3 — 66%,25% — 1 of 4,2.0,0,2.0,0,3,13,7,3,11,8,901,401,10,20,5,7,17,7,9,19,3,3,4,4,18,10,42,47
22.0,Wed,2024-01-31,19:30,Tottenham,Brentford,2.9,1.6,3–2,61210.0,David Coote,2023-2024,Cristian Romero,Christian Nørgaard,(4-2-3-1),(3-5-2),67%,33%,547 of 657 — 83%,64% — 203 of 319,5 of 19 — 26%,56% — 5 of 9,3 of 5 — 60%,40% — 2 of 5,2.0,0,3.0,0,13,15,5,3,18,22,805,456,23,19,9,17,9,20,32,24,2,3,7,7,15,17,35,75
22.0,Wed,2024-01-31,20:15,Liverpool,Chelsea,2.9,0.6,4–1,57524.0,Paul Tierney,2023-2024,Virgil van Dijk,Ben Chilwell,(4-3-3),(4-2-3-1),50%,50%,496 of 600 — 83%,86% — 504 of 589,13 of 27 — 48%,75% — 3 of 4,2 of 3 — 66%,69% — 9 of 13,2.0,0,4.0,0,15,16,8,1,26,5,724,720,22,14,6,9,6,10,8,33,3,3,2,8,10,11,61,37
22.0,Thu,2024-02-01,19:30,West Ham,Bournemouth,1.4,1.2,1–1,62478.0,Tim Robinson,2023-2024,Kurt Zouma,Neto,(4-3-2-1),(4-2-3-1),48%,52%,383 of 500 — 77%,75% — 401 of 533,2 of 8 — 25%,44% — 4 of 9,3 of 4 — 75%,100% — 2 of 2,1.0,0,3.0,0,13,11,1,5,20,13,640,664,27,21,5,7,24,18,26,22,1,3,6,8,24,31,79,81
22.0,Thu,2024-02-01,20:15,Wolves,Manchester Utd,2.1,3.3,3–4,31641.0,Jarred Gillett,2023-2024,Max Kilman,Bruno Fernandes,(3-4-3),(4-2-3-1),53%,47%,469 of 550 — 85%,84% — 412 of 491,5 of 15 — 33%,38% — 8 of 21,4 of 8 — 50%,60% — 3 of 5,2.0,0,5.0,0,10,10,4,5,20,12,666,614,25,20,3,13,11,6,12,21,1,2,9,8,16,19,48,49
23.0,Sat,2024-02-03,12:30,Everton,Tottenham,2.6,1.0,2–2,39321.0,Michael Oliver,2023-2024,James Tarkowski,Cristian Romero,(4-4-1-1),(4-2-3-1),43%,57%,284 of 416 — 68%,77% — 421 of 547,4 of 14 — 29%,67% — 6 of 9,4 of 6 — 66%,50% — 2 of 4,3.0,0,0.0,0,8,14,9,5,36,11,544,680,25,22,17,11,22,13,15,34,5,1,4,8,28,30,105,42
23.0,Sat,2024-02-03,15:00,Burnley,Fulham,1.8,1.5,2–2,20203.0,Darren Bond,2023-2024,Josh Brownhill,Tim Ream,(4-4-2),(4-2-3-1),44%,56%,307 of 428 — 72%,75% — 412 of 549,4 of 12 — 33%,47% — 7 of 15,5 of 7 — 71%,50% — 2 of 4,2.0,0,2.0,0,11,7,2,13,11,24,556,651,15,10,8,17,24,27,28,22,1,1,4,7,26,31,64,80
23.0,Sat,2024-02-03,15:00,Brighton,Crystal Palace,1.4,0.3,4–1,31345.0,Simon Hooper,2023-2024,Lewis Dunk,Marc Guéhi,(3-4-3),(4-3-3),68%,32%,841 of 902 — 93%,82% — 347 of 422,6 of 13 — 46%,71% — 5 of 7,4 of 5 — 80%,33% — 2 of 6,1.0,0,3.0,0,8,14,3,2,10,10,994,505,23,16,11,14,5,3,5,7,2,2,1,2,15,20,40,35
23.0,Sat,2024-02-03,15:00,Newcastle Utd,Luton Town,2.3,2.4,4–4,52211.0,Thomas Bramall,2023-2024,Kieran Trippier,Carlton Morris,(4-3-3),(3-4-3),55%,45%,356 of 494 — 72%,79% — 324 of 410,6 of 19 — 32%,70% — 7 of 10,4 of 7 — 57%,33% — 2 of 6,2.0,0,2.0,0,13,16,8,2,26,11,597,569,26,14,4,15,10,16,10,35,0,0,0,10,26,15,74,60
23.0,Sat,2024-02-03,17:30,Sheffield Utd,Aston Villa,1.4,2.2,0–5,30187.0,Paul Tierney,2023-2024,Anel Ahmedhodžić,John McGinn,(5-4-1),(4-2-3-1),37%,63%,291 of 384 — 76%,88% — 584 of 667,4 of 10 — 40%,64% — 9 of 14,4 of 9 — 44%,100% — 4 of 4,1.0,0,0.0,0,10,7,3,4,9,12,468,750,17,8,8,8,8,11,14,13,6,0,9,3,14,17,61,57
23.0,Sun,2024-02-04,14:00,Chelsea,Wolves,1.7,2.0,2–4,39628.0,Tim Robinson,2023-2024,Ben Chilwell,Max Kilman,(4-2-3-1),(3-4-3),64%,36%,597 of 693 — 86%,79% — 305 of 386,4 of 15 — 27%,46% — 6 of 13,4 of 6 — 66%,50% — 2 of 4,3.0,0,2.0,0,15,11,10,1,25,6,794,512,13,18,7,8,11,9,12,31,3,0,4,11,24,18,45,57
23.0,Sun,2024-02-04,14:00,Bournemouth,Nott'ham Forest,1.3,0.5,1–1,11200.0,Rebecca Welch,2023-2024,Neto,Ryan Yates,(4-2-3-1),(4-2-3-1),45%,55%,264 of 389 — 68%,73% — 343 of 467,1 of 9 — 11%,75% — 6 of 8,5 of 6 — 83%,0% — 0 of 1,3.0,1,2.0,0,19,12,11,6,23,20,499,596,15,31,13,6,15,23,15,28,1,1,4,4,28,16,76,63
23.0,Sun,2024-02-04,14:00,Manchester Utd,West Ham,0.7,1.4,3–0,73612.0,Andy Madley,2023-2024,Bruno Fernandes,Kurt Zouma,(4-2-3-1),(4-2-3-1),51%,49%,469 of 554 — 85%,83% — 447 of 536,5 of 12 — 42%,14% — 3 of 22,3 of 3 — 100%,40% — 2 of 5,0.0,0,1.0,0,10,5,5,8,9,32,658,649,18,16,5,11,12,8,26,19,1,0,10,6,13,19,57,58
23.0,Sun,2024-02-04,16:30,Arsenal,Liverpool,3.5,0.4,3–1,60374.0,Anthony Taylor,2023-2024,Martin Ødegaard,Virgil van Dijk,(4-3-3),(4-3-3),43%,57%,326 of 430 — 76%,80% — 466 of 579,7 of 15 — 47%,10% — 1 of 10,1 of 1 — 100%,57% — 4 of 7,6.0,0,5.5,0,11,11,2,4,12,19,548,683,21,11,11,8,18,22,26,17,3,1,9,7,19,29,61,77
23.0,Mon,2024-02-05,20:00,Brentford,Manchester City,1.0,2.1,1–3,17096.0,Jarred Gillett,2023-2024,Christian Nørgaard,Kyle Walker,(3-5-2),(4-1-4-1),28%,72%,218 of 317 — 69%,88% — 707 of 802,2 of 9 — 22%,60% — 15 of 25,12 of 15 — 80%,50% — 1 of 2,1.0,0,0.0,0,2,4,8,13,22,28,435,926,18,11,11,5,15,12,33,25,2,0,6,3,10,20,73,55
24.0,Sat,2024-02-10,12:30,Manchester City,Everton,1.6,0.3,2–0,52187.0,John Brooks,2023-2024,Rúben Dias,James Tarkowski,(4-1-4-1),(4-2-3-1),72%,28%,740 of 829 — 89%,75% — 244 of 326,3 of 19 — 16%,20% — 1 of 5,1 of 1 — 100%,33% — 1 of 3,0.0,0,2.0,0,6,11,9,0,29,8,927,439,12,21,6,8,11,8,7,33,1,2,4,7,22,18,64,59
24.0,Sat,2024-02-10,15:00,Wolves,Brentford,1.0,1.9,0–2,30731.0,Simon Hooper,2023-2024,Max Kilman,Christian Nørgaard,(3-4-3),(3-5-2),71%,29%,596 of 719 — 83%,61% — 180 of 296,5 of 17 — 29%,67% — 6 of 9,4 of 6 — 66%,100% — 5 of 5,2.0,0,3.0,0,11,9,7,4,40,9,822,419,18,17,8,13,12,18,9,41,1,0,5,15,23,13,69,77
24.0,Sat,2024-02-10,15:00,Fulham,Bournemouth,1.6,1.8,3–1,24271.0,Darren England,2023-2024,Tom Cairney,Neto,(4-2-3-1),(4-2-3-1),49%,51%,360 of 488 — 74%,75% — 382 of 507,6 of 7 — 86%,16% — 4 of 25,3 of 4 — 75%,50% — 3 of 6,1.0,0,2.0,0,11,11,1,13,14,29,615,642,20,17,8,7,25,29,38,20,1,3,14,4,18,20,79,73
24.0,Sat,2024-02-10,15:00,Tottenham,Brighton,1.6,1.2,2–1,61445.0,Samuel Barrott,2023-2024,Cristian Romero,Lewis Dunk,(4-2-3-1),(4-2-3-1),52%,48%,471 of 574 — 82%,80% — 421 of 525,6 of 16 — 38%,40% — 2 of 5,2 of 2 — 100%,66% — 4 of 6,2.0,0,3.0,0,14,13,9,6,20,17,679,652,10,16,15,13,10,3,22,25,4,6,2,5,21,22,31,54
24.0,Sat,2024-02-10,15:00,Liverpool,Burnley,2.8,1.3,3–1,59896.0,Tim Robinson,2023-2024,Virgil van Dijk,Josh Brownhill,(4-3-3),(4-4-2),70%,30%,612 of 728 — 84%,65% — 203 of 310,10 of 25 — 40%,44% — 4 of 9,3 of 4 — 75%,70% — 7 of 10,3.0,0,2.0,0,11,13,9,3,32,9,845,442,22,14,4,6,24,14,15,40,2,2,5,8,20,17,71,73
24.0,Sat,2024-02-10,15:00,Luton Town,Sheffield Utd,1.8,1.7,1–3,11138.0,Chris Kavanagh,2023-2024,Carlton Morris,Anel Ahmedhodžić,(3-4-3),(5-4-1),74%,26%,515 of 635 — 81%,52% — 119 of 228,4 of 19 — 21%,33% — 2 of 6,0 of 2 — 0%,100% — 4 of 4,1.0,0,2.0,0,7,12,13,1,43,11,741,353,17,26,7,5,20,18,22,47,2,0,7,11,25,25,81,81
24.0,Sat,2024-02-10,17:30,Nott'ham Forest,Newcastle Utd,1.5,0.5,2–3,29451.0,Anthony Taylor,2023-2024,Ryan Yates,Kieran Trippier,(4-2-3-1),(4-3-3),39%,61%,303 of 411 — 74%,87% — 568 of 655,3 of 13 — 23%,71% — 5 of 7,2 of 5 — 40%,33% — 1 of 3,1.0,0,2.0,0,9,6,4,4,19,12,521,780,20,14,2,5,11,16,18,35,3,0,5,12,21,15,62,67
24.0,Sun,2024-02-11,14:00,West Ham,Arsenal,0.2,3.6,0–6,62475.0,Craig Pawson,2023-2024,Kurt Zouma,Martin Ødegaard,(4-2-3-1),(4-3-3),30%,70%,229 of 321 — 71%,91% — 673 of 738,1 of 5 — 20%,46% — 11 of 24,6 of 11 — 54%,100% — 1 of 1,4.0,0,0.0,0,17,11,2,6,12,24,408,847,21,12,5,5,11,12,23,16,2,2,10,1,15,11,65,36
24.0,Sun,2024-02-11,16:30,Aston Villa,Manchester Utd,2.4,1.8,1–2,42185.0,Robert Jones,2023-2024,John McGinn,Bruno Fernandes,(4-2-3-1),(4-2-3-1),56%,44%,445 of 532 — 84%,78% — 329 of 421,9 of 23 — 39%,29% — 5 of 17,3 of 5 — 60%,88% — 8 of 9,3.0,0,2.0,0,9,7,10,8,23,16,635,539,10,25,12,8,6,15,14,30,0,6,5,10,14,7,45,67
24.0,Mon,2024-02-12,20:00,Crystal Palace,Chelsea,0.6,1.4,1–3,25110.0,Michael Oliver,2023-2024,Joachim Andersen,Ben Chilwell,(4-1-4-1),(4-2-3-1),23%,77%,174 of 269 — 65%,87% — 784 of 897,4 of 13 — 31%,36% — 5 of 14,2 of 5 — 40%,75% — 3 of 4,2.0,0,2.0,0,15,7,1,7,8,29,392,986,22,16,10,6,15,12,39,7,2,4,7,5,12,26,70,58
25.0,Sat,2024-02-17,12:30,Brentford,Liverpool,1.6,2.8,1–4,17193.0,Michael Oliver,2023-2024,Christian Nørgaard,Virgil van Dijk,(3-5-2),(4-3-3),38%,62%,268 of 392 — 68%,81% — 528 of 651,6 of 15 — 40%,53% — 8 of 15,4 of 8 — 50%,83% — 5 of 6,2.0,0,1.0,0,4,18,1,6,11,16,506,747,16,12,13,8,12,11,21,18,3,2,6,8,18,16,72,68
25.0,Sat,2024-02-17,15:00,Nott'ham Forest,West Ham,2.8,0.5,2–0,29490.0,Thomas Bramall,2023-2024,Morgan Gibbs-White,Kurt Zouma,(4-2-3-1),(4-2-3-1),49%,51%,356 of 449 — 79%,79% — 374 of 474,8 of 19 — 42%,30% — 3 of 10,3 of 3 — 100%,75% — 6 of 8,4.0,0,7.5,0,13,15,5,2,15,22,571,584,21,17,6,6,6,10,22,15,1,1,4,6,21,17,58,58
25.0,Sat,2024-02-17,15:00,Burnley,Arsenal,0.3,2.3,0–5,21311.0,Jarred Gillett,2023-2024,Josh Brownhill,Martin Ødegaard,(4-4-2),(4-3-3),36%,64%,252 of 351 — 72%,85% — 543 of 636,0 of 8 — 0%,40% — 6 of 15,2 of 6 — 33%,% — 0 of 0,2.0,0,1.0,0,11,8,4,6,12,10,458,745,17,15,6,5,8,20,21,13,5,1,9,6,14,16,64,52
25.0,Sat,2024-02-17,15:00,Fulham,Aston Villa,1.5,1.5,1–2,24401.0,Lewis Smith,2023-2024,Tom Cairney,John McGinn,(4-2-3-1),(4-2-3-1),52%,48%,407 of 499 — 82%,83% — 382 of 462,4 of 15 — 27%,25% — 3 of 12,1 of 3 — 33%,75% — 3 of 4,5.0,0,2.0,0,11,6,4,4,30,10,594,569,14,11,3,4,7,8,14,29,2,6,8,15,15,15,64,54
25.0,Sat,2024-02-17,15:00,Newcastle Utd,Bournemouth,2.2,2.2,2–2,52224.0,Michael Salisbury,2023-2024,Kieran Trippier,Neto,(4-3-3),(4-2-3-1),62%,38%,404 of 520 — 78%,62% — 194 of 315,4 of 16 — 25%,50% — 6 of 12,4 of 6 — 66%,75% — 3 of 4,1.0,0,3.0,0,9,23,4,2,17,19,642,429,16,22,6,9,19,16,18,25,0,3,8,15,21,14,61,80
25.0,Sat,2024-02-17,15:00,Tottenham,Wolves,1.6,1.8,1–2,61532.0,Anthony Taylor,2023-2024,Son Heung-min,José Sá,(4-2-3-1),(3-4-3),71%,29%,693 of 809 — 86%,71% — 232 of 329,4 of 15 — 27%,58% — 7 of 12,5 of 7 — 71%,75% — 3 of 4,0.0,0,1.0,0,8,13,10,4,35,13,912,466,23,16,14,11,13,8,9,39,1,2,8,11,21,9,28,68
25.0,Sat,2024-02-17,17:30,Manchester City,Chelsea,2.6,1.4,1–1,52178.0,Andy Madley,2023-2024,Kyle Walker,Ben Chilwell,(4-1-4-1),(4-2-3-1),70%,30%,688 of 784 — 88%,79% — 266 of 336,5 of 31 — 16%,67% — 6 of 9,5 of 6 — 83%,80% — 4 of 5,1.0,0,3.0,0,7,12,12,1,47,8,906,499,15,28,5,8,10,14,11,54,0,5,2,13,20,10,51,47
25.0,Sun,2024-02-18,14:00,Sheffield Utd,Brighton,0.6,2.9,0–5,29522.0,Stuart Attwell,2023-2024,Anel Ahmedhodžić,Lewis Dunk,(3-5-1-1),(4-2-3-1),21%,79%,168 of 254 — 66%,91% — 846 of 930,1 of 6 — 17%,38% — 9 of 24,5 of 9 — 55%,100% — 1 of 1,1.0,1,4.0,0,3,5,5,10,10,40,355,1024,8,15,4,4,7,17,39,13,2,2,11,7,15,13,67,38
25.0,Sun,2024-02-18,16:30,Luton Town,Manchester Utd,1.8,2.9,1–2,11483.0,David Coote,2023-2024,Carlton Morris,Bruno Fernandes,(3-4-3),(4-2-3-1),58%,42%,466 of 586 — 80%,75% — 313 of 418,4 of 22 — 18%,38% — 8 of 21,6 of 8 — 75%,75% — 3 of 4,3.0,0,5.0,0,7,21,8,6,35,12,701,557,14,14,8,13,13,8,13,28,4,1,4,10,12,12,53,81
25.0,Mon,2024-02-19,20:00,Everton,Crystal Palace,1.7,0.7,1–1,38164.0,Paul Tierney,2023-2024,James Tarkowski,Joel Ward,(4-4-1-1),(3-4-3),61%,39%,461 of 590 — 78%,62% — 232 of 374,4 of 19 — 21%,30% — 3 of 10,2 of 3 — 66%,75% — 3 of 4,0.0,0,2.0,0,8,12,3,6,32,18,723,509,25,15,16,4,43,23,19,38,1,2,4,11,25,37,102,85
18.0,Tue,2024-02-20,19:30,Manchester City,Brentford,2.3,0.4,1–0,52247.0,Darren England,2023-2024,Kyle Walker,Christian Nørgaard,(4-2-3-1),(3-5-2),70%,30%,683 of 765 — 89%,73% — 243 of 334,10 of 25 — 40%,33% — 2 of 6,2 of 2 — 100%,90% — 9 of 10,2.0,0,4.0,0,12,6,10,1,30,11,866,437,6,11,9,8,14,13,22,27,1,3,6,11,17,10,44,62
26.0,Wed,2024-02-21,19:30,Liverpool,Luton Town,3.3,0.9,4–1,59713.0,Andy Madley,2023-2024,Virgil van Dijk,Carlton Morris,(4-3-3),(3-4-3),60%,40%,445 of 553 — 80%,71% — 258 of 362,13 of 29 — 45%,25% — 3 of 12,2 of 3 — 66%,69% — 9 of 13,1.0,0,4.0,0,15,14,13,4,22,13,687,498,21,22,6,5,21,11,19,35,2,3,7,9,18,15,69,66
26.0,Sat,2024-02-24,15:00,Aston Villa,Nott'ham Forest,3.6,2.6,4–2,42131.0,Samuel Barrott,2023-2024,John McGinn,Morgan Gibbs-White,(4-2-3-1),(4-2-3-1),58%,42%,487 of 543 — 90%,84% — 332 of 397,6 of 16 — 38%,30% — 3 of 10,1 of 3 — 33%,33% — 2 of 6,1.0,0,2.0,0,7,16,7,2,13,7,641,495,13,23,1,7,5,3,22,11,1,2,8,6,14,14,40,39
26.0,Sat,2024-02-24,15:00,Manchester Utd,Fulham,1.7,1.2,1–2,73487.0,Michael Oliver,2023-2024,Bruno Fernandes,Harrison Reed,(4-2-3-1),(4-2-3-1),57%,43%,482 of 572 — 84%,79% — 346 of 440,8 of 21 — 38%,29% — 5 of 17,3 of 5 — 60%,87% — 7 of 8,2.0,0,5.0,0,6,11,10,9,14,19,689,564,14,18,9,8,9,10,19,24,2,1,12,8,16,18,52,49
26.0,Sat,2024-02-24,15:00,Crystal Palace,Burnley,2.4,0.1,3–0,24042.0,Lewis Smith,2023-2024,Joel Ward,Josh Brownhill,(3-4-3),(4-4-2),56%,44%,406 of 536 — 76%,71% — 303 of 427,5 of 14 — 36%,0% — 0 of 2,0 of 0 — %,60% — 3 of 5,3.0,0,1.0,1,8,14,12,3,33,8,640,527,13,14,6,3,34,17,14,32,6,2,1,10,19,21,74,85
26.0,Sat,2024-02-24,15:00,Brighton,Everton,1.4,0.3,1–1,41646.0,Tony Harrington,2023-2024,Lewis Dunk,James Tarkowski,(4-2-3-1),(4-4-1-1),64%,36%,599 of 685 — 87%,79% — 306 of 387,7 of 23 — 30%,33% — 2 of 6,1 of 2 — 50%,85% — 6 of 7,2.0,1,3.0,0,9,14,11,3,26,10,780,496,16,13,4,10,18,10,12,30,1,3,7,8,11,15,55,70
26.0,Sat,2024-02-24,17:30,Bournemouth,Manchester City,0.9,1.6,0–1,11184.0,Jarred Gillett,2023-2024,Neto,Rúben Dias,(4-2-3-1),(3-2-4-1),38%,62%,295 of 388 — 76%,83% — 517 of 623,4 of 13 — 31%,40% — 6 of 15,5 of 6 — 83%,100% — 4 of 4,2.0,0,2.0,0,14,6,3,8,13,16,520,735,23,12,11,6,12,13,23,15,3,0,7,6,16,18,73,61
26.0,Sat,2024-02-24,20:00,Arsenal,Newcastle Utd,2.8,0.2,4–1,60298.0,Paul Tierney,2023-2024,Martin Ødegaard,Kieran Trippier,(4-3-3),(4-3-3),55%,45%,492 of 593 — 83%,80% — 394 of 492,7 of 18 — 39%,67% — 2 of 3,1 of 2 — 50%,57% — 4 of 7,1.0,0,0.0,0,15,6,9,0,14,7,680,574,11,11,9,5,14,6,7,24,3,2,3,9,16,16,65,67
26.0,Sun,2024-02-25,13:30,Wolves,Sheffield Utd,1.3,0.6,1–0,30789.0,Darren Bond,2023-2024,Max Kilman,Anel Ahmedhodžić,(3-4-3),(3-5-2),63%,37%,558 of 658 — 85%,73% — 276 of 379,2 of 13 — 15%,33% — 4 of 12,4 of 4 — 100%,50% — 1 of 2,2.0,0,1.0,0,8,4,5,6,21,18,764,478,23,17,4,8,22,22,25,20,1,0,7,14,21,14,56,68
26.0,Mon,2024-02-26,20:00,West Ham,Brentford,1.7,0.9,4–2,62450.0,Simon Hooper,2023-2024,Kurt Zouma,Christian Nørgaard,(4-2-3-1),(3-5-2),41%,59%,328 of 433 — 76%,78% — 485 of 621,6 of 17 — 35%,50% — 7 of 14,5 of 7 — 71%,33% — 2 of 6,1.0,0,2.0,0,5,9,1,7,16,33,588,747,15,31,17,12,23,15,38,19,2,4,5,10,17,28,60,53
27.0,Sat,2024-03-02,15:00,Brentford,Chelsea,1.8,1.8,2–2,17140.0,Jarred Gillett,2023-2024,Christian Nørgaard,Ben Chilwell,(3-5-2),(3-5-2),33%,67%,234 of 337 — 69%,83% — 580 of 695,5 of 14 — 36%,29% — 5 of 17,3 of 5 — 60%,60% — 3 of 5,3.0,0,1.0,0,10,9,0,6,13,17,488,827,22,26,18,6,18,13,21,16,1,4,10,7,24,25,81,63
27.0,Sat,2024-03-02,15:00,Newcastle Utd,Wolves,2.1,0.8,3–0,52206.0,Tim Robinson,2023-2024,Kieran Trippier,Max Kilman,(4-3-3),(3-4-3),44%,56%,384 of 491 — 78%,83% — 519 of 622,6 of 14 — 43%,25% — 3 of 12,3 of 3 — 100%,50% — 3 of 6,0.0,0,1.0,0,8,11,3,5,11,19,598,721,19,8,5,11,16,6,17,15,0,2,6,4,22,27,65,66
27.0,Sat,2024-03-02,15:00,Fulham,Brighton,1.3,1.3,3–0,24460.0,Simon Hooper,2023-2024,Harrison Reed,Lewis Dunk,(4-2-3-1),(3-4-3),30%,70%,239 of 343 — 70%,86% — 688 of 797,5 of 12 — 42%,33% — 5 of 15,5 of 5 — 100%,40% — 2 of 5,1.0,0,2.0,0,16,10,2,6,14,28,454,902,24,16,8,8,12,17,28,12,2,4,10,6,16,17,55,52
27.0,Sat,2024-03-02,15:00,Everton,West Ham,2.7,1.9,1–3,39262.0,Craig Pawson,2023-2024,James Tarkowski,Kurt Zouma,(4-4-1-1),(4-2-3-1),55%,45%,434 of 560 — 78%,74% — 339 of 458,9 of 21 — 43%,42% — 5 of 12,2 of 5 — 40%,88% — 8 of 9,1.0,0,2.0,0,9,6,4,5,30,21,687,599,10,23,3,13,12,20,16,33,2,1,7,9,22,18,87,67
27.0,Sat,2024-03-02,15:00,Tottenham,Crystal Palace,1.9,0.3,3–1,61339.0,John Brooks,2023-2024,Son Heung-min,Joel Ward,(4-2-3-1),(3-4-3),78%,22%,755 of 868 — 87%,67% — 168 of 251,6 of 14 — 43%,25% — 1 of 4,0 of 1 — 0%,50% — 3 of 6,1.0,0,2.0,0,7,16,11,1,28,8,964,381,18,16,5,13,16,15,9,32,2,5,3,12,17,10,37,53
27.0,Sat,2024-03-02,15:00,Nott'ham Forest,Liverpool,1.0,2.0,0–1,29603.0,Paul Tierney,2023-2024,Ryan Yates,Virgil van Dijk,(4-2-3-1),(4-3-3),31%,69%,205 of 320 — 64%,85% — 609 of 718,2 of 8 — 25%,5% — 1 of 22,0 of 1 — 0%,100% — 2 of 2,3.0,0,2.0,0,11,12,3,12,10,24,459,845,20,20,11,7,13,17,27,12,2,1,12,5,29,23,69,63
27.0,Sat,2024-03-02,17:30,Luton Town,Aston Villa,1.8,1.9,2–3,11594.0,Michael Oliver,2023-2024,Carlton Morris,John McGinn,(3-4-3),(4-2-3-1),46%,54%,327 of 416 — 79%,84% — 404 of 482,4 of 14 — 29%,67% — 8 of 12,5 of 8 — 62%,50% — 2 of 4,1.0,0,4.0,0,8,19,8,6,31,12,503,578,12,15,8,3,14,12,19,26,3,1,5,8,12,20,65,65
27.0,Sun,2024-03-03,13:00,Burnley,Bournemouth,1.5,1.1,0–2,19713.0,David Coote,2023-2024,Josh Cullen,Neto,(4-4-2),(4-2-3-1),74%,26%,531 of 666 — 80%,56% — 132 of 237,5 of 20 — 25%,30% — 3 of 10,1 of 3 — 33%,100% — 5 of 5,2.0,0,4.0,0,8,13,7,2,26,9,765,383,19,20,2,9,26,23,13,36,2,4,7,13,29,18,68,74
27.0,Sun,2024-03-03,15:30,Manchester City,Manchester Utd,3.3,0.2,3–1,53514.0,Andy Madley,2023-2024,Kyle Walker,Bruno Fernandes,(3-2-4-1),(4-2-4-0),73%,27%,765 of 862 — 89%,78% — 247 of 318,8 of 27 — 30%,33% — 1 of 3,0 of 1 — 0%,62% — 5 of 8,0.0,0,1.0,0,5,10,15,2,37,4,951,447,5,19,9,10,9,10,3,40,0,1,3,10,19,4,62,35
27.0,Mon,2024-03-04,20:00,Sheffield Utd,Arsenal,0.2,2.3,0–6,29157.0,Samuel Barrott,2023-2024,Anel Ahmedhodžić,Martin Ødegaard,(4-5-1),(4-3-3),20%,80%,147 of 227 — 65%,90% — 844 of 936,0 of 4 — 0%,41% — 9 of 22,4 of 9 — 44%,% — 0 of 0,1.0,0,0.0,0,11,4,0,7,4,17,328,1011,14,7,14,4,7,10,33,7,2,5,6,4,7,18,55,46
28.0,Sat,2024-03-09,12:30,Manchester Utd,Everton,2.7,1.6,2–0,73601.0,Simon Hooper,2023-2024,Bruno Fernandes,James Tarkowski,(4-2-4-0),(4-4-1-1),51%,49%,419 of 518 — 81%,80% — 397 of 496,6 of 13 — 46%,26% — 6 of 23,6 of 6 — 100%,100% — 6 of 6,1.0,0,2.0,0,13,11,5,8,6,30,622,606,15,13,5,10,8,14,24,8,6,1,17,3,12,16,66,72
28.0,Sat,2024-03-09,15:00,Wolves,Fulham,0.8,2.6,2–1,30860.0,Tony Harrington,2023-2024,Max Kilman,Harrison Reed,(4-2-3-1),(4-2-3-1),48%,52%,406 of 493 — 82%,83% — 438 of 526,3 of 8 — 38%,26% — 6 of 23,5 of 6 — 83%,66% — 2 of 3,2.0,0,2.0,0,7,11,3,4,16,15,590,625,9,21,6,4,9,12,20,12,3,0,8,9,18,11,50,51
28.0,Sat,2024-03-09,15:00,Bournemouth,Sheffield Utd,3.3,1.2,2–2,11074.0,Anthony Taylor,2023-2024,Neto,Jack Robinson,(4-2-3-1),(3-5-2),69%,31%,552 of 693 — 80%,57% — 173 of 305,11 of 31 — 35%,69% — 9 of 13,7 of 9 — 77%,81% — 9 of 11,3.0,0,5.0,0,12,11,10,3,55,13,811,452,13,16,4,11,31,24,18,46,1,1,2,18,15,13,75,89
28.0,Sat,2024-03-09,15:00,Crystal Palace,Luton Town,2.7,0.8,1–1,25103.0,Sunny Singh,2023-2024,Joel Ward,Carlton Morris,(3-4-3),(3-4-3),49%,51%,369 of 478 — 77%,76% — 374 of 493,4 of 21 — 19%,25% — 2 of 8,1 of 2 — 50%,75% — 3 of 4,2.0,0,3.0,0,20,11,8,6,21,32,605,598,19,14,12,7,18,15,26,21,0,1,8,12,18,23,84,74
28.0,Sat,2024-03-09,17:30,Arsenal,Brentford,1.3,1.0,2–1,60331.0,Robert Jones,2023-2024,Martin Ødegaard,Christian Nørgaard,(4-3-3),(3-5-2),71%,29%,487 of 612 — 80%,54% — 138 of 254,5 of 17 — 29%,44% — 4 of 9,3 of 4 — 75%,60% — 3 of 5,2.0,0,4.0,0,9,10,10,4,28,11,709,359,8,13,2,8,19,22,8,32,1,2,2,17,14,14,64,86
28.0,Sun,2024-03-10,13:00,Aston Villa,Tottenham,0.8,1.5,0–4,42310.0,Chris Kavanagh,2023-2024,John McGinn,Son Heung-min,(5-3-2),(4-2-3-1),32%,68%,257 of 343 — 75%,90% — 669 of 742,1 of 10 — 10%,56% — 5 of 9,1 of 5 — 20%,100% — 1 of 1,0.0,1,2.0,0,11,15,6,4,14,14,433,848,19,19,9,18,6,4,10,14,5,2,6,5,16,14,49,27
28.0,Sun,2024-03-10,14:00,Brighton,Nott'ham Forest,0.4,0.7,1–0,31505.0,Michael Salisbury,2023-2024,Lewis Dunk,Ryan Yates,(4-2-3-1),(4-3-3),63%,37%,636 of 709 — 90%,81% — 332 of 411,3 of 10 — 30%,44% — 4 of 9,4 of 4 — 100%,100% — 3 of 3,4.0,0,4.0,0,14,14,6,3,16,15,814,516,9,13,5,8,9,6,19,17,1,1,10,7,7,16,47,54
28.0,Sun,2024-03-10,14:00,West Ham,Burnley,2.1,0.7,2–2,62441.0,Darren England,2023-2024,Tomáš Souček,Josh Cullen,(4-2-3-1),(4-4-2),52%,48%,354 of 499 — 71%,69% — 318 of 461,4 of 22 — 18%,36% — 4 of 11,3 of 4 — 75%,50% — 2 of 4,2.0,0,4.0,0,11,18,4,3,26,8,618,585,16,17,10,9,32,16,16,30,5,2,3,13,25,19,83,99
28.0,Sun,2024-03-10,15:45,Liverpool,Manchester City,2.7,1.6,1–1,59947.0,Michael Oliver,2023-2024,Virgil van Dijk,Kyle Walker,(4-3-3),(3-2-4-1),53%,47%,517 of 635 — 81%,81% — 459 of 566,5 of 18 — 28%,60% — 6 of 10,5 of 6 — 83%,100% — 5 of 5,0.0,0,3.0,0,6,10,7,4,22,11,749,687,23,15,12,12,10,8,14,21,6,1,6,11,17,19,77,68
28.0,Mon,2024-03-11,20:00,Chelsea,Newcastle Utd,1.6,0.7,3–2,37753.0,John Brooks,2023-2024,Conor Gallagher,Dan Burn,(4-2-3-1),(4-3-3),44%,56%,361 of 461 — 78%,81% — 474 of 583,7 of 12 — 58%,27% — 3 of 11,1 of 3 — 33%,57% — 4 of 7,3.0,0,1.0,0,12,7,0,4,8,25,580,693,33,17,14,9,7,11,22,8,2,2,12,3,14,37,58,71
17.0,Wed,2024-03-13,19:30,Bournemouth,Luton Town,2.3,2.0,4–3,11198.0,Samuel Allison,2023-2024,Neto,Carlton Morris,(4-2-3-1),(3-4-3),59%,41%,386 of 504 — 77%,67% — 234 of 351,9 of 24 — 38%,50% — 4 of 8,1 of 4 — 25%,55% — 5 of 9,1.0,0,2.0,0,16,11,11,3,32,16,632,478,17,17,5,5,24,26,16,38,1,1,2,12,28,21,95,82
29.0,Sat,2024-03-16,15:00,Burnley,Brentford,2.8,1.1,2–1,20431.0,Darren Bond,2023-2024,Josh Cullen,Ivan Toney,(4-4-2),(3-5-2),60%,40%,381 of 500 — 76%,62% — 203 of 329,5 of 16 — 31%,56% — 5 of 9,4 of 5 — 80%,80% — 4 of 5,2.0,0,4.0,1,14,17,5,4,20,21,610,451,10,27,8,13,23,24,16,25,5,3,2,9,15,12,63,97
29.0,Sat,2024-03-16,15:00,Luton Town,Nott'ham Forest,0.6,2.0,1–1,11630.0,Darren England,2023-2024,Carlton Morris,Ryan Yates,(3-4-3),(4-2-3-1),60%,40%,383 of 490 — 78%,69% — 229 of 333,4 of 10 — 40%,19% — 3 of 16,2 of 3 — 66%,75% — 3 of 4,1.0,0,2.0,0,10,17,6,7,26,18,586,444,8,25,5,7,13,20,14,24,1,2,8,10,20,15,80,83
29.0,Sat,2024-03-16,17:30,Fulham,Tottenham,2.6,2.4,3–0,24410.0,Robert Jones,2023-2024,Bernd Leno,Son Heung-min,(4-2-3-1),(4-2-3-1),43%,57%,338 of 446 — 76%,83% — 481 of 580,7 of 16 — 44%,36% — 5 of 14,5 of 5 — 100%,57% — 4 of 7,2.0,0,3.0,0,9,10,4,5,17,10,550,703,20,12,13,8,11,14,10,21,2,4,11,6,23,15,87,26
29.0,Sun,2024-03-17,14:00,West Ham,Aston Villa,2.0,0.7,1–1,62461.0,Jarred Gillett,2023-2024,Kurt Zouma,Emiliano Martínez,(4-2-3-1),(4-4-2),31%,69%,223 of 307 — 73%,85% — 580 of 680,4 of 13 — 31%,38% — 5 of 13,4 of 5 — 80%,75% — 3 of 4,3.0,0,3.0,0,13,12,7,10,21,19,429,765,13,14,8,3,9,9,27,20,4,2,3,7,12,17,62,41
30.0,Sat,2024-03-30,12:30,Newcastle Utd,West Ham,4.1,1.4,4–3,52199.0,Robert Jones,2023-2024,Jamaal Lascelles,Kurt Zouma,(4-3-3),(4-2-3-1),60%,40%,446 of 558 — 80%,70% — 266 of 379,7 of 22 — 32%,40% — 4 of 10,1 of 4 — 25%,71% — 5 of 7,4.5,0,1.0,0,9,8,3,4,19,13,665,502,24,21,10,6,14,17,14,21,1,2,8,15,18,16,51,86
30.0,Sat,2024-03-30,15:00,Nott'ham Forest,Crystal Palace,0.9,1.2,1–1,29520.0,Chris Kavanagh,2023-2024,Ryan Yates,Joel Ward,(4-2-3-1),(3-4-3),59%,41%,493 of 618 — 80%,74% — 318 of 429,5 of 12 — 42%,30% — 3 of 10,2 of 3 — 66%,80% — 4 of 5,1.0,0,1.0,0,14,12,4,6,31,13,739,574,15,22,9,11,16,16,15,41,4,0,8,3,32,15,59,70
30.0,Sat,2024-03-30,15:00,Sheffield Utd,Fulham,1.9,1.3,3–3,30010.0,Tim Robinson,2023-2024,Jack Robinson,Bernd Leno,(3-5-2),(4-2-3-1),27%,73%,146 of 240 — 61%,83% — 546 of 659,4 of 8 — 50%,38% — 9 of 24,6 of 9 — 66%,25% — 1 of 4,4.0,0,1.0,0,10,13,2,15,10,41,365,745,19,9,6,3,23,19,42,12,2,0,8,7,10,22,71,77
30.0,Sat,2024-03-30,15:00,Chelsea,Burnley,4.2,1.6,2–2,39535.0,Darren England,2023-2024,Conor Gallagher,Josh Cullen,(4-2-3-1),(4-4-2),69%,31%,594 of 676 — 88%,75% — 227 of 303,12 of 32 — 38%,33% — 6 of 18,4 of 6 — 66%,91% — 11 of 12,2.0,0,5.5,0,12,7,12,4,23,10,776,425,8,10,6,11,8,16,10,26,3,0,6,13,18,10,47,71
30.0,Sat,2024-03-30,15:00,Tottenham,Luton Town,2.9,0.5,2–1,61534.0,Jarred Gillett,2023-2024,Son Heung-min,Carlton Morris,(4-2-3-1),(4-3-3),70%,30%,552 of 659 — 84%,68% — 196 of 289,2 of 17 — 12%,43% — 3 of 7,2 of 3 — 66%,50% — 1 of 2,2.0,0,4.0,0,16,14,3,6,17,16,755,401,16,12,12,6,15,9,13,26,1,1,2,10,30,14,46,76
30.0,Sat,2024-03-30,15:00,Bournemouth,Everton,1.3,1.0,2–1,11207.0,Samuel Barrott,2023-2024,Neto,Séamus Coleman,(4-2-3-1),(4-4-1-1),48%,52%,286 of 413 — 69%,70% — 313 of 447,4 of 11 — 36%,43% — 3 of 7,2 of 3 — 66%,75% — 3 of 4,1.0,0,2.0,0,14,11,9,8,26,23,544,571,14,24,6,8,20,24,30,29,0,4,8,8,19,27,93,76
30.0,Sat,2024-03-30,17:30,Aston Villa,Wolves,1.0,1.5,2–0,42640.0,Paul Tierney,2023-2024,Emiliano Martínez,Max Kilman,(4-4-2),(3-4-3),48%,52%,378 of 440 — 86%,86% — 414 of 480,5 of 11 — 45%,23% — 3 of 13,3 of 3 — 100%,60% — 3 of 5,3.0,0,4.0,0,11,19,5,4,16,15,522,570,16,24,4,4,8,11,11,13,1,2,8,7,7,15,43,51
30.0,Sat,2024-03-30,20:00,Brentford,Manchester Utd,3.2,0.6,1–1,17138.0,Simon Hooper,2023-2024,Ivan Toney,Bruno Fernandes,(3-5-2),(4-2-3-1),47%,53%,288 of 431 — 67%,79% — 381 of 481,5 of 31 — 16%,45% — 5 of 11,4 of 5 — 80%,80% — 4 of 5,3.0,0,2.0,0,7,14,14,4,37,10,558,647,16,14,6,13,28,17,14,47,1,2,7,17,14,15,81,59
30.0,Sun,2024-03-31,14:00,Liverpool,Brighton,2.8,0.5,2–1,60061.0,David Coote,2023-2024,Virgil van Dijk,Lewis Dunk,(4-3-3),(4-2-3-1),55%,45%,543 of 623 — 87%,83% — 429 of 516,8 of 30 — 27%,33% — 3 of 9,2 of 3 — 66%,75% — 6 of 8,5.0,0,3.0,0,20,6,8,4,13,16,756,654,19,28,12,9,9,8,15,23,5,3,7,15,15,6,53,47
30.0,Sun,2024-03-31,16:30,Manchester City,Arsenal,1.0,0.7,0–0,52178.0,Anthony Taylor,2023-2024,Kevin De Bruyne,Martin Ødegaard,(4-1-4-1),(4-3-3),72%,28%,644 of 755 — 85%,70% — 202 of 288,1 of 12 — 8%,33% — 2 of 6,2 of 2 — 100%,100% — 1 of 1,0.0,0,2.0,0,9,20,7,4,32,9,833,406,13,20,4,5,16,10,8,28,2,1,3,10,14,6,63,54
31.0,Tue,2024-04-02,19:30,Newcastle Utd,Everton,2.4,1.4,1–1,52135.0,Tony Harrington,2023-2024,Dan Burn,James Tarkowski,(4-3-3),(4-4-1-1),57%,43%,436 of 547 — 80%,75% — 305 of 406,5 of 18 — 28%,22% — 2 of 9,2 of 2 — 100%,80% — 4 of 5,0.0,0,3.0,0,9,14,7,3,22,13,663,533,21,17,5,7,23,28,21,30,2,0,9,5,19,28,55,85
31.0,Tue,2024-04-02,19:30,Nott'ham Forest,Fulham,1.5,1.5,3–1,28997.0,Michael Oliver,2023-2024,Ryan Yates,Bernd Leno,(4-2-3-1),(4-2-3-1),34%,66%,268 of 353 — 76%,85% — 583 of 686,4 of 16 — 25%,17% — 3 of 18,2 of 3 — 66%,25% — 1 of 4,1.0,0,0.0,0,7,8,3,8,7,37,478,779,11,15,12,4,14,19,39,13,2,0,13,8,17,18,65,60
31.0,Tue,2024-04-02,19:45,Bournemouth,Crystal Palace,1.1,0.2,1–0,11058.0,Graham Scott,2023-2024,Neto,Joel Ward,(4-3-3),(3-4-3),50%,50%,377 of 494 — 76%,74% — 370 of 497,6 of 11 — 55%,67% — 2 of 3,2 of 2 — 100%,83% — 5 of 6,3.0,0,2.0,0,13,14,9,2,21,7,630,617,20,29,12,10,15,15,24,30,0,4,1,8,26,28,87,61
31.0,Tue,2024-04-02,19:45,Burnley,Wolves,1.3,0.9,1–1,21528.0,Thomas Bramall,2023-2024,Josh Cullen,Max Kilman,(4-4-2),(4-4-1-1),51%,49%,418 of 529 — 79%,82% — 415 of 504,6 of 13 — 46%,25% — 2 of 8,1 of 2 — 50%,83% — 5 of 6,0.0,0,2.0,0,10,12,7,4,34,14,625,626,16,18,6,7,14,12,13,32,2,5,6,8,23,12,63,53
31.0,Tue,2024-04-02,20:15,West Ham,Tottenham,1.5,1.0,1–1,62469.0,John Brooks,2023-2024,Kurt Zouma,Son Heung-min,(4-5-1),(4-2-3-1),33%,67%,262 of 353 — 74%,87% — 618 of 712,4 of 11 — 36%,31% — 4 of 13,3 of 4 — 75%,75% — 3 of 4,1.0,0,4.0,0,13,9,9,5,24,20,467,821,16,21,8,8,7,15,21,20,3,1,5,6,22,23,74,35
31.0,Wed,2024-04-03,19:30,Brentford,Brighton,0.6,1.1,0–0,17024.0,Andy Madley,2023-2024,Ivan Toney,Lewis Dunk,(3-5-2),(4-2-3-1),34%,66%,264 of 354 — 75%,90% — 628 of 698,2 of 5 — 40%,25% — 6 of 24,6 of 6 — 100%,100% — 2 of 2,1.0,0,1.0,0,9,12,1,5,11,20,438,803,15,14,9,8,13,16,14,14,3,0,14,8,12,10,65,41
31.0,Wed,2024-04-03,19:30,Arsenal,Luton Town,0.7,0.3,2–0,60262.0,Craig Pawson,2023-2024,Martin Ødegaard,Carlton Morris,(4-3-3),(3-4-3),58%,42%,567 of 642 — 88%,79% — 373 of 473,4 of 13 — 31%,20% — 1 of 5,1 of 1 — 100%,75% — 3 of 4,1.0,0,1.0,0,12,8,3,1,4,22,738,555,10,17,10,9,12,21,18,12,1,1,7,7,15,18,43,69
31.0,Wed,2024-04-03,20:15,Manchester City,Aston Villa,3.4,0.8,4–1,53422.0,Darren England,2023-2024,Rúben Dias,Douglas Luiz,(4-2-3-1),(4-2-3-1),67%,33%,661 of 724 — 91%,84% — 303 of 360,11 of 25 — 44%,38% — 3 of 8,2 of 3 — 66%,63% — 7 of 11,1.0,0,2.0,0,6,13,2,3,9,11,834,475,26,21,5,7,2,2,9,15,1,1,2,9,11,8,33,43
31.0,Thu,2024-04-04,19:30,Liverpool,Sheffield Utd,1.8,0.6,3–1,60055.0,Stuart Attwell,2023-2024,Virgil van Dijk,Jack Robinson,(4-3-3),(3-5-2),82%,18%,741 of 843 — 88%,49% — 88 of 181,9 of 29 — 31%,60% — 3 of 5,3 of 3 — 100%,66% — 6 of 9,0.0,0,1.0,0,6,9,13,1,38,3,954,307,15,17,7,8,20,14,5,41,0,1,2,17,14,9,62,60
31.0,Thu,2024-04-04,20:15,Chelsea,Manchester Utd,3.0,1.5,4–3,39694.0,Jarred Gillett,2023-2024,Conor Gallagher,Bruno Fernandes,(4-2-3-1),(4-2-3-1),57%,43%,496 of 591 — 84%,80% — 362 of 454,8 of 26 — 31%,26% — 5 of 19,2 of 5 — 40%,75% — 6 of 8,3.0,0,1.0,0,7,15,12,3,16,11,711,581,12,18,8,18,9,7,7,16,3,0,11,7,14,13,54,66
32.0,Sat,2024-04-06,12:30,Crystal Palace,Manchester City,1.1,1.9,2–4,25132.0,Paul Tierney,2023-2024,Joel Ward,Kevin De Bruyne,(3-4-3),(3-2-4-1),25%,75%,222 of 290 — 77%,90% — 799 of 889,4 of 7 — 57%,44% — 8 of 18,4 of 8 — 50%,50% — 2 of 4,1.0,0,1.0,0,13,3,2,9,8,17,407,961,17,9,12,3,7,7,26,9,2,1,13,7,6,21,50,43
32.0,Sat,2024-04-06,15:00,Luton Town,Bournemouth,1.5,0.4,2–1,11797.0,Andy Madley,2023-2024,Carlton Morris,Neto,(3-4-3),(4-2-3-1),55%,45%,327 of 460 — 71%,67% — 249 of 370,9 of 19 — 47%,13% — 1 of 8,0 of 1 — 0%,77% — 7 of 9,0.0,0,0.0,0,7,14,7,2,31,11,594,514,24,23,10,12,17,10,20,32,0,0,8,8,26,26,87,93
32.0,Sat,2024-04-06,15:00,Everton,Burnley,0.9,0.5,1–0,39125.0,Michael Oliver,2023-2024,Séamus Coleman,Josh Cullen,(4-4-1-1),(4-4-2),38%,62%,226 of 350 — 65%,77% — 436 of 566,3 of 12 — 25%,17% — 1 of 6,1 of 1 — 100%,66% — 2 of 3,2.0,0,1.0,1,11,13,3,5,21,16,477,666,26,14,11,7,18,15,27,21,10,1,6,14,21,21,93,84
32.0,Sat,2024-04-06,15:00,Wolves,West Ham,1.5,1.2,1–2,31504.0,Tony Harrington,2023-2024,Max Kilman,Kurt Zouma,(3-4-3),(4-2-3-1),58%,42%,544 of 636 — 86%,82% — 381 of 466,6 of 13 — 46%,30% — 3 of 10,2 of 3 — 66%,100% — 6 of 6,5.0,0,2.0,0,15,7,4,3,12,15,767,585,35,22,7,12,7,13,19,18,3,0,7,6,22,29,52,51
32.0,Sat,2024-04-06,15:00,Aston Villa,Brentford,1.5,1.5,3–3,42118.0,Michael Salisbury,2023-2024,John McGinn,Mathias Jensen,(4-4-1-1),(3-5-2),69%,31%,512 of 625 — 82%,66% — 185 of 279,3 of 11 — 27%,38% — 3 of 8,0 of 3 — 0%,0% — 0 of 3,2.0,0,2.0,0,15,11,11,3,37,13,704,387,8,11,8,6,11,11,18,28,0,4,6,5,13,13,64,60
32.0,Sat,2024-04-06,15:00,Fulham,Newcastle Utd,1.2,1.0,0–1,24418.0,Samuel Allison,2023-2024,Tom Cairney,Dan Burn,(4-2-3-1),(4-3-3),66%,34%,528 of 651 — 81%,75% — 248 of 332,4 of 14 — 29%,42% — 5 of 12,4 of 5 — 80%,100% — 4 of 4,1.0,0,2.0,0,10,13,14,3,40,11,740,466,20,14,9,10,9,9,6,36,0,2,8,12,18,13,80,44
32.0,Sat,2024-04-06,17:30,Brighton,Arsenal,0.5,3.4,0–3,31677.0,John Brooks,2023-2024,Lewis Dunk,Martin Ødegaard,(4-2-3-1),(4-3-3),54%,46%,482 of 568 — 85%,81% — 387 of 475,2 of 10 — 20%,32% — 6 of 19,4 of 6 — 66%,100% — 2 of 2,1.0,0,2.0,0,14,13,8,7,20,14,682,592,19,14,10,7,9,10,17,20,2,2,6,6,14,16,42,47
32.0,Sun,2024-04-07,15:30,Manchester Utd,Liverpool,0.7,3.6,2–2,73501.0,Anthony Taylor,2023-2024,Bruno Fernandes,Virgil van Dijk,(4-2-3-1),(4-3-3),38%,62%,293 of 388 — 76%,82% — 522 of 634,5 of 9 — 56%,22% — 6 of 27,5 of 6 — 83%,60% — 3 of 5,5.0,0,2.0,0,9,10,6,11,10,27,534,740,32,15,11,3,11,12,30,13,3,2,11,3,11,22,58,49
32.0,Sun,2024-04-07,17:30,Sheffield Utd,Chelsea,1.4,0.3,2–2,28638.0,Robert Jones,2023-2024,Jack Robinson,Conor Gallagher,(3-5-2),(4-2-3-1),32%,68%,252 of 352 — 72%,85% — 622 of 732,5 of 11 — 45%,50% — 3 of 6,1 of 3 — 33%,60% — 3 of 5,4.0,0,2.0,0,12,10,7,6,21,11,462,819,13,10,10,8,23,21,23,21,0,0,5,4,13,17,71,55
32.0,Sun,2024-04-07,18:00,Tottenham,Nott'ham Forest,1.5,1.5,3–1,61098.0,Simon Hooper,2023-2024,Son Heung-min,Ryan Yates,(4-2-3-1),(4-2-3-1),63%,37%,603 of 710 — 85%,81% — 336 of 417,7 of 17 — 41%,46% — 6 of 13,5 of 6 — 83%,71% — 5 of 7,2.0,0,4.0,0,11,12,12,2,24,14,795,530,17,10,10,9,11,5,14,24,2,2,6,12,12,17,32,59
33.0,Sat,2024-04-13,12:30,Newcastle Utd,Tottenham,2.8,0.8,4–0,52147.0,Tim Robinson,2023-2024,Dan Burn,Son Heung-min,(4-3-3),(4-2-3-1),28%,72%,146 of 234 — 62%,85% — 523 of 614,5 of 18 — 28%,18% — 2 of 11,2 of 2 — 100%,20% — 1 of 5,0.0,0,4.0,0,14,12,16,3,28,14,338,708,12,14,14,9,14,7,24,18,1,3,6,10,13,20,61,41
33.0,Sat,2024-04-13,15:00,Manchester City,Luton Town,4.2,0.5,5–1,52149.0,John Brooks,2023-2024,Kevin De Bruyne,Carlton Morris,(4-2-3-1),(3-4-3),73%,27%,725 of 805 — 90%,76% — 225 of 296,12 of 36 — 33%,50% — 2 of 4,1 of 2 — 50%,75% — 9 of 12,1.0,0,0.0,0,7,6,12,1,27,4,910,412,20,13,5,8,9,14,5,30,0,1,1,16,14,12,35,57
33.0,Sat,2024-04-13,15:00,Burnley,Brighton,1.7,0.9,1–1,20687.0,Simon Hooper,2023-2024,Josh Cullen,Lewis Dunk,(4-4-2),(4-2-3-1),44%,56%,385 of 483 — 80%,84% — 509 of 604,3 of 11 — 27%,40% — 8 of 20,8 of 8 — 100%,66% — 2 of 3,1.0,0,2.0,0,18,8,4,5,13,15,609,718,22,16,5,5,9,13,18,16,1,4,6,8,9,10,63,63
33.0,Sat,2024-04-13,15:00,Nott'ham Forest,Wolves,1.9,1.0,2–2,29604.0,Craig Pawson,2023-2024,Ryan Yates,Max Kilman,(4-2-3-1),(3-4-1-2),46%,54%,380 of 483 — 79%,86% — 480 of 559,9 of 18 — 50%,27% — 3 of 11,1 of 3 — 33%,77% — 7 of 9,2.0,0,3.0,0,15,10,10,1,21,5,572,674,14,14,9,8,20,11,7,29,1,1,6,8,20,21,52,64
33.0,Sat,2024-04-13,15:00,Brentford,Sheffield Utd,1.0,0.8,2–0,17115.0,Samuel Barrott,2023-2024,Mathias Jensen,Oliver McBurnie,(4-3-3),(3-5-2),53%,47%,328 of 441 — 74%,68% — 261 of 384,5 of 9 — 56%,25% — 2 of 8,2 of 2 — 100%,80% — 4 of 5,3.0,0,1.0,0,8,11,3,6,19,18,557,474,12,13,14,7,17,14,29,16,3,2,4,9,25,18,68,76
33.0,Sat,2024-04-13,17:30,Bournemouth,Manchester Utd,1.6,1.2,2–2,11229.0,Tony Harrington,2023-2024,Neto,Bruno Fernandes,(4-2-3-1),(4-2-3-1),43%,57%,310 of 431 — 72%,81% — 452 of 560,5 of 20 — 25%,14% — 1 of 7,0 of 1 — 0%,60% — 3 of 5,4.0,0,0.0,0,13,14,7,2,25,10,542,680,18,13,11,5,12,16,17,19,1,2,7,13,21,16,86,77
33.0,Sun,2024-04-14,14:00,Liverpool,Crystal Palace,2.7,2.0,0–1,60090.0,Chris Kavanagh,2023-2024,Virgil van Dijk,Joachim Andersen,(4-3-3),(3-4-3),69%,31%,655 of 798 — 82%,69% — 249 of 363,5 of 21 — 24%,50% — 4 of 8,3 of 4 — 75%,100% — 5 of 5,1.0,0,1.0,0,10,10,11,1,42,7,933,529,26,27,5,9,20,12,11,49,2,5,2,11,21,23,72,71
33.0,Sun,2024-04-14,14:00,West Ham,Fulham,0.9,3.2,0–2,62459.0,Stuart Attwell,2023-2024,Łukasz Fabiański,Bernd Leno,(4-2-3-1),(4-2-3-1),58%,42%,507 of 615 — 82%,79% — 347 of 437,4 of 15 — 27%,56% — 10 of 18,8 of 10 — 80%,100% — 4 of 4,1.0,0,2.0,0,6,13,8,3,35,10,745,582,16,26,7,5,14,14,12,38,1,0,5,14,20,10,67,50
33.0,Sun,2024-04-14,16:30,Arsenal,Aston Villa,1.6,0.9,0–2,60350.0,David Coote,2023-2024,Martin Ødegaard,John McGinn,(4-3-3),(4-2-3-1),52%,48%,413 of 490 — 84%,79% — 361 of 455,4 of 18 — 22%,18% — 2 of 11,0 of 2 — 0%,100% — 4 of 4,3.0,0,1.0,0,12,7,4,6,13,15,617,567,21,18,5,9,12,6,19,15,5,1,4,14,17,14,30,60
33.0,Mon,2024-04-15,20:00,Chelsea,Everton,3.1,1.5,6–0,39392.0,Paul Tierney,2023-2024,Conor Gallagher,Séamus Coleman,(4-2-3-1),(4-4-1-1),58%,42%,555 of 638 — 87%,75% — 339 of 453,9 of 13 — 69%,20% — 2 of 10,2 of 2 — 100%,44% — 4 of 9,1.0,0,4.0,0,5,21,4,8,7,25,774,543,10,17,9,4,13,13,28,6,0,4,8,4,15,21,53,58
34.0,Sat,2024-04-20,15:00,Sheffield Utd,Burnley,2.4,2.2,1–4,28964.0,Andy Madley,2023-2024,Oliver McBurnie,Josh Cullen,(4-2-3-1),(4-4-2),49%,51%,392 of 514 — 76%,82% — 443 of 539,11 of 18 — 61%,56% — 9 of 16,5 of 9 — 55%,90% — 10 of 11,1.0,0,0.0,0,10,9,11,2,23,12,624,686,18,18,7,4,15,12,14,34,2,1,5,4,20,18,78,61
34.0,Sat,2024-04-20,15:00,Luton Town,Brentford,0.6,3.1,1–5,11877.0,Jarred Gillett,2023-2024,Carlton Morris,Mathias Jensen,(3-4-3),(4-3-3),53%,47%,323 of 438 — 74%,74% — 290 of 390,3 of 6 — 50%,43% — 9 of 21,4 of 9 — 44%,66% — 2 of 3,1.0,0,2.0,0,13,10,4,9,19,24,553,533,19,25,7,9,16,18,34,31,0,0,14,6,24,17,67,68
34.0,Sat,2024-04-20,19:30,Wolves,Arsenal,0.2,1.2,0–2,31621.0,Paul Tierney,2023-2024,Max Kilman,Martin Ødegaard,(4-4-2),(4-3-3),46%,54%,394 of 485 — 81%,86% — 495 of 577,3 of 5 — 60%,38% — 9 of 24,7 of 9 — 77%,100% — 3 of 3,3.0,0,2.0,0,14,9,1,2,6,11,581,667,23,11,1,7,10,22,23,9,1,2,11,5,8,23,69,51
34.0,Sun,2024-04-21,13:30,Everton,Nott'ham Forest,0.3,0.9,2–0,39239.0,Anthony Taylor,2023-2024,James Tarkowski,Morgan Gibbs-White,(4-1-4-1),(4-2-3-1),41%,59%,306 of 425 — 72%,80% — 496 of 620,4 of 7 — 57%,38% — 3 of 8,3 of 3 — 100%,50% — 2 of 4,4.0,0,2.0,0,15,9,6,4,22,20,545,714,20,13,9,10,18,15,25,15,0,1,3,8,22,23,76,90
34.0,Sun,2024-04-21,15:00,Crystal Palace,West Ham,2.4,1.3,5–2,25145.0,Graham Scott,2023-2024,Joachim Andersen,Kurt Zouma,(3-4-3),(4-2-3-1),60%,40%,581 of 688 — 84%,79% — 364 of 460,7 of 18 — 39%,25% — 1 of 4,0 of 1 — 0%,42% — 3 of 7,3.0,0,2.0,0,9,9,4,0,11,6,815,588,39,26,10,12,13,11,8,15,0,5,4,9,24,29,60,61
34.0,Sun,2024-04-21,15:00,Aston Villa,Bournemouth,2.4,1.8,3–1,42189.0,Tim Robinson,2023-2024,John McGinn,Neto,(4-2-3-1),(4-2-3-1),56%,44%,421 of 514 — 82%,81% — 319 of 396,5 of 15 — 33%,31% — 4 of 13,4 of 4 — 100%,40% — 2 of 5,1.0,0,3.0,0,8,14,8,4,12,12,592,499,12,12,2,10,6,6,11,21,2,3,8,8,16,9,70,64
34.0,Sun,2024-04-21,16:30,Fulham,Liverpool,0.8,1.0,1–3,24414.0,Craig Pawson,2023-2024,Bobby Reid,Virgil van Dijk,(4-2-3-1),(4-3-3),40%,60%,363 of 470 — 77%,84% — 592 of 702,5 of 12 — 42%,50% — 7 of 14,4 of 7 — 57%,80% — 4 of 5,3.0,0,0.0,0,5,11,1,4,16,15,588,804,12,12,7,10,11,14,17,14,1,3,7,8,17,19,59,68
29.0,Tue,2024-04-23,20:00,Arsenal,Chelsea,3.3,1.6,5–0,60238.0,Simon Hooper,2023-2024,Martin Ødegaard,Conor Gallagher,(4-3-3),(4-2-3-1),45%,55%,457 of 527 — 87%,87% — 567 of 653,10 of 27 — 37%,14% — 1 of 7,1 of 1 — 100%,50% — 5 of 10,2.0,0,2.0,0,12,11,4,2,11,15,632,743,22,13,16,7,12,11,14,16,3,0,4,9,12,6,40,32
29.0,Wed,2024-04-24,19:45,Wolves,Bournemouth,0.5,1.9,0–1,25541.0,Stuart Attwell,2023-2024,Max Kilman,Adam Smith,(4-1-4-1),(4-2-3-1),63%,37%,464 of 582 — 80%,72% — 247 of 345,4 of 15 — 27%,29% — 6 of 21,5 of 6 — 83%,100% — 4 of 4,4.0,0,1.0,1,10,17,8,12,18,18,701,494,17,22,4,11,23,21,22,27,2,1,9,5,25,15,62,66
29.0,Wed,2024-04-24,20:00,Everton,Liverpool,1.2,2.1,2–0,38222.0,Andy Madley,2023-2024,James Tarkowski,Virgil van Dijk,(4-4-1-1),(4-3-3),25%,75%,159 of 257 — 62%,85% — 665 of 778,6 of 16 — 38%,30% — 7 of 23,7 of 7 — 100%,66% — 4 of 6,0.0,0,3.0,0,6,13,4,13,9,37,405,885,12,14,14,5,18,15,45,8,4,1,7,5,15,18,74,80
29.0,Wed,2024-04-24,20:00,Manchester Utd,Sheffield Utd,2.9,0.8,4–2,73549.0,Michael Salisbury,2023-2024,Bruno Fernandes,Oliver Arblaster,(4-2-3-1),(3-5-2),71%,29%,684 of 780 — 88%,72% — 231 of 322,12 of 24 — 50%,40% — 4 of 10,2 of 4 — 50%,75% — 9 of 12,0.0,0,1.0,0,7,9,8,4,23,7,879,436,17,22,4,13,13,11,5,25,3,2,6,9,20,18,65,60
29.0,Wed,2024-04-24,20:00,Crystal Palace,Newcastle Utd,0.9,0.4,2–0,25002.0,Thomas Bramall,2023-2024,Joachim Andersen,Dan Burn,(3-4-3),(3-4-3),47%,53%,364 of 488 — 75%,76% — 416 of 546,7 of 20 — 35%,29% — 2 of 7,2 of 2 — 100%,71% — 5 of 7,3.0,0,3.0,0,10,15,7,2,18,12,615,669,26,27,7,8,14,13,17,16,5,2,5,11,24,20,70,52
29.0,Thu,2024-04-25,20:00,Brighton,Manchester City,0.6,1.4,0–4,31596.0,Jarred Gillett,2023-2024,Lewis Dunk,Kyle Walker,(4-2-3-1),(4-1-4-1),36%,64%,393 of 451 — 87%,93% — 755 of 815,3 of 7 — 43%,43% — 6 of 14,2 of 6 — 33%,100% — 3 of 3,2.0,0,0.0,0,10,3,4,4,12,9,531,890,15,11,10,5,2,2,15,10,5,1,6,6,9,14,33,48
35.0,Sat,2024-04-27,12:30,West Ham,Liverpool,0.7,1.7,2–2,62474.0,Anthony Taylor,2023-2024,Kurt Zouma,Virgil van Dijk,(4-2-3-1),(4-3-3),29%,71%,199 of 301 — 66%,84% — 619 of 736,8 of 11 — 73%,29% — 8 of 28,7 of 8 — 87%,75% — 6 of 8,0.0,0,2.0,0,8,10,4,8,15,32,438,847,21,18,11,6,20,21,36,19,1,4,14,3,15,21,79,59
35.0,Sat,2024-04-27,15:00,Wolves,Luton Town,1.2,0.6,2–1,31531.0,David Coote,2023-2024,Max Kilman,Carlton Morris,(3-5-1-1),(3-4-3),58%,42%,563 of 654 — 86%,82% — 392 of 479,5 of 13 — 38%,67% — 6 of 9,5 of 6 — 83%,60% — 3 of 5,3.0,0,1.0,0,14,14,4,4,13,20,761,599,22,28,5,7,10,11,19,13,2,0,6,5,25,22,78,50
35.0,Sat,2024-04-27,15:00,Manchester Utd,Burnley,2.7,2.1,1–1,73571.0,John Brooks,2023-2024,Bruno Fernandes,Josh Cullen,(4-2-3-1),(4-4-2),48%,52%,347 of 450 — 77%,77% — 371 of 484,10 of 27 — 37%,40% — 6 of 15,6 of 6 — 100%,90% — 9 of 10,1.0,0,3.0,0,8,11,6,5,13,14,590,605,14,14,10,13,13,12,23,23,0,2,9,14,19,10,56,77
35.0,Sat,2024-04-27,15:00,Fulham,Crystal Palace,1.1,1.0,1–1,24142.0,Stuart Attwell,2023-2024,Harrison Reed,Joachim Andersen,(4-2-3-1),(3-4-3),53%,47%,437 of 564 — 77%,78% — 384 of 491,2 of 9 — 22%,29% — 4 of 14,3 of 4 — 75%,50% — 1 of 2,0.0,0,2.0,0,11,15,5,9,14,21,674,613,24,20,8,12,15,24,25,21,1,1,13,5,12,20,78,80
35.0,Sat,2024-04-27,15:00,Newcastle Utd,Sheffield Utd,3.1,1.5,5–1,52196.0,Tony Harrington,2023-2024,Dan Burn,Oliver Arblaster,(4-3-3),(3-5-2),60%,40%,528 of 621 — 85%,80% — 334 of 418,6 of 19 — 32%,27% — 4 of 15,3 of 4 — 75%,50% — 3 of 6,0.0,0,0.0,0,9,10,4,5,19,9,726,533,19,18,10,16,11,8,12,14,3,0,4,12,18,15,43,69
35.0,Sat,2024-04-27,17:30,Everton,Brentford,0.8,0.9,1–0,39098.0,Darren England,2023-2024,James Tarkowski,Christian Nørgaard,(4-4-1-1),(4-3-3),48%,52%,347 of 463 — 75%,76% — 389 of 510,1 of 18 — 6%,40% — 4 of 10,4 of 4 — 100%,0% — 0 of 1,1.0,0,2.0,0,10,12,6,6,20,22,580,624,17,17,4,10,17,16,25,23,4,2,8,6,20,22,78,65
35.0,Sat,2024-04-27,20:00,Aston Villa,Chelsea,1.1,1.6,2–2,42354.0,Craig Pawson,2023-2024,John McGinn,Conor Gallagher,(4-4-1-1),(4-2-3-1),29%,71%,215 of 285 — 75%,89% — 625 of 700,4 of 9 — 44%,24% — 5 of 21,3 of 5 — 60%,75% — 3 of 4,3.0,0,5.0,0,13,14,2,4,5,16,384,812,10,21,1,6,10,10,17,11,2,4,12,4,6,12,49,35
35.0,Sun,2024-04-28,14:00,Tottenham,Arsenal,2.3,1.0,2–3,61554.0,Michael Oliver,2023-2024,Son Heung-min,Martin Ødegaard,(4-2-3-1),(4-3-3),62%,38%,525 of 618 — 85%,78% — 292 of 374,1 of 14 — 7%,33% — 3 of 9,1 of 3 — 33%,0% — 0 of 1,2.0,0,1.0,0,12,16,8,6,34,15,726,499,24,24,8,13,9,13,12,26,3,4,3,9,15,6,36,55
35.0,Sun,2024-04-28,14:00,Bournemouth,Brighton,1.9,0.9,3–0,11188.0,Paul Tierney,2023-2024,Adam Smith,Lewis Dunk,(4-4-2),(4-2-3-1),31%,69%,202 of 292 — 69%,87% — 571 of 660,6 of 15 — 40%,8% — 1 of 13,1 of 1 — 100%,50% — 3 of 6,2.0,0,2.0,0,14,10,8,2,21,25,417,779,9,26,14,5,14,11,23,20,1,1,13,4,17,21,67,43
35.0,Sun,2024-04-28,16:30,Nott'ham Forest,Manchester City,1.9,0.9,0–2,29677.0,Simon Hooper,2023-2024,Morgan Gibbs-White,Kyle Walker,(5-4-1),(4-1-4-1),34%,66%,308 of 390 — 79%,89% — 682 of 763,2 of 14 — 14%,45% — 5 of 11,3 of 5 — 60%,100% — 2 of 2,0.0,0,0.0,0,8,6,4,5,18,10,492,856,21,20,10,6,6,8,8,11,2,1,5,9,16,16,59,38
26.0,Thu,2024-05-02,19:30,Chelsea,Tottenham,2.2,1.6,2–0,39086.0,Robert Jones,2023-2024,Conor Gallagher,Son Heung-min,(4-2-3-1),(4-2-3-1),37%,63%,286 of 379 — 75%,83% — 529 of 635,4 of 16 — 25%,16% — 3 of 19,3 of 3 — 100%,50% — 2 of 4,0.0,0,1.0,0,12,16,4,9,7,29,524,741,22,16,10,10,11,6,31,10,1,2,12,9,14,24,64,37
36.0,Fri,2024-05-03,20:00,Luton Town,Everton,0.8,1.4,1–1,11873.0,Tim Robinson,2023-2024,Carlton Morris,James Tarkowski,(3-4-3),(4-4-1-1),51%,49%,371 of 468 — 79%,77% — 353 of 457,5 of 18 — 28%,22% — 2 of 9,2 of 2 — 100%,80% — 4 of 5,1.0,0,3.0,0,14,12,7,7,29,18,598,586,18,24,6,5,18,20,26,34,0,0,3,14,24,15,84,85
36.0,Sat,2024-05-04,12:30,Arsenal,Bournemouth,3.3,0.5,3–0,60348.0,David Coote,2023-2024,Martin Ødegaard,Adam Smith,(4-3-3),(4-3-3),55%,45%,400 of 495 — 81%,79% — 314 of 397,8 of 24 — 33%,29% — 2 of 7,2 of 2 — 100%,75% — 6 of 8,2.0,0,3.0,0,16,12,6,1,13,13,604,515,18,14,10,10,15,19,13,22,5,0,4,9,16,14,53,62
36.0,Sat,2024-05-04,15:00,Brentford,Fulham,0.6,1.3,0–0,17090.0,Graham Scott,2023-2024,Christian Nørgaard,Bernd Leno,(4-3-3),(4-2-3-1),54%,46%,435 of 555 — 78%,73% — 345 of 472,2 of 7 — 29%,20% — 3 of 15,3 of 3 — 100%,100% — 2 of 2,1.0,0,1.0,0,3,6,7,6,25,24,670,584,11,19,16,7,17,15,25,34,1,0,11,10,19,19,57,58
36.0,Sat,2024-05-04,15:00,Burnley,Newcastle Utd,1.0,3.4,1–4,21781.0,Anthony Taylor,2023-2024,Josh Brownhill,Dan Burn,(4-2-3-1),(4-4-2),47%,53%,348 of 457 — 76%,79% — 411 of 523,5 of 17 — 29%,45% — 10 of 22,6 of 10 — 60%,80% — 4 of 5,2.0,0,2.0,0,8,8,4,11,16,20,601,657,19,29,12,10,15,9,27,11,0,0,6,11,16,17,75,51
36.0,Sat,2024-05-04,15:00,Sheffield Utd,Nott'ham Forest,2.2,1.4,1–3,28516.0,Chris Kavanagh,2023-2024,Jack Robinson,Ryan Yates,(3-5-2),(4-2-3-1),54%,46%,428 of 550 — 78%,77% — 363 of 472,4 of 16 — 25%,27% — 4 of 15,1 of 4 — 25%,100% — 4 of 4,3.5,0,1.0,0,9,7,5,3,12,11,649,590,12,21,6,9,15,19,7,18,0,1,10,11,17,21,70,70
36.0,Sat,2024-05-04,17:30,Manchester City,Wolves,3.7,0.3,5–1,52439.0,Craig Pawson,2023-2024,Kyle Walker,Max Kilman,(4-2-3-1),(3-5-2),58%,42%,581 of 657 — 88%,84% — 400 of 478,10 of 18 — 56%,50% — 1 of 2,0 of 1 — 0%,70% — 7 of 10,0.0,0,4.0,0,4,17,6,0,21,7,745,571,13,20,5,7,9,1,4,13,2,2,2,7,14,9,38,52
36.0,Sun,2024-05-05,14:00,Brighton,Aston Villa,2.5,0.1,1–0,31596.0,Robert Jones,2023-2024,Lewis Dunk,John McGinn,(4-2-3-1),(4-2-3-1),52%,48%,446 of 528 — 84%,83% — 399 of 480,7 of 14 — 50%,50% — 1 of 2,1 of 1 — 100%,85% — 6 of 7,2.0,0,1.0,0,13,10,7,3,16,16,612,565,17,18,9,9,7,7,16,14,4,1,4,8,14,17,32,42
36.0,Sun,2024-05-05,14:00,Chelsea,West Ham,4.1,0.9,5–0,39295.0,Andy Madley,2023-2024,Conor Gallagher,Kurt Zouma,(4-2-3-1),(4-2-3-1),69%,31%,711 of 768 — 93%,79% — 280 of 353,14 of 25 — 56%,15% — 2 of 13,2 of 2 — 100%,64% — 9 of 14,1.0,0,3.0,0,12,10,8,6,13,16,881,447,18,15,8,7,7,5,26,21,1,0,6,2,8,18,32,51
36.0,Sun,2024-05-05,16:30,Liverpool,Tottenham,3.3,1.2,4–2,60075.0,Paul Tierney,2023-2024,Virgil van Dijk,Son Heung-min,(4-3-3),(4-3-3),44%,56%,392 of 482 — 81%,85% — 517 of 608,12 of 25 — 48%,55% — 6 of 11,4 of 6 — 66%,66% — 8 of 12,1.0,0,4.0,0,14,12,8,3,19,12,605,733,26,14,11,7,8,4,12,23,7,2,6,9,15,20,67,44
36.0,Mon,2024-05-06,20:00,Crystal Palace,Manchester Utd,1.7,0.4,4–0,25190.0,Jarred Gillett,2023-2024,Joachim Andersen,Casemiro,(3-4-3),(4-2-3-1),43%,57%,390 of 486 — 80%,84% — 542 of 643,10 of 18 — 56%,29% — 2 of 7,2 of 2 — 100%,60% — 6 of 10,1.0,0,1.0,0,12,8,6,2,17,10,606,759,20,25,11,8,6,8,11,19,2,1,6,4,21,17,65,50
37.0,Sat,2024-05-11,12:30,Fulham,Manchester City,0.1,3.2,0–4,24418.0,Anthony Taylor,2023-2024,Bobby Reid,Kevin De Bruyne,(4-2-3-1),(4-2-3-1),36%,64%,375 of 455 — 82%,91% — 726 of 795,1 of 1 — 100%,53% — 8 of 15,5 of 8 — 62%,100% — 1 of 1,4.5,0,0.0,0,9,6,1,7,13,9,544,892,23,7,6,7,5,8,16,10,0,0,9,3,17,10,58,51
37.0,Sat,2024-05-11,15:00,Newcastle Utd,Brighton,2.2,1.4,1–1,51997.0,Darren England,2023-2024,Dan Burn,Lewis Dunk,(4-3-3),(4-2-3-1),57%,43%,519 of 623 — 83%,82% — 394 of 478,7 of 18 — 39%,27% — 4 of 15,3 of 4 — 75%,85% — 6 of 7,3.0,0,4.0,0,9,16,8,4,27,11,714,609,8,22,9,6,13,5,13,26,3,1,6,10,22,11,50,55
37.0,Sat,2024-05-11,15:00,Tottenham,Burnley,2.7,0.7,2–1,61148.0,Jarred Gillett,2023-2024,Son Heung-min,Josh Cullen,(4-3-3),(4-4-2),63%,37%,511 of 599 — 85%,74% — 263 of 356,9 of 21 — 43%,43% — 3 of 7,2 of 3 — 66%,77% — 7 of 9,3.0,0,5.0,0,10,14,9,3,28,10,686,455,12,20,8,8,9,10,9,20,1,3,5,13,19,14,39,77
37.0,Sat,2024-05-11,15:00,Wolves,Crystal Palace,1.6,2.6,1–3,31424.0,Thomas Bramall,2023-2024,Max Kilman,Joachim Andersen,(3-5-1-1),(3-4-3),62%,38%,486 of 605 — 80%,72% — 273 of 378,8 of 14 — 57%,23% — 3 of 13,0 of 3 — 0%,87% — 7 of 8,3.0,0,5.5,0,13,12,8,3,30,8,718,518,22,24,9,6,14,20,9,28,3,5,9,7,26,16,79,62
37.0,Sat,2024-05-11,15:00,Bournemouth,Brentford,0.7,1.1,1–2,11154.0,Matt Donohue,2023-2024,Adam Smith,Christian Nørgaard,(4-2-3-1),(4-3-3),48%,52%,289 of 403 — 72%,74% — 316 of 429,4 of 13 — 31%,36% — 4 of 11,2 of 4 — 50%,75% — 3 of 4,2.0,0,2.0,0,16,12,3,8,11,20,504,546,14,17,7,9,17,20,17,16,1,0,5,10,23,16,79,73
37.0,Sat,2024-05-11,15:00,Everton,Sheffield Utd,2.3,0.6,1–0,39221.0,Stuart Attwell,2023-2024,Séamus Coleman,Jack Robinson,(4-4-1-1),(3-5-2),58%,42%,444 of 546 — 81%,77% — 309 of 402,6 of 15 — 40%,8% — 1 of 13,1 of 1 — 100%,83% — 5 of 6,1.0,0,2.0,0,6,11,3,6,16,12,667,524,26,17,9,6,13,10,19,25,3,0,9,12,24,19,78,76
37.0,Sat,2024-05-11,15:00,West Ham,Luton Town,3.2,0.3,3–1,62475.0,Michael Oliver,2023-2024,Kurt Zouma,Carlton Morris,(4-2-3-1),(3-4-3),58%,42%,411 of 507 — 81%,74% — 270 of 366,8 of 24 — 33%,25% — 1 of 4,0 of 1 — 0%,62% — 5 of 8,1.0,0,3.0,0,9,15,7,6,19,23,629,488,18,19,8,9,26,19,23,35,2,0,4,9,26,17,72,72
37.0,Sat,2024-05-11,17:30,Nott'ham Forest,Chelsea,1.5,1.6,2–3,29708.0,Tony Harrington,2023-2024,Ryan Yates,Conor Gallagher,(5-4-1),(4-2-3-1),33%,67%,243 of 326 — 75%,90% — 594 of 660,4 of 20 — 20%,42% — 5 of 12,2 of 5 — 40%,50% — 2 of 4,2.0,0,3.0,0,14,8,5,6,22,14,448,774,31,9,3,7,16,17,33,31,3,1,2,9,17,17,52,41
37.0,Sun,2024-05-12,16:30,Manchester Utd,Arsenal,0.5,1.5,0–1,73600.0,Paul Tierney,2023-2024,Scott McTominay,Martin Ødegaard,(4-2-3-1),(4-3-3),54%,46%,458 of 550 — 83%,81% — 377 of 467,2 of 14 — 14%,45% — 5 of 11,4 of 5 — 80%,100% — 2 of 2,0.0,0,2.0,0,5,6,4,7,16,10,661,584,17,26,5,8,13,10,19,16,2,0,7,9,16,18,50,54
37.0,Mon,2024-05-13,20:00,Aston Villa,Liverpool,3.1,1.7,3–3,42241.0,Simon Hooper,2023-2024,John McGinn,Virgil van Dijk,(4-2-3-1),(4-3-3),41%,59%,359 of 435 — 83%,86% — 532 of 619,5 of 19 — 26%,50% — 7 of 14,5 of 7 — 71%,40% — 2 of 5,1.0,0,1.0,0,11,15,5,4,13,15,546,717,13,21,5,7,9,5,18,17,2,6,4,6,16,19,47,53
34.0,Tue,2024-05-14,20:00,Tottenham,Manchester City,1.7,2.4,0–2,61065.0,Chris Kavanagh,2023-2024,Son Heung-min,Kyle Walker,(4-3-1-2),(4-2-3-1),53%,47%,562 of 647 — 87%,88% — 497 of 565,5 of 10 — 50%,57% — 4 of 7,3 of 4 — 75%,100% — 5 of 5,3.0,0,3.0,0,14,11,7,4,13,10,740,675,23,20,11,11,5,4,11,14,2,2,6,3,19,16,34,69
34.0,Wed,2024-05-15,19:45,Brighton,Chelsea,1.3,1.5,1–2,31555.0,Michael Salisbury,2023-2024,Lewis Dunk,Conor Gallagher,(4-2-3-1),(4-2-3-1),55%,45%,534 of 607 — 88%,88% — 439 of 497,2 of 12 — 17%,43% — 6 of 14,4 of 6 — 66%,50% — 1 of 2,2.0,0,2.0,1,13,14,4,6,31,14,701,622,17,14,5,5,12,6,11,34,1,1,3,7,15,6,37,42
34.0,Wed,2024-05-15,20:00,Manchester Utd,Newcastle Utd,1.5,2.2,3–2,73582.0,Robert Jones,2023-2024,Bruno Fernandes,Kieran Trippier,(4-2-2-2),(4-3-3),45%,55%,302 of 390 — 77%,81% — 395 of 486,8 of 17 — 47%,33% — 7 of 21,5 of 7 — 71%,62% — 5 of 8,3.0,0,3.0,0,16,7,9,9,10,31,515,598,17,13,14,4,15,14,32,25,1,2,9,7,14,14,59,59
38.0,Sun,2024-05-19,16:00,Liverpool,Wolves,4.5,0.5,2–0,60059.0,Chris Kavanagh,2023-2024,Virgil van Dijk,Max Kilman,(4-3-3),(3-5-1-1),67%,33%,592 of 664 — 89%,75% — 250 of 332,13 of 36 — 36%,50% — 2 of 4,2 of 2 — 100%,84% — 11 of 13,1.0,0,1.0,1,14,10,10,2,25,5,779,441,22,23,8,3,14,4,6,24,3,2,4,13,14,17,47,62
38.0,Sun,2024-05-19,16:00,Luton Town,Fulham,2.0,1.1,2–4,12027.0,Matt Donohue,2023-2024,Carlton Morris,Tim Ream,(3-4-3),(4-2-3-1),41%,59%,265 of 346 — 77%,84% — 415 of 496,5 of 14 — 36%,50% — 8 of 16,4 of 8 — 50%,80% — 4 of 5,5.0,0,4.0,0,15,20,4,4,17,15,429,590,9,20,5,4,11,6,8,16,8,1,8,7,12,15,58,50
38.0,Sun,2024-05-19,16:00,Chelsea,Bournemouth,1.1,2.2,2–1,39724.0,Anthony Taylor,2023-2024,Conor Gallagher,Neto,(4-2-3-1),(4-2-3-1),61%,39%,479 of 568 — 84%,79% — 289 of 366,6 of 16 — 38%,23% — 5 of 22,5 of 5 — 100%,66% — 4 of 6,2.0,0,3.0,0,5,9,6,5,15,20,695,507,25,22,9,12,12,14,23,19,0,1,14,5,17,19,75,57
38.0,Sun,2024-05-19,16:00,Burnley,Nott'ham Forest,1.2,1.7,1–2,21109.0,Graham Scott,2023-2024,Josh Cullen,Ryan Yates,(4-4-2),(4-2-3-1),72%,28%,613 of 696 — 88%,69% — 187 of 270,3 of 20 — 15%,50% — 6 of 12,4 of 6 — 66%,66% — 2 of 3,1.0,0,0.0,0,11,5,4,3,18,8,787,366,8,14,9,16,11,15,10,32,0,2,5,11,17,12,43,60
38.0,Sun,2024-05-19,16:00,Crystal Palace,Aston Villa,2.5,0.9,5–0,25191.0,Darren Bond,2023-2024,Marc Guéhi,John McGinn,(3-4-3),(4-4-2),54%,46%,509 of 579 — 88%,86% — 428 of 499,9 of 15 — 60%,25% — 2 of 8,2 of 2 — 100%,44% — 4 of 9,1.0,0,4.0,0,10,8,2,4,10,10,663,566,17,10,3,2,9,9,12,14,3,1,4,7,11,17,50,53
38.0,Sun,2024-05-19,16:00,Brighton,Manchester Utd,1.7,1.3,0–2,31662.0,Craig Pawson,2023-2024,Adam Lallana,Bruno Fernandes,(4-2-3-1),(4-2-2-2),55%,45%,518 of 586 — 88%,85% — 413 of 484,2 of 17 — 12%,36% — 4 of 11,2 of 4 — 50%,100% — 2 of 2,1.0,0,3.0,0,10,9,7,5,20,7,687,587,22,21,6,7,5,5,11,16,0,1,4,10,12,9,44,55
38.0,Sun,2024-05-19,16:00,Brentford,Newcastle Utd,1.1,3.4,2–4,17124.0,Simon Hooper,2023-2024,Christian Nørgaard,Dan Burn,(4-3-3),(4-3-3),54%,46%,423 of 514 — 82%,79% — 354 of 446,5 of 10 — 50%,58% — 7 of 12,3 of 7 — 42%,60% — 3 of 5,4.0,0,4.0,0,15,11,3,0,17,8,606,540,14,14,5,8,9,4,14,15,2,1,8,10,20,22,56,48
38.0,Sun,2024-05-19,16:00,Manchester City,West Ham,1.9,0.4,3–1,55097.0,John Brooks,2023-2024,Kyle Walker,Kurt Zouma,(4-1-4-1),(3-4-3),71%,29%,749 of 815 — 92%,80% — 266 of 333,12 of 28 — 43%,67% — 2 of 3,1 of 2 — 50%,75% — 9 of 12,0.0,0,1.0,0,3,12,11,2,14,6,900,418,19,14,6,4,8,6,5,18,3,0,0,11,15,13,47,57
38.0,Sun,2024-05-19,16:00,Arsenal,Everton,2.9,0.6,2–1,60312.0,Michael Oliver,2023-2024,Martin Ødegaard,Séamus Coleman,(4-3-3),(4-4-1-1),68%,32%,610 of 703 — 87%,70% — 230 of 330,5 of 26 — 19%,40% — 2 of 5,1 of 2 — 50%,60% — 3 of 5,4.0,0,3.0,0,8,11,8,1,28,3,798,437,7,17,8,5,12,13,5,29,1,4,2,10,16,19,41,62
38.0,Sun,2024-05-19,16:00,Sheffield Utd,Tottenham,1.0,3.1,0–3,29116.0,Andy Madley,2023-2024,Jack Robinson,Son Heung-min,(5-3-2),(4-2-3-1),25%,75%,176 of 251 — 70%,89% — 661 of 742,1 of 6 — 17%,50% — 9 of 18,6 of 9 — 66%,100% — 1 of 1,2.0,0,0.0,0,11,9,2,6,6,15,350,834,14,12,9,8,9,11,27,12,6,0,6,3,19,24,61,45
