Wk,Day,Date,Time,Home,Away,xG,xG.1,Score,Attendance,Referee,season,t1_captain,t2_captain,t1_formation,t2_formation,t1_possession,t2_possession,t1_passing,t2_passing,t1_shots,t2_shots,t1_saves,t2_saves,t1_yellow_cards,t1_red_cards,t2_yellow_cards,t2_red_cards,t1_fouls,t2_fouls,t1_corners,t2_corners,t1_crosses,t2_crosses,t1_touches,t2_touches,t1_tackles,t2_tackles,t1_interceptions,t2_interceptions,t1_aerials_won,t2_aerials_won,t1_clearances,t2_clearances,t1_offsides,t2_offsides,t1_goal_kicks,t2_goal_kicks,t1_throw_ins,t2_throw_ins,t1_long_balls,t2_long_balls
1.0,Fri,2021-08-13,20:00,Brentford,Arsenal,1.2,1.3,2–0,16479.0,Michael Oliver,2021-2022,Pontus Jansson,Granit Xhaka,(3-5-2),(4-2-3-1),36%,64%,217 of 343 — 63%,84% — 522 of 620,3 of 8 — 38%,18% — 4 of 22,4 of 4 — 100%,33% — 1 of 3,0.0,0,0.0,0,12,8,2,5,9,22,455,742,20,9,9,7,17,20,22,15,1,1,16,8,19,26,83,61
1.0,Sat,2021-08-14,12:30,Manchester Utd,Leeds United,1.5,0.5,5–1,72732.0,Paul Tierney,2021-2022,Harry Maguire,Liam Cooper,(4-2-3-1),(4-1-4-1),49%,51%,363 of 465 — 78%,77% — 372 of 482,8 of 16 — 50%,30% — 3 of 10,2 of 3 — 66%,37% — 3 of 8,1.0,0,2.0,0,11,9,5,4,11,14,568,584,6,23,8,14,11,9,16,12,2,3,12,10,27,17,57,70
1.0,Sat,2021-08-14,15:00,Everton,Southampton,2.4,0.8,3–1,38487.0,Andy Madley,2021-2022,Séamus Coleman,James Ward-Prowse,(4-2-3-1),(4-4-2),48%,52%,271 of 397 — 68%,67% — 283 of 424,6 of 14 — 43%,50% — 3 of 6,2 of 3 — 66%,50% — 3 of 6,2.0,0,0.0,0,13,15,6,8,25,22,530,539,23,21,6,5,24,19,25,22,0,0,4,10,28,26,85,62
1.0,Sat,2021-08-14,15:00,Leicester City,Wolves,0.5,1.3,1–0,31983.0,Craig Pawson,2021-2022,Kasper Schmeichel,Conor Coady,(4-2-3-1),(3-4-3),56%,44%,535 of 629 — 85%,81% — 396 of 490,5 of 9 — 56%,18% — 3 of 17,3 of 3 — 100%,80% — 4 of 5,1.0,0,2.0,0,6,10,5,4,7,16,752,608,15,20,11,13,10,12,17,16,5,4,8,3,26,21,40,68
1.0,Sat,2021-08-14,15:00,Chelsea,Crystal Palace,0.7,0.2,3–0,38965.0,Jonathan Moss,2021-2022,César Azpilicueta,James McArthur,(3-4-3),(4-4-2),62%,38%,646 of 719 — 90%,86% — 386 of 450,6 of 13 — 46%,25% — 1 of 4,1 of 1 — 100%,50% — 3 of 6,0.0,0,0.0,0,15,11,5,2,22,5,802,547,21,11,11,9,6,14,9,26,0,1,5,9,17,14,64,43
1.0,Sat,2021-08-14,15:00,Burnley,Brighton,1.5,1.0,1–2,16910.0,David Coote,2021-2022,Ben Mee,Lewis Dunk,(4-4-2),(4-1-4-1),37%,63%,213 of 327 — 65%,82% — 460 of 564,3 of 14 — 21%,43% — 6 of 14,4 of 6 — 66%,66% — 2 of 3,2.0,0,1.0,0,10,7,7,6,36,14,428,670,16,16,10,6,26,20,14,30,1,0,4,8,24,24,68,87
1.0,Sat,2021-08-14,15:00,Watford,Aston Villa,1.2,1.2,3–2,20051.0,Mike Dean,2021-2022,Tom Cleverley,Tyrone Mings,(4-1-4-1),(4-2-3-1),38%,62%,252 of 349 — 72%,82% — 464 of 567,7 of 13 — 54%,10% — 1 of 10,0 of 1 — 0%,57% — 4 of 7,3.0,0,1.0,0,18,13,2,4,8,26,453,653,15,13,9,11,24,17,25,6,0,2,8,7,17,21,70,67
1.0,Sat,2021-08-14,17:30,Norwich City,Liverpool,1.4,1.6,0–3,27023.0,Andre Marriner,2021-2022,Grant Hanley,James Milner,(4-3-3),(4-3-3),50%,50%,466 of 563 — 83%,82% — 459 of 560,3 of 14 — 21%,32% — 6 of 19,3 of 6 — 50%,100% — 3 of 3,1.0,0,1.0,0,4,14,3,11,19,25,689,666,19,16,9,5,8,14,36,17,2,0,8,8,17,19,76,56
1.0,Sun,2021-08-15,14:00,Newcastle Utd,West Ham,1.8,2.7,2–4,50673.0,Martin Atkinson,2021-2022,Federico Fernández,Declan Rice,(5-3-2),(4-2-3-1),46%,54%,364 of 449 — 81%,83% — 431 of 522,3 of 17 — 18%,41% — 7 of 17,3 of 7 — 42%,33% — 1 of 3,1.0,0,0.0,0,4,3,7,6,27,23,558,627,8,23,9,7,12,20,25,21,1,2,10,12,16,21,62,50
1.0,Sun,2021-08-15,16:30,Tottenham,Manchester City,1.0,1.8,1–0,58262.0,Anthony Taylor,2021-2022,Hugo Lloris,Fernandinho,(4-3-3),(4-3-3),35%,65%,244 of 326 — 75%,82% — 493 of 602,2 of 13 — 15%,22% — 4 of 18,4 of 4 — 100%,50% — 1 of 2,2.0,0,1.0,0,11,8,3,11,12,30,450,690,15,16,10,3,14,19,27,11,3,1,10,6,17,17,58,40
2.0,Sat,2021-08-21,12:30,Liverpool,Burnley,2.7,0.9,2–0,52591.0,Mike Dean,2021-2022,Jordan Henderson,Ben Mee,(4-3-3),(4-4-2),65%,35%,471 of 585 — 81%,64% — 202 of 317,8 of 27 — 30%,33% — 3 of 9,3 of 3 — 100%,75% — 6 of 8,0.0,0,0.0,0,6,12,8,4,28,19,702,429,14,18,5,11,24,24,24,23,3,7,6,13,21,27,72,84
2.0,Sat,2021-08-21,15:00,Leeds United,Everton,1.2,1.8,2–2,36293.0,Darren England,2021-2022,Liam Cooper,Séamus Coleman,(3-3-3-1),(4-4-1-1),69%,31%,547 of 658 — 83%,66% — 193 of 292,4 of 17 — 24%,44% — 7 of 16,6 of 7 — 85%,50% — 2 of 4,2.0,0,4.0,0,6,13,8,5,25,15,773,425,19,16,9,20,15,17,6,25,0,0,8,13,22,20,55,76
2.0,Sat,2021-08-21,15:00,Crystal Palace,Brentford,0.5,0.9,0–0,23091.0,Martin Atkinson,2021-2022,James McArthur,Pontus Jansson,(4-3-3),(3-5-2),53%,47%,362 of 481 — 75%,69% — 294 of 424,2 of 7 — 29%,21% — 3 of 14,3 of 3 — 100%,100% — 2 of 2,3.0,0,1.0,0,12,9,3,5,12,15,601,545,15,24,13,11,26,20,18,12,1,2,11,6,31,19,88,82
2.0,Sat,2021-08-21,15:00,Manchester City,Norwich City,2.6,0.1,5–0,51437.0,Graham Scott,2021-2022,İlkay Gündoğan,Grant Hanley,(4-3-3),(4-3-3),67%,33%,709 of 781 — 91%,84% — 326 of 389,4 of 16 — 25%,0% — 0 of 1,0 of 0 — %,0% — 0 of 4,1.0,0,0.0,0,13,7,6,1,26,6,849,479,14,18,6,8,9,3,3,26,2,3,2,9,20,10,60,40
2.0,Sat,2021-08-21,15:00,Aston Villa,Newcastle Utd,1.2,0.7,2–0,41964.0,David Coote,2021-2022,Tyrone Mings,Jamaal Lascelles,(4-3-3),(5-3-2),47%,53%,255 of 337 — 76%,75% — 287 of 382,1 of 9 — 11%,11% — 1 of 9,1 of 1 — 100%,0% — 0 of 1,3.0,0,4.0,0,8,18,3,4,16,20,430,461,13,14,4,2,17,18,23,21,3,2,10,11,15,24,59,72
2.0,Sat,2021-08-21,17:30,Brighton,Watford,1.3,0.5,2–0,29485.0,Anthony Taylor,2021-2022,Lewis Dunk,Tom Cleverley,(4-4-1-1),(4-1-4-1),56%,44%,522 of 624 — 84%,81% — 391 of 485,3 of 13 — 23%,10% — 1 of 10,1 of 1 — 100%,33% — 1 of 3,4.0,0,0.0,0,11,6,7,2,20,17,730,592,19,13,8,10,17,18,18,26,1,1,8,8,13,22,55,55
2.0,Sun,2021-08-22,14:00,Wolves,Tottenham,1.7,1.7,0–1,30368.0,Stuart Attwell,2021-2022,Conor Coady,Hugo Lloris,(3-4-3),(4-3-3),58%,42%,434 of 539 — 81%,77% — 303 of 391,6 of 25 — 24%,71% — 5 of 7,5 of 5 — 100%,100% — 6 of 6,1.0,0,4.0,0,9,7,5,4,35,8,667,527,29,18,14,8,17,12,7,33,2,0,4,16,28,20,84,60
2.0,Sun,2021-08-22,14:00,Southampton,Manchester Utd,0.7,1.8,1–1,32000.0,Craig Pawson,2021-2022,James Ward-Prowse,Harry Maguire,(4-4-2),(4-2-3-1),37%,63%,216 of 329 — 66%,79% — 442 of 562,3 of 8 — 38%,20% — 3 of 15,2 of 3 — 66%,100% — 3 of 3,2.0,0,3.0,0,12,10,7,7,17,19,463,665,23,19,20,6,11,15,21,12,0,2,11,5,19,18,61,50
2.0,Sun,2021-08-22,16:30,Arsenal,Chelsea,0.3,3.1,0–2,58729.0,Paul Tierney,2021-2022,Granit Xhaka,César Azpilicueta,(4-2-3-1),(3-4-3),35%,65%,287 of 380 — 76%,88% — 607 of 692,3 of 6 — 50%,23% — 5 of 22,3 of 5 — 60%,100% — 3 of 3,3.0,0,0.0,0,10,4,9,8,21,17,481,795,20,11,6,10,11,18,12,26,5,0,7,4,14,22,48,44
2.0,Mon,2021-08-23,20:00,West Ham,Leicester City,2.3,0.6,4–1,59901.0,Michael Oliver,2021-2022,Declan Rice,Kasper Schmeichel,(4-2-3-1),(4-2-3-1),52%,48%,469 of 567 — 83%,84% — 442 of 528,7 of 19 — 37%,20% — 1 of 5,0 of 1 — 0%,42% — 3 of 7,0.0,0,1.0,1,8,8,10,0,34,3,654,626,15,13,5,14,21,10,7,27,2,0,3,11,23,15,64,47
3.0,Sat,2021-08-28,12:30,Manchester City,Arsenal,4.4,0.2,5–0,52276.0,Martin Atkinson,2021-2022,İlkay Gündoğan,Pierre-Emerick Aubameyang,(4-3-3),(5-4-1),80%,20%,721 of 813 — 89%,68% — 141 of 207,10 of 25 — 40%,0% — 0 of 1,0 of 0 — %,50% — 5 of 10,1.0,0,2.0,1,5,7,14,0,30,3,879,304,14,9,4,12,13,9,3,30,1,3,4,11,23,12,56,52
3.0,Sat,2021-08-28,15:00,West Ham,Crystal Palace,1.3,1.1,2–2,59751.0,Stuart Attwell,2021-2022,Declan Rice,James McArthur,(4-2-3-1),(4-3-3),47%,53%,331 of 440 — 75%,82% — 412 of 504,4 of 14 — 29%,22% — 2 of 9,0 of 2 — 0%,50% — 2 of 4,1.0,0,0.0,0,10,7,5,3,28,13,545,641,16,13,15,15,15,29,13,36,1,2,6,9,32,18,68,61
3.0,Sat,2021-08-28,15:00,Norwich City,Leicester City,1.5,1.5,1–2,26765.0,Robert Jones,2021-2022,Grant Hanley,Kasper Schmeichel,(4-3-3),(4-4-2),45%,55%,311 of 421 — 74%,75% — 392 of 520,3 of 13 — 23%,33% — 3 of 9,1 of 3 — 33%,100% — 3 of 3,2.0,0,1.0,0,8,9,9,9,23,19,533,608,18,17,15,9,13,14,20,17,2,2,10,9,24,21,71,67
3.0,Sat,2021-08-28,15:00,Aston Villa,Brentford,0.7,0.9,1–1,42045.0,Peter Bankes,2021-2022,Ezri Konsa,Pontus Jansson,(4-1-4-1),(3-4-1-2),46%,54%,293 of 408 — 72%,76% — 358 of 472,5 of 7 — 71%,22% — 2 of 9,1 of 2 — 50%,80% — 4 of 5,3.0,0,3.0,0,15,14,3,2,21,7,501,566,13,16,4,6,21,20,16,24,1,2,7,4,17,21,82,88
3.0,Sat,2021-08-28,15:00,Newcastle Utd,Southampton,1.0,3.6,2–2,44017.0,Paul Tierney,2021-2022,Jamaal Lascelles,James Ward-Prowse,(3-5-2),(4-4-2),37%,63%,223 of 331 — 67%,82% — 469 of 571,4 of 10 — 40%,24% — 5 of 21,4 of 5 — 80%,50% — 2 of 4,3.0,0,3.0,0,11,6,4,4,17,21,449,678,31,15,5,2,16,14,17,13,5,0,13,7,12,19,77,50
3.0,Sat,2021-08-28,15:00,Brighton,Everton,0.7,1.4,0–2,30548.0,Jonathan Moss,2021-2022,Lewis Dunk,Séamus Coleman,(3-4-3),(4-4-1-1),65%,35%,557 of 650 — 86%,75% — 263 of 351,3 of 14 — 21%,31% — 4 of 13,3 of 4 — 75%,100% — 3 of 3,1.0,0,2.0,0,7,9,4,5,12,14,775,475,25,17,10,15,8,9,15,16,1,0,6,10,18,20,65,51
3.0,Sat,2021-08-28,17:30,Liverpool,Chelsea,2.5,0.6,1–1,54000.0,Anthony Taylor,2021-2022,Jordan Henderson,César Azpilicueta,(4-3-3),(3-4-3),65%,35%,631 of 758 — 83%,71% — 293 of 410,6 of 23 — 26%,50% — 3 of 6,2 of 3 — 66%,100% — 6 of 6,0.0,0,2.0,1,13,4,12,3,40,12,875,558,16,26,11,21,20,13,8,36,0,2,1,14,16,20,62,71
3.0,Sun,2021-08-29,14:00,Burnley,Leeds United,1.0,1.2,1–1,20000.0,Michael Oliver,2021-2022,Ben Mee,Liam Cooper,(4-4-2),(3-3-3-1),36%,64%,214 of 332 — 64%,79% — 459 of 580,3 of 12 — 25%,17% — 2 of 12,1 of 2 — 50%,66% — 2 of 3,4.0,0,3.0,0,13,9,5,5,20,27,446,690,23,17,8,8,32,18,30,17,2,2,9,7,18,20,87,98
3.0,Sun,2021-08-29,14:00,Tottenham,Watford,1.0,0.8,1–0,57672.0,Andre Marriner,2021-2022,Hugo Lloris,Craig Cathcart,(4-3-3),(4-1-4-1),57%,43%,462 of 548 — 84%,81% — 336 of 414,8 of 15 — 53%,22% — 2 of 9,2 of 2 — 100%,87% — 7 of 8,3.0,0,3.0,0,8,14,10,3,25,14,649,531,19,16,9,4,11,10,12,37,2,1,4,9,19,25,51,62
3.0,Sun,2021-08-29,16:30,Wolves,Manchester Utd,2.1,0.6,0–1,30621.0,Mike Dean,2021-2022,Conor Coady,Harry Maguire,(3-4-3),(4-2-3-1),44%,56%,368 of 468 — 79%,84% — 498 of 592,5 of 15 — 33%,30% — 3 of 10,2 of 3 — 66%,100% — 5 of 5,3.0,0,4.0,0,7,9,5,7,18,18,567,679,16,8,7,13,15,11,21,18,5,4,4,8,11,14,62,58
4.0,Sat,2021-09-11,12:30,Crystal Palace,Tottenham,2.1,0.1,3–0,26000.0,Jonathan Moss,2021-2022,James McArthur,Hugo Lloris,(4-3-3),(4-1-2-1-2),62%,38%,443 of 558 — 79%,73% — 250 of 341,3 of 17 — 18%,50% — 1 of 2,1 of 1 — 100%,33% — 1 of 3,2.0,0,4.5,0,13,15,8,2,29,6,658,460,17,16,6,11,12,18,13,36,0,0,4,13,28,20,67,55
4.0,Sat,2021-09-11,15:00,Leicester City,Manchester City,0.6,2.8,0–1,32087.0,Paul Tierney,2021-2022,Kasper Schmeichel,İlkay Gündoğan,(4-2-3-1),(4-3-3),39%,61%,322 of 402 — 80%,87% — 535 of 618,1 of 6 — 17%,32% — 8 of 25,7 of 8 — 87%,100% — 1 of 1,1.0,0,2.0,0,4,11,5,8,14,31,514,712,18,14,3,5,12,8,23,9,2,4,10,6,12,20,67,49
4.0,Sat,2021-09-11,15:00,Brentford,Brighton,0.4,0.3,0–1,16518.0,Graham Scott,2021-2022,Pontus Jansson,Lewis Dunk,(3-5-2),(3-4-1-2),41%,59%,272 of 381 — 71%,78% — 422 of 542,1 of 7 — 14%,50% — 2 of 4,1 of 2 — 50%,100% — 1 of 1,3.0,0,2.0,0,9,12,1,5,20,11,491,636,21,16,13,12,15,11,20,15,0,2,6,7,22,30,51,93
4.0,Sat,2021-09-11,15:00,Southampton,West Ham,0.7,0.7,0–0,30000.0,David Coote,2021-2022,James Ward-Prowse,Declan Rice,(4-1-4-1),(4-2-3-1),42%,58%,329 of 423 — 78%,83% — 485 of 581,2 of 11 — 18%,23% — 3 of 13,3 of 3 — 100%,100% — 2 of 2,3.0,0,4.5,0,10,12,5,4,13,22,527,691,8,14,12,15,16,16,24,19,0,2,3,7,14,10,55,55
4.0,Sat,2021-09-11,15:00,Arsenal,Norwich City,2.7,0.7,1–0,58000.0,Michael Oliver,2021-2022,Pierre-Emerick Aubameyang,Grant Hanley,(4-2-3-1),(4-3-3),51%,49%,395 of 482 — 82%,77% — 348 of 454,6 of 30 — 20%,10% — 1 of 10,1 of 1 — 100%,83% — 5 of 6,2.0,0,2.0,0,9,11,8,4,20,18,610,565,16,20,3,8,19,16,18,22,2,0,6,15,18,25,56,61
4.0,Sat,2021-09-11,15:00,Manchester Utd,Newcastle Utd,2.5,0.4,4–1,72732.0,Anthony Taylor,2021-2022,Harry Maguire,Jamaal Lascelles,(4-2-3-1),(5-4-1),63%,37%,602 of 686 — 88%,80% — 319 of 397,6 of 21 — 29%,25% — 3 of 12,2 of 3 — 66%,33% — 2 of 6,1.0,0,0.0,0,9,2,7,3,23,10,796,523,19,17,4,13,7,6,11,21,1,3,7,11,16,19,49,72
4.0,Sat,2021-09-11,15:00,Watford,Wolves,0.2,2.2,0–2,20019.0,Peter Bankes,2021-2022,William Troost-Ekong,Conor Coady,(4-1-4-1),(3-4-3),45%,55%,335 of 418 — 80%,87% — 451 of 520,2 of 6 — 33%,36% — 5 of 14,4 of 5 — 80%,100% — 2 of 2,3.0,0,3.0,0,15,13,6,8,18,15,516,632,20,19,8,9,12,5,23,20,1,2,10,7,20,13,54,49
4.0,Sat,2021-09-11,17:30,Chelsea,Aston Villa,1.3,1.2,3–0,39969.0,Stuart Attwell,2021-2022,Marcos Alonso,Tyrone Mings,(3-4-3),(5-3-2),57%,43%,420 of 518 — 81%,74% — 294 of 398,4 of 12 — 33%,33% — 6 of 18,6 of 6 — 100%,25% — 1 of 4,1.0,0,4.0,0,11,11,4,11,15,30,648,511,15,12,7,12,16,14,39,19,2,1,9,6,16,16,68,86
4.0,Sun,2021-09-12,16:30,Leeds United,Liverpool,1.2,4.3,0–3,36507.0,Craig Pawson,2021-2022,Liam Cooper,Virgil van Dijk,(4-1-4-1),(4-3-3),44%,56%,355 of 449 — 79%,83% — 478 of 575,4 of 9 — 44%,27% — 8 of 30,5 of 8 — 62%,100% — 4 of 4,2.0,1,1.0,0,9,8,2,11,19,21,564,684,16,8,10,8,7,8,20,16,2,4,9,5,13,21,53,60
4.0,Mon,2021-09-13,20:00,Everton,Burnley,1.4,1.0,3–1,30000.0,Martin Atkinson,2021-2022,Séamus Coleman,Ben Mee,(3-4-3),(4-4-2),52%,48%,339 of 468 — 72%,68% — 299 of 440,6 of 14 — 43%,55% — 6 of 11,5 of 6 — 83%,50% — 3 of 6,1.0,0,1.0,0,3,6,4,6,16,21,579,540,10,10,15,19,26,22,20,13,2,2,7,5,27,28,74,93
5.0,Fri,2021-09-17,20:00,Newcastle Utd,Leeds United,1.3,1.5,1–1,50407.0,Mike Dean,2021-2022,Jamaal Lascelles,Liam Cooper,(5-4-1),(4-1-4-1),35%,65%,227 of 325 — 70%,83% — 498 of 600,7 of 17 — 41%,41% — 9 of 22,8 of 9 — 88%,85% — 6 of 7,2.0,0,2.0,0,9,11,4,5,8,23,447,708,17,19,9,6,14,9,29,14,1,1,10,9,10,26,65,70
5.0,Sat,2021-09-18,12:30,Wolves,Brentford,0.6,2.5,0–2,30000.0,Darren England,2021-2022,Conor Coady,Pontus Jansson,(3-4-3),(3-5-2),62%,38%,467 of 572 — 82%,73% — 256 of 353,0 of 11 — 0%,25% — 2 of 8,1 of 2 — 50%,% — 0 of 0,4.0,0,5.5,0,10,7,4,2,23,7,646,457,9,15,6,10,12,14,9,30,2,2,9,11,25,16,57,62
5.0,Sat,2021-09-18,15:00,Norwich City,Watford,1.0,2.4,1–3,26649.0,Robert Jones,2021-2022,Grant Hanley,Tom Cleverley,(4-3-3),(4-2-3-1),49%,51%,332 of 424 — 78%,77% — 340 of 444,5 of 12 — 42%,67% — 8 of 12,5 of 8 — 62%,80% — 4 of 5,1.0,0,1.0,0,10,14,4,8,19,21,537,544,17,11,15,9,17,15,19,15,1,0,4,6,24,24,72,92
5.0,Sat,2021-09-18,15:00,Burnley,Arsenal,1.0,1.1,0–1,20000.0,Anthony Taylor,2021-2022,Ben Mee,Pierre-Emerick Aubameyang,(4-4-2),(4-1-4-1),46%,54%,326 of 472 — 69%,79% — 442 of 557,3 of 18 — 17%,23% — 3 of 13,2 of 3 — 66%,100% — 3 of 3,2.0,0,1.0,0,9,8,8,3,41,9,574,704,14,18,15,11,29,23,15,39,4,2,5,9,22,13,88,59
5.0,Sat,2021-09-18,15:00,Manchester City,Southampton,1.0,0.4,0–0,52698.0,Jonathan Moss,2021-2022,Fernandinho,James Ward-Prowse,(4-3-3),(4-4-2),64%,36%,521 of 612 — 85%,72% — 250 of 349,1 of 16 — 6%,20% — 2 of 10,2 of 2 — 100%,100% — 1 of 1,0.0,0,2.0,0,5,12,8,5,23,13,729,463,13,21,8,17,22,15,13,23,4,0,5,12,21,17,51,65
5.0,Sat,2021-09-18,15:00,Liverpool,Crystal Palace,3.1,0.6,3–0,52000.0,Andy Madley,2021-2022,Jordan Henderson,James McArthur,(4-3-3),(4-3-3),59%,41%,443 of 549 — 81%,73% — 275 of 377,10 of 25 — 40%,15% — 2 of 13,2 of 2 — 100%,70% — 7 of 10,3.0,0,1.0,0,17,11,10,5,36,17,682,530,21,24,10,12,21,7,26,26,1,3,7,8,18,19,56,63
5.0,Sat,2021-09-18,17:30,Aston Villa,Everton,0.8,0.7,3–0,41888.0,Craig Pawson,2021-2022,Tyrone Mings,Lucas Digne,(5-3-2),(4-4-1-1),55%,45%,332 of 429 — 77%,70% — 247 of 355,3 of 15 — 20%,9% — 1 of 11,1 of 1 — 100%,33% — 1 of 3,1.0,0,1.0,0,7,10,5,4,24,18,537,457,10,22,9,6,23,16,11,23,0,2,12,12,15,22,68,60
5.0,Sun,2021-09-19,14:00,Brighton,Leicester City,1.7,1.6,2–1,31078.0,Stuart Attwell,2021-2022,Lewis Dunk,Kasper Schmeichel,(4-4-2),(4-3-3),37%,63%,269 of 359 — 75%,83% — 501 of 604,4 of 11 — 36%,21% — 3 of 14,2 of 3 — 66%,75% — 3 of 4,2.0,0,1.0,0,8,10,4,9,15,25,491,704,19,17,16,10,18,11,29,11,3,2,8,6,16,26,69,46
5.0,Sun,2021-09-19,14:00,West Ham,Manchester Utd,1.6,2.0,1–2,60000.0,Martin Atkinson,2021-2022,Declan Rice,Harry Maguire,(4-4-2),(4-2-3-1),40%,60%,367 of 457 — 80%,87% — 586 of 675,3 of 12 — 25%,59% — 10 of 17,8 of 10 — 80%,66% — 2 of 3,0.0,0,0.0,0,5,8,2,11,17,33,562,781,14,14,4,2,12,9,32,19,2,0,10,7,15,12,52,34
5.0,Sun,2021-09-19,16:30,Tottenham,Chelsea,0.5,2.1,0–3,60059.0,Paul Tierney,2021-2022,Hugo Lloris,César Azpilicueta,(4-3-2-1),(3-4-3),47%,53%,414 of 510 — 81%,84% — 484 of 573,2 of 8 — 25%,45% — 9 of 20,6 of 9 — 66%,100% — 2 of 2,0.0,0,1.0,0,4,15,5,11,13,25,633,699,20,15,9,15,12,18,24,20,0,1,6,4,16,16,55,56
6.0,Sat,2021-09-25,12:30,Chelsea,Manchester City,0.2,1.7,0–1,40036.0,Michael Oliver,2021-2022,César Azpilicueta,Rúben Dias,(3-5-2),(4-3-3),41%,59%,361 of 452 — 80%,85% — 547 of 645,0 of 5 — 0%,20% — 3 of 15,2 of 3 — 66%,% — 0 of 0,3.0,0,2.0,0,12,10,4,13,17,26,558,750,13,16,7,8,18,9,26,17,3,4,13,3,13,12,58,63
6.0,Sat,2021-09-25,12:30,Manchester Utd,Aston Villa,2.2,1.0,0–1,72922.0,Mike Dean,2021-2022,Harry Maguire,Tyrone Mings,(4-2-3-1),(3-5-2),59%,41%,346 of 461 — 75%,67% — 214 of 321,4 of 27 — 15%,43% — 3 of 7,2 of 3 — 66%,100% — 4 of 4,2.0,0,2.0,0,9,13,5,5,21,20,569,443,12,9,9,15,19,11,21,16,2,3,5,13,27,25,79,75
6.0,Sat,2021-09-25,15:00,Everton,Norwich City,1.9,0.5,2–0,38821.0,David Coote,2021-2022,Lucas Digne,Grant Hanley,(4-4-1-1),(5-3-2),47%,53%,366 of 470 — 78%,83% — 441 of 534,3 of 10 — 30%,20% — 2 of 10,2 of 2 — 100%,66% — 2 of 3,2.0,0,3.0,0,12,9,6,4,24,14,572,649,18,12,9,17,8,14,16,21,1,0,11,5,22,25,63,64
6.0,Sat,2021-09-25,15:00,Leeds United,West Ham,1.2,1.6,1–2,36417.0,Kevin Friend,2021-2022,Liam Cooper,Declan Rice,(4-1-4-1),(4-2-3-1),53%,47%,357 of 451 — 79%,75% — 300 of 399,5 of 15 — 33%,30% — 6 of 20,5 of 6 — 83%,80% — 4 of 5,3.0,0,2.0,0,10,6,5,7,13,21,561,500,16,15,4,7,18,19,16,13,2,0,10,5,15,22,55,71
6.0,Sat,2021-09-25,15:00,Watford,Newcastle Utd,0.9,1.9,1–1,20650.0,Jarred Gillett,2021-2022,Tom Cleverley,Federico Fernández,(4-2-3-1),(4-1-4-1),53%,47%,310 of 410 — 76%,74% — 271 of 368,4 of 15 — 27%,30% — 6 of 20,5 of 6 — 83%,75% — 3 of 4,4.0,0,3.0,0,19,12,5,6,15,15,509,500,13,22,7,9,17,24,13,24,1,1,13,9,26,16,66,83
6.0,Sat,2021-09-25,15:00,Leicester City,Burnley,2.4,0.5,2–2,31650.0,Chris Kavanagh,2021-2022,Kasper Schmeichel,Ben Mee,(4-3-3),(4-4-2),66%,34%,519 of 637 — 81%,66% — 213 of 321,4 of 22 — 18%,33% — 3 of 9,2 of 3 — 66%,50% — 2 of 4,2.0,0,4.0,0,10,8,8,3,25,12,740,447,17,13,7,11,20,18,14,31,1,4,7,13,27,18,74,85
6.0,Sat,2021-09-25,17:30,Brentford,Liverpool,2.1,2.8,3–3,16876.0,Stuart Attwell,2021-2022,Pontus Jansson,Jordan Henderson,(3-5-2),(4-3-3),33%,67%,201 of 307 — 65%,81% — 493 of 611,3 of 12 — 25%,31% — 5 of 16,2 of 5 — 40%,0% — 0 of 3,1.0,0,1.0,0,8,7,2,11,13,26,422,702,14,11,15,9,24,22,31,17,4,4,10,7,15,14,67,85
6.0,Sun,2021-09-26,14:00,Southampton,Wolves,1.0,1.0,0–1,28002.0,Andy Madley,2021-2022,James Ward-Prowse,Conor Coady,(4-4-2),(3-4-3),57%,43%,438 of 550 — 80%,75% — 310 of 416,6 of 18 — 33%,60% — 3 of 5,2 of 3 — 66%,100% — 6 of 6,0.0,0,0.0,0,12,8,5,5,26,6,655,534,13,12,11,6,14,15,10,37,3,1,3,6,21,19,65,74
6.0,Sun,2021-09-26,16:30,Arsenal,Tottenham,1.1,1.0,3–1,59919.0,Craig Pawson,2021-2022,Pierre-Emerick Aubameyang,Hugo Lloris,(4-2-3-1),(4-3-3),46%,54%,377 of 457 — 82%,83% — 445 of 537,7 of 12 — 58%,40% — 4 of 10,3 of 4 — 75%,57% — 4 of 7,2.0,0,1.0,0,12,13,4,4,9,19,566,617,22,14,10,8,15,11,20,9,2,4,10,7,13,27,72,75
6.0,Mon,2021-09-27,20:00,Crystal Palace,Brighton,1.4,0.8,1–1,22975.0,Andre Marriner,2021-2022,Luka Milivojević,Lewis Dunk,(4-3-3),(3-4-3),47%,53%,443 of 545 — 81%,81% — 489 of 604,2 of 7 — 29%,50% — 4 of 8,3 of 4 — 75%,100% — 2 of 2,2.0,0,4.0,0,12,10,6,5,19,20,643,709,17,29,12,10,6,15,13,14,1,0,5,6,22,13,69,88
7.0,Sat,2021-10-02,12:30,Manchester Utd,Everton,1.0,1.3,1–1,73128.0,Michael Oliver,2021-2022,Bruno Fernandes,Lucas Digne,(4-2-3-1),(4-4-1-1),72%,28%,647 of 763 — 85%,65% — 198 of 303,6 of 13 — 46%,17% — 2 of 12,1 of 2 — 50%,83% — 5 of 6,1.0,0,1.0,0,10,9,10,1,28,15,864,419,7,20,6,9,13,18,15,32,2,2,7,8,32,15,60,71
7.0,Sat,2021-10-02,15:00,Leeds United,Watford,1.3,0.2,1–0,36261.0,Simon Hooper,2021-2022,Liam Cooper,Ben Foster,(4-1-4-1),(4-2-3-1),66%,34%,431 of 547 — 79%,64% — 182 of 286,3 of 20 — 15%,20% — 1 of 5,1 of 1 — 100%,66% — 2 of 3,0.0,0,3.0,0,10,16,6,3,26,11,658,417,14,20,3,3,11,14,13,36,0,0,6,12,20,25,70,69
7.0,Sat,2021-10-02,15:00,Chelsea,Southampton,3.3,1.3,3–1,40109.0,Martin Atkinson,2021-2022,César Azpilicueta,James Ward-Prowse,(3-4-3),(4-4-2),62%,38%,502 of 597 — 84%,74% — 274 of 371,9 of 20 — 45%,20% — 1 of 5,1 of 1 — 100%,66% — 6 of 9,1.0,0,3.0,1,11,13,7,2,18,7,709,485,16,24,5,10,14,4,11,14,1,0,4,9,30,18,62,54
7.0,Sat,2021-10-02,15:00,Wolves,Newcastle Utd,1.0,0.6,2–1,30483.0,Graham Scott,2021-2022,Conor Coady,Federico Fernández,(3-4-3),(4-1-4-1),52%,48%,415 of 494 — 84%,76% — 354 of 463,3 of 7 — 43%,25% — 2 of 8,1 of 2 — 50%,33% — 1 of 3,0.0,0,2.0,0,15,5,0,4,5,26,623,548,25,14,13,11,11,14,33,4,2,1,4,4,23,27,51,58
7.0,Sat,2021-10-02,15:00,Burnley,Norwich City,1.2,0.6,0–0,17427.0,Kevin Friend,2021-2022,James Tarkowski,Grant Hanley,(4-4-2),(5-3-2),56%,44%,378 of 517 — 73%,71% — 283 of 400,4 of 14 — 29%,20% — 2 of 10,2 of 2 — 100%,100% — 4 of 4,5.0,0,2.0,0,13,3,9,5,45,19,619,541,13,16,8,7,27,15,17,47,2,1,4,12,26,17,88,78
7.0,Sat,2021-10-02,17:30,Brighton,Arsenal,1.1,0.4,0–0,31266.0,Jonathan Moss,2021-2022,Lewis Dunk,Pierre-Emerick Aubameyang,(3-5-2),(4-2-3-1),58%,42%,444 of 543 — 82%,75% — 295 of 394,2 of 21 — 10%,25% — 2 of 8,2 of 2 — 100%,100% — 2 of 2,2.0,0,1.0,0,8,5,8,5,26,12,651,503,16,8,9,11,16,7,14,20,1,1,7,16,18,16,67,54
7.0,Sun,2021-10-03,14:00,West Ham,Brentford,1.5,1.2,1–2,49940.0,Peter Bankes,2021-2022,Declan Rice,Pontus Jansson,(4-2-3-1),(3-5-2),59%,41%,340 of 480 — 71%,62% — 205 of 329,5 of 18 — 28%,46% — 6 of 13,4 of 6 — 66%,80% — 4 of 5,2.0,0,3.0,0,16,13,10,6,33,17,575,445,15,5,8,10,25,25,15,30,2,1,6,15,17,20,76,65
7.0,Sun,2021-10-03,14:00,Tottenham,Aston Villa,1.3,1.2,2–1,53076.0,Chris Kavanagh,2021-2022,Hugo Lloris,Tyrone Mings,(4-2-3-1),(3-5-2),56%,44%,370 of 475 — 78%,67% — 247 of 370,7 of 17 — 41%,21% — 3 of 14,2 of 3 — 66%,85% — 6 of 7,2.0,0,1.0,0,11,14,5,8,11,27,615,487,14,21,12,12,21,22,37,6,0,1,10,7,22,18,58,78
7.0,Sun,2021-10-03,14:00,Crystal Palace,Leicester City,1.5,1.2,2–2,25000.0,Anthony Taylor,2021-2022,Luka Milivojević,Kasper Schmeichel,(4-3-3),(4-4-2),60%,40%,488 of 618 — 79%,68% — 275 of 406,4 of 18 — 22%,56% — 5 of 9,3 of 5 — 60%,50% — 2 of 4,2.0,0,3.0,0,15,11,1,3,21,9,734,537,16,30,4,13,19,15,10,29,2,1,2,11,30,14,75,79
7.0,Sun,2021-10-03,16:30,Liverpool,Manchester City,0.9,1.2,2–2,53102.0,Paul Tierney,2021-2022,Jordan Henderson,Rúben Dias,(4-3-3),(4-3-3),49%,51%,457 of 554 — 82%,82% — 476 of 581,3 of 6 — 50%,25% — 3 of 12,1 of 3 — 33%,33% — 1 of 3,3.0,0,3.0,0,10,12,3,4,19,14,655,670,17,11,17,8,9,9,15,18,2,5,10,2,28,20,71,79
8.0,Sat,2021-10-16,12:30,Watford,Liverpool,0.5,3.3,0–5,21085.0,Jonathan Moss,2021-2022,Moussa Sissoko,Jordan Henderson,(5-4-1),(4-3-3),25%,75%,176 of 281 — 63%,85% — 737 of 862,2 of 6 — 33%,42% — 8 of 19,3 of 8 — 37%,100% — 2 of 2,0.0,0,0.0,0,4,10,1,9,7,19,415,950,14,18,11,4,19,10,34,8,8,2,7,5,11,22,68,73
8.0,Sat,2021-10-16,15:00,Aston Villa,Wolves,1.0,2.0,2–3,41951.0,Michael Oliver,2021-2022,Tyrone Mings,Conor Coady,(3-4-1-2),(3-4-3),48%,52%,327 of 432 — 76%,76% — 353 of 462,5 of 14 — 36%,44% — 4 of 9,1 of 4 — 25%,60% — 3 of 5,2.0,0,2.0,0,8,17,6,7,23,21,537,555,12,7,9,9,13,12,25,22,1,2,7,13,15,15,75,66
8.0,Sat,2021-10-16,15:00,Manchester City,Burnley,2.1,0.9,2–0,52711.0,Martin Atkinson,2021-2022,Kevin De Bruyne,James Tarkowski,(4-3-3),(4-4-2),70%,30%,711 of 813 — 87%,71% — 248 of 351,6 of 15 — 40%,29% — 2 of 7,2 of 2 — 100%,66% — 4 of 6,1.0,0,0.0,0,11,5,6,2,24,12,905,457,11,17,10,10,11,15,11,23,0,3,7,8,15,15,69,79
8.0,Sat,2021-10-16,15:00,Southampton,Leeds United,1.9,0.2,1–0,30506.0,David Coote,2021-2022,Oriol Romeu,Liam Cooper,(4-4-2),(3-3-3-1),46%,54%,305 of 412 — 74%,77% — 377 of 492,4 of 19 — 21%,0% — 0 of 3,0 of 0 — %,75% — 3 of 4,2.0,0,3.0,0,16,14,8,1,18,9,527,595,22,21,10,15,20,14,10,17,1,2,4,15,27,26,59,80
8.0,Sat,2021-10-16,15:00,Leicester City,Manchester Utd,2.4,1.2,4–2,32219.0,Craig Pawson,2021-2022,Kasper Schmeichel,Harry Maguire,(3-4-1-2),(4-2-3-1),49%,51%,442 of 528 — 84%,84% — 467 of 555,11 of 22 — 50%,33% — 6 of 18,4 of 6 — 66%,63% — 7 of 11,0.0,0,3.0,0,5,17,4,3,9,17,640,670,12,14,9,9,11,8,9,12,2,3,11,12,12,12,63,49
8.0,Sat,2021-10-16,15:00,Norwich City,Brighton,1.2,0.8,0–0,26777.0,Peter Bankes,2021-2022,Grant Hanley,Lewis Dunk,(5-3-2),(3-5-2),36%,64%,235 of 344 — 68%,83% — 510 of 616,2 of 15 — 13%,27% — 3 of 11,3 of 3 — 100%,100% — 2 of 2,3.0,0,5.0,0,5,14,8,4,22,18,452,742,9,19,8,8,14,21,20,23,0,0,9,7,23,23,58,70
8.0,Sat,2021-10-16,17:30,Brentford,Chelsea,1.4,0.3,0–1,16940.0,Anthony Taylor,2021-2022,Pontus Jansson,César Azpilicueta,(3-5-2),(3-5-2),45%,55%,340 of 469 — 72%,82% — 471 of 576,6 of 17 — 35%,20% — 1 of 5,0 of 1 — 0%,100% — 6 of 6,1.0,0,1.0,0,13,8,5,5,26,16,573,719,16,20,4,10,35,17,13,44,1,4,5,1,29,11,76,49
8.0,Sun,2021-10-17,14:00,Everton,West Ham,0.9,1.2,0–1,39132.0,Stuart Attwell,2021-2022,Séamus Coleman,Declan Rice,(4-4-1-1),(4-2-3-1),39%,61%,269 of 384 — 70%,80% — 480 of 600,2 of 15 — 13%,25% — 4 of 16,3 of 4 — 75%,100% — 2 of 2,0.0,0,2.0,0,3,3,7,9,32,29,519,711,19,13,10,10,20,13,27,19,0,2,11,13,18,25,76,68
8.0,Sun,2021-10-17,16:30,Newcastle Utd,Tottenham,0.4,1.7,2–3,52214.0,Andre Marriner,2021-2022,Jamaal Lascelles,Hugo Lloris,(4-1-4-1),(4-2-3-1),36%,64%,288 of 373 — 77%,85% — 558 of 659,1 of 7 — 14%,29% — 4 of 14,1 of 4 — 25%,0% — 0 of 1,7.5,0,1.0,0,13,4,2,9,15,24,495,771,26,27,8,5,23,12,25,10,0,1,5,11,19,15,58,55
8.0,Mon,2021-10-18,20:00,Arsenal,Crystal Palace,1.7,0.7,2–2,59475.0,Mike Dean,2021-2022,Pierre-Emerick Aubameyang,Luka Milivojević,(4-1-4-1),(4-2-3-1),54%,46%,508 of 594 — 86%,83% — 428 of 513,6 of 17 — 35%,67% — 6 of 9,4 of 6 — 66%,66% — 4 of 6,1.0,0,1.0,0,7,4,6,3,19,10,687,631,17,22,7,7,7,20,6,18,0,3,4,5,26,18,72,68
9.0,Fri,2021-10-22,20:00,Arsenal,Aston Villa,2.7,1.4,3–1,59496.0,Craig Pawson,2021-2022,Pierre-Emerick Aubameyang,Tyrone Mings,(4-2-3-1),(3-4-1-2),53%,47%,394 of 492 — 80%,77% — 332 of 429,8 of 21 — 38%,40% — 4 of 10,3 of 4 — 75%,62% — 5 of 8,2.0,0,5.0,0,17,10,7,4,15,12,603,534,13,14,7,11,11,15,20,18,1,0,5,8,14,19,56,70
9.0,Sat,2021-10-23,12:30,Chelsea,Norwich City,3.1,0.1,7–0,40113.0,Andy Madley,2021-2022,Jorginho,Grant Hanley,(3-4-3),(3-5-2),62%,38%,582 of 654 — 89%,80% — 326 of 409,12 of 22 — 55%,33% — 1 of 3,1 of 1 — 100%,58% — 7 of 12,0.0,0,5.5,0,14,16,5,0,10,2,753,499,19,12,5,7,10,6,4,11,1,0,6,10,15,15,39,57
9.0,Sat,2021-10-23,15:00,Southampton,Burnley,1.6,0.7,2–2,29145.0,Chris Kavanagh,2021-2022,Oriol Romeu,James Tarkowski,(4-4-2),(4-4-2),61%,39%,381 of 517 — 74%,60% — 199 of 331,4 of 16 — 25%,56% — 5 of 9,3 of 5 — 60%,50% — 2 of 4,1.0,0,3.0,0,10,11,6,2,27,18,627,450,11,12,12,15,14,29,22,19,1,1,6,11,31,24,58,77
9.0,Sat,2021-10-23,15:00,Crystal Palace,Newcastle Utd,1.9,0.3,1–1,24609.0,Darren England,2021-2022,Luka Milivojević,Jamaal Lascelles,(4-3-3),(5-3-2),74%,26%,604 of 713 — 85%,61% — 152 of 249,3 of 15 — 20%,17% — 1 of 6,0 of 1 — 0%,66% — 2 of 3,3.0,0,4.0,0,13,9,3,7,23,16,828,391,11,18,6,7,16,18,24,35,2,3,3,12,18,15,58,76
9.0,Sat,2021-10-23,15:00,Everton,Watford,1.5,3.7,2–5,38834.0,Graham Scott,2021-2022,Séamus Coleman,Moussa Sissoko,(4-4-1-1),(4-1-4-1),49%,51%,318 of 438 — 73%,72% — 323 of 449,4 of 15 — 27%,40% — 8 of 20,3 of 8 — 37%,50% — 2 of 4,4.0,0,3.0,0,9,13,3,5,23,24,584,581,25,11,9,3,23,26,32,28,1,0,8,11,21,34,78,74
9.0,Sat,2021-10-23,15:00,Leeds United,Wolves,1.6,0.9,1–1,36475.0,Robert Jones,2021-2022,Liam Cooper,Conor Coady,(4-4-1-1),(3-4-3),62%,38%,429 of 535 — 80%,67% — 224 of 334,3 of 17 — 18%,50% — 4 of 8,3 of 4 — 75%,100% — 3 of 3,2.0,0,3.0,0,15,14,6,3,21,5,665,459,25,16,14,12,12,12,11,29,1,1,4,13,14,27,60,71
9.0,Sat,2021-10-23,17:30,Brighton,Manchester City,1.3,3.8,1–4,31215.0,Kevin Friend,2021-2022,Lewis Dunk,İlkay Gündoğan,(3-5-2),(4-3-3),48%,52%,453 of 549 — 83%,86% — 517 of 599,4 of 9 — 44%,52% — 12 of 23,8 of 12 — 66%,100% — 4 of 4,2.0,0,3.0,0,10,6,7,6,20,7,643,699,16,7,13,8,14,5,9,18,2,1,5,8,17,16,57,66
9.0,Sun,2021-10-24,14:00,Brentford,Leicester City,1.0,1.5,1–2,16814.0,Simon Hooper,2021-2022,Pontus Jansson,Kasper Schmeichel,(3-5-2),(3-4-1-2),54%,46%,367 of 497 — 74%,74% — 308 of 416,5 of 15 — 33%,60% — 6 of 10,4 of 6 — 66%,80% — 4 of 5,1.0,0,1.0,0,13,7,9,2,26,5,611,553,20,18,13,9,21,21,10,43,3,1,6,12,21,19,84,79
9.0,Sun,2021-10-24,14:00,West Ham,Tottenham,1.3,0.7,1–0,59924.0,Paul Tierney,2021-2022,Declan Rice,Hugo Lloris,(4-2-3-1),(4-2-3-1),38%,62%,327 of 419 — 78%,84% — 567 of 676,4 of 13 — 31%,57% — 4 of 7,4 of 4 — 100%,75% — 3 of 4,2.0,0,1.0,0,11,4,2,4,14,16,544,773,23,15,9,16,11,15,17,13,1,0,3,7,21,20,68,58
9.0,Sun,2021-10-24,16:30,Manchester Utd,Liverpool,1.6,3.4,0–5,73088.0,Anthony Taylor,2021-2022,Harry Maguire,Jordan Henderson,(4-2-3-1),(4-3-3),38%,62%,354 of 453 — 78%,88% — 666 of 754,3 of 12 — 25%,42% — 8 of 19,3 of 8 — 37%,100% — 3 of 3,6.0,1,0.0,0,10,8,6,3,21,9,525,845,5,11,11,11,13,9,13,23,7,0,8,7,13,10,57,59
10.0,Sat,2021-10-30,12:30,Leicester City,Arsenal,1.3,0.7,0–2,32209.0,Michael Oliver,2021-2022,Kasper Schmeichel,Pierre-Emerick Aubameyang,(3-4-1-2),(4-4-1-1),64%,36%,575 of 675 — 85%,74% — 282 of 380,8 of 16 — 50%,56% — 5 of 9,3 of 5 — 60%,100% — 8 of 8,2.0,0,0.0,0,8,11,7,6,22,14,772,487,11,7,7,8,15,9,16,27,2,1,6,9,24,18,70,73
10.0,Sat,2021-10-30,15:00,Newcastle Utd,Chelsea,0.2,2.2,0–3,52208.0,Paul Tierney,2021-2022,Jamaal Lascelles,Jorginho,(5-3-2),(3-4-3),21%,79%,138 of 220 — 63%,88% — 715 of 813,1 of 6 — 17%,28% — 5 of 18,3 of 5 — 60%,100% — 1 of 1,3.0,0,2.0,0,14,12,0,2,7,19,321,897,10,12,6,3,21,16,24,10,1,4,11,2,11,15,64,34
10.0,Sat,2021-10-30,15:00,Manchester City,Crystal Palace,0.7,0.7,0–2,53014.0,Andre Marriner,2021-2022,Rúben Dias,James McArthur,(4-3-3),(4-3-3),68%,32%,602 of 724 — 83%,72% — 251 of 348,3 of 14 — 21%,38% — 3 of 8,1 of 3 — 33%,100% — 3 of 3,2.0,1,3.0,0,11,11,7,1,32,4,807,477,16,21,6,11,13,14,3,32,2,5,5,14,34,13,73,73
10.0,Sat,2021-10-30,15:00,Liverpool,Brighton,1.5,1.0,2–2,52598.0,Mike Dean,2021-2022,Jordan Henderson,Lewis Dunk,(4-3-3),(4-2-3-1),58%,42%,585 of 694 — 84%,76% — 384 of 503,3 of 14 — 21%,67% — 6 of 9,4 of 6 — 66%,33% — 1 of 3,2.0,0,2.0,0,8,5,5,3,20,11,792,614,10,20,16,16,11,11,19,17,1,5,3,7,20,19,72,80
10.0,Sat,2021-10-30,15:00,Burnley,Brentford,2.3,0.8,3–1,18821.0,Jonathan Moss,2021-2022,Ben Mee,Pontus Jansson,(4-4-2),(3-5-2),41%,59%,273 of 401 — 68%,74% — 423 of 575,5 of 15 — 33%,33% — 4 of 12,3 of 4 — 75%,40% — 2 of 5,1.0,0,1.0,0,7,10,4,2,15,22,527,672,8,12,21,15,20,17,29,17,3,4,3,8,22,20,79,90
10.0,Sat,2021-10-30,15:00,Watford,Southampton,1.0,1.8,0–1,20869.0,Peter Bankes,2021-2022,Moussa Sissoko,James Ward-Prowse,(4-4-1-1),(4-4-2),40%,60%,220 of 351 — 63%,73% — 390 of 532,3 of 10 — 30%,8% — 1 of 12,0 of 1 — 0%,100% — 3 of 3,2.0,0,2.0,0,16,6,5,8,30,26,468,633,15,15,12,12,21,35,27,28,2,0,9,10,21,13,87,71
10.0,Sat,2021-10-30,17:30,Tottenham,Manchester Utd,1.0,1.5,0–3,60356.0,Stuart Attwell,2021-2022,Hugo Lloris,Harry Maguire,(4-2-3-1),(3-5-2),58%,42%,505 of 621 — 81%,80% — 360 of 450,0 of 9 — 0%,40% — 4 of 10,1 of 4 — 25%,% — 0 of 0,2.0,0,3.0,0,12,14,10,1,29,8,715,568,19,17,10,7,17,12,6,33,4,1,5,6,16,17,45,57
10.0,Sun,2021-10-31,14:00,Norwich City,Leeds United,0.8,0.7,1–2,26913.0,Anthony Taylor,2021-2022,Grant Hanley,Liam Cooper,(4-4-2),(3-3-3-1),48%,52%,240 of 358 — 67%,74% — 287 of 387,3 of 14 — 21%,38% — 5 of 13,3 of 5 — 60%,66% — 2 of 3,1.0,0,4.0,0,14,23,5,0,18,7,469,514,17,21,7,7,20,21,8,22,0,0,3,9,24,24,78,59
10.0,Sun,2021-10-31,16:30,Aston Villa,West Ham,0.7,2.3,1–4,41874.0,Chris Kavanagh,2021-2022,John McGinn,Declan Rice,(4-3-3),(4-2-3-1),43%,57%,265 of 375 — 71%,80% — 401 of 500,3 of 9 — 33%,38% — 8 of 21,4 of 8 — 50%,66% — 2 of 3,1.0,1,2.0,0,7,13,3,6,15,16,483,631,16,20,5,13,25,16,14,23,2,0,7,7,21,21,73,67
10.0,Mon,2021-11-01,20:00,Wolves,Everton,1.7,1.5,2–1,30617.0,Martin Atkinson,2021-2022,Conor Coady,Séamus Coleman,(3-4-3),(4-4-2),61%,39%,552 of 655 — 84%,73% — 301 of 411,4 of 10 — 40%,36% — 5 of 14,4 of 5 — 80%,50% — 2 of 4,1.0,0,1.0,0,10,8,4,3,9,14,771,535,15,26,11,13,23,19,18,12,1,2,5,5,19,20,95,65
11.0,Fri,2021-11-05,20:00,Southampton,Aston Villa,0.6,0.6,1–0,30178.0,Andy Madley,2021-2022,James Ward-Prowse,Tyrone Mings,(4-4-2),(4-2-3-1),56%,44%,371 of 476 — 78%,69% — 262 of 377,3 of 9 — 33%,21% — 3 of 14,3 of 3 — 100%,66% — 2 of 3,2.0,0,2.0,0,12,12,10,8,24,23,603,494,14,22,14,11,20,24,27,21,0,2,9,5,19,22,65,66
11.0,Sat,2021-11-06,12:30,Manchester Utd,Manchester City,0.9,1.6,0–2,73086.0,Michael Oliver,2021-2022,Harry Maguire,İlkay Gündoğan,(3-5-2),(4-3-3),33%,67%,342 of 429 — 80%,90% — 775 of 862,1 of 5 — 20%,31% — 5 of 16,4 of 5 — 80%,100% — 1 of 1,1.0,0,2.0,0,9,12,1,9,9,19,526,938,18,12,6,6,9,10,23,7,4,1,11,5,14,10,48,55
11.0,Sat,2021-11-06,15:00,Chelsea,Burnley,1.8,0.7,1–1,39798.0,Andre Marriner,2021-2022,Jorginho,Ben Mee,(3-4-1-2),(4-4-2),70%,30%,604 of 708 — 85%,68% — 211 of 309,4 of 25 — 16%,40% — 2 of 5,1 of 2 — 50%,75% — 3 of 4,1.0,0,4.0,0,6,9,14,2,24,10,796,417,8,17,4,15,23,15,4,24,1,4,6,14,21,10,66,72
11.0,Sat,2021-11-06,15:00,Brentford,Norwich City,2.5,1.2,1–2,16837.0,Jarred Gillett,2021-2022,Pontus Jansson,Ben Gibson,(3-5-2),(4-2-3-1),64%,36%,474 of 627 — 76%,66% — 231 of 348,7 of 19 — 37%,50% — 4 of 8,3 of 4 — 75%,85% — 6 of 7,2.0,0,3.0,0,12,13,6,2,35,11,735,499,19,16,3,8,35,22,11,44,2,3,3,9,28,16,100,85
11.0,Sat,2021-11-06,15:00,Crystal Palace,Wolves,1.9,0.3,2–0,24390.0,Graham Scott,2021-2022,James McArthur,Conor Coady,(4-3-3),(3-4-3),60%,40%,492 of 592 — 83%,74% — 291 of 395,6 of 13 — 46%,50% — 2 of 4,2 of 2 — 100%,66% — 4 of 6,2.0,0,1.0,0,14,13,4,6,12,10,717,522,28,32,13,6,15,11,11,11,1,1,2,7,30,16,62,80
11.0,Sat,2021-11-06,17:30,Brighton,Newcastle Utd,1.5,0.3,1–1,31267.0,David Coote,2021-2022,Lewis Dunk,Jamaal Lascelles,(4-2-3-1),(5-4-1),65%,35%,624 of 699 — 89%,77% — 287 of 374,4 of 13 — 31%,17% — 1 of 6,0 of 1 — 0%,100% — 4 of 4,3.0,1,4.0,0,16,10,2,5,17,18,797,462,15,23,6,9,11,9,25,10,1,1,3,6,21,20,66,54
11.0,Sun,2021-11-07,14:00,Arsenal,Watford,1.6,0.5,1–0,59833.0,Kevin Friend,2021-2022,Pierre-Emerick Aubameyang,Moussa Sissoko,(4-4-1-1),(4-1-4-1),60%,40%,434 of 536 — 81%,70% — 254 of 362,5 of 13 — 38%,14% — 1 of 7,1 of 1 — 100%,80% — 4 of 5,4.0,0,5.5,0,6,19,4,2,25,15,657,472,22,15,7,11,17,9,23,23,3,3,6,5,16,23,61,78
11.0,Sun,2021-11-07,14:00,Leeds United,Leicester City,1.3,0.7,1–1,36478.0,Darren England,2021-2022,Liam Cooper,Kasper Schmeichel,(4-2-3-1),(4-3-3),56%,44%,369 of 495 — 75%,69% — 267 of 385,5 of 18 — 28%,33% — 3 of 9,2 of 3 — 66%,80% — 4 of 5,1.0,0,1.0,0,12,5,10,5,31,10,635,523,12,33,18,9,7,15,13,36,1,2,10,14,25,11,67,59
11.0,Sun,2021-11-07,14:00,Everton,Tottenham,0.6,0.7,0–0,39059.0,Chris Kavanagh,2021-2022,Séamus Coleman,Hugo Lloris,(4-4-1-1),(3-4-3),45%,55%,373 of 471 — 79%,84% — 488 of 582,2 of 12 — 17%,0% — 0 of 8,0 of 0 — %,100% — 2 of 2,2.0,1,4.0,0,13,17,4,2,15,12,584,681,22,16,15,8,5,19,16,19,1,2,3,10,22,27,77,44
11.0,Sun,2021-11-07,16:30,West Ham,Liverpool,1.0,1.2,3–2,59909.0,Craig Pawson,2021-2022,Declan Rice,Jordan Henderson,(4-2-3-1),(4-3-3),31%,69%,230 of 335 — 69%,84% — 616 of 730,3 of 7 — 43%,31% — 5 of 16,3 of 5 — 60%,33% — 1 of 3,1.0,0,1.0,0,11,6,3,2,16,24,452,829,8,6,14,12,17,19,37,15,2,0,10,3,15,19,73,53
12.0,Sat,2021-11-20,12:30,Leicester City,Chelsea,0.4,2.0,0–3,35497.0,Paul Tierney,2021-2022,Kasper Schmeichel,Jorginho,(3-4-3),(3-4-3),39%,61%,310 of 420 — 74%,84% — 546 of 651,3 of 4 — 75%,44% — 7 of 16,4 of 7 — 57%,100% — 3 of 3,3.0,0,1.0,0,15,8,3,5,6,12,518,758,20,15,13,4,8,13,11,10,3,4,7,4,30,24,49,56
12.0,Sat,2021-11-20,15:00,Burnley,Crystal Palace,1.5,1.9,3–3,18028.0,Simon Hooper,2021-2022,Ben Mee,Luka Milivojević,(4-4-2),(4-3-3),40%,60%,240 of 359 — 67%,79% — 426 of 538,9 of 15 — 60%,44% — 8 of 18,5 of 8 — 62%,66% — 6 of 9,2.0,0,3.0,0,14,15,3,6,24,20,456,645,15,6,6,3,31,16,17,28,1,0,5,8,20,21,85,67
12.0,Sat,2021-11-20,15:00,Aston Villa,Brighton,0.7,0.4,2–0,41925.0,Anthony Taylor,2021-2022,Tyrone Mings,Lewis Dunk,(4-3-3),(3-5-2),38%,62%,311 of 393 — 79%,87% — 567 of 654,5 of 9 — 56%,33% — 2 of 6,2 of 2 — 100%,60% — 3 of 5,3.0,0,3.0,0,7,13,5,6,19,24,498,752,16,16,9,3,9,16,21,23,1,0,5,6,20,20,49,63
12.0,Sat,2021-11-20,15:00,Newcastle Utd,Brentford,1.5,0.9,3–3,52131.0,Robert Jones,2021-2022,Jamaal Lascelles,Pontus Jansson,(3-4-3),(3-5-2),53%,47%,298 of 418 — 71%,66% — 251 of 378,8 of 23 — 35%,30% — 3 of 10,1 of 3 — 33%,62% — 5 of 8,2.0,0,2.0,0,13,11,8,2,31,11,542,510,13,21,10,7,26,15,18,38,0,2,6,8,32,23,88,90
12.0,Sat,2021-11-20,15:00,Norwich City,Southampton,0.5,1.0,2–1,26885.0,Martin Atkinson,2021-2022,Grant Hanley,James Ward-Prowse,(4-3-3),(4-4-2),38%,62%,243 of 371 — 65%,81% — 496 of 615,4 of 8 — 50%,29% — 5 of 17,4 of 5 — 80%,50% — 2 of 4,3.0,0,2.0,0,8,9,5,7,19,26,485,734,16,10,13,14,23,24,22,16,0,1,10,4,18,13,77,70
12.0,Sat,2021-11-20,15:00,Watford,Manchester Utd,2.7,1.4,4–1,21087.0,Jonathan Moss,2021-2022,Moussa Sissoko,Harry Maguire,(4-1-4-1),(4-2-3-1),39%,61%,248 of 380 — 65%,79% — 465 of 590,6 of 19 — 32%,33% — 3 of 9,2 of 3 — 66%,33% — 2 of 6,2.0,0,4.5,0,7,5,8,3,23,12,477,687,22,13,12,7,15,20,12,18,1,4,6,11,21,19,86,64
12.0,Sat,2021-11-20,15:00,Wolves,West Ham,1.4,0.4,1–0,30667.0,Mike Dean,2021-2022,Conor Coady,Declan Rice,(3-4-3),(4-2-3-1),52%,48%,476 of 575 — 83%,83% — 440 of 528,5 of 15 — 33%,38% — 3 of 8,3 of 3 — 100%,80% — 4 of 5,1.0,0,1.0,0,6,9,7,3,25,23,667,629,17,12,14,12,11,11,24,22,0,1,6,11,13,17,64,55
12.0,Sat,2021-11-20,17:30,Liverpool,Arsenal,4.3,0.4,4–0,53092.0,Michael Oliver,2021-2022,Virgil van Dijk,Pierre-Emerick Aubameyang,(4-3-3),(4-4-1-1),62%,38%,587 of 677 — 87%,79% — 331 of 419,9 of 19 — 47%,60% — 3 of 5,3 of 3 — 100%,55% — 5 of 9,2.0,0,0.0,0,15,12,6,1,17,7,778,518,14,18,4,8,10,10,9,17,2,8,3,8,17,16,70,56
12.0,Sun,2021-11-21,14:00,Manchester City,Everton,2.5,0.2,3–0,52571.0,Stuart Attwell,2021-2022,İlkay Gündoğan,Séamus Coleman,(4-3-3),(4-4-1-1),77%,23%,830 of 906 — 92%,68% — 186 of 273,7 of 17 — 41%,25% — 1 of 4,1 of 1 — 100%,57% — 4 of 7,1.0,0,1.0,0,5,7,7,1,25,13,1004,376,15,18,8,6,15,5,8,19,0,2,0,13,13,9,49,61
12.0,Sun,2021-11-21,16:30,Tottenham,Leeds United,2.1,1.4,2–1,58989.0,Andre Marriner,2021-2022,Hugo Lloris,Liam Cooper,(3-4-3),(3-3-3-1),43%,57%,340 of 442 — 77%,81% — 463 of 575,4 of 13 — 31%,39% — 7 of 18,6 of 7 — 85%,50% — 2 of 4,1.0,0,4.0,0,11,12,4,8,17,21,580,699,18,20,13,14,21,12,27,19,4,1,7,3,22,26,45,65
13.0,Sat,2021-11-27,12:30,Arsenal,Newcastle Utd,2.5,0.3,2–0,59886.0,Stuart Attwell,2021-2022,Pierre-Emerick Aubameyang,Jamaal Lascelles,(4-4-1-1),(4-4-2),66%,34%,584 of 683 — 86%,77% — 276 of 358,6 of 24 — 25%,56% — 5 of 9,5 of 5 — 100%,66% — 4 of 6,1.0,0,3.0,0,6,12,4,4,18,14,778,462,14,13,3,11,11,5,12,21,0,3,3,12,15,5,52,51
13.0,Sat,2021-11-27,15:00,Liverpool,Southampton,2.9,1.0,4–0,53040.0,Andre Marriner,2021-2022,Jordan Henderson,James Ward-Prowse,(4-3-3),(3-4-3),64%,36%,530 of 665 — 80%,65% — 243 of 372,6 of 20 — 30%,43% — 3 of 7,3 of 3 — 100%,33% — 2 of 6,0.0,0,1.0,0,7,14,5,7,16,14,779,499,13,16,6,13,14,20,22,30,2,2,3,13,23,17,73,88
13.0,Sat,2021-11-27,15:00,Norwich City,Wolves,1.6,0.3,0–0,26911.0,Simon Hooper,2021-2022,Grant Hanley,Conor Coady,(4-1-4-1),(3-4-3),43%,57%,390 of 483 — 81%,85% — 537 of 634,4 of 14 — 29%,40% — 2 of 5,2 of 2 — 100%,100% — 4 of 4,2.0,0,2.0,0,11,10,4,3,22,9,596,734,23,21,8,10,8,11,13,16,1,0,7,8,13,16,62,79
13.0,Sat,2021-11-27,15:00,Crystal Palace,Aston Villa,1.0,0.5,1–2,25203.0,Michael Salisbury,2021-2022,Luka Milivojević,Tyrone Mings,(4-2-3-1),(4-3-3),64%,36%,534 of 639 — 84%,78% — 284 of 362,3 of 8 — 38%,30% — 3 of 10,1 of 3 — 33%,66% — 2 of 3,3.0,0,3.0,0,12,10,7,3,30,9,735,487,20,24,9,6,13,12,7,33,1,0,5,6,28,10,72,58
13.0,Sat,2021-11-27,17:30,Brighton,Leeds United,2.1,0.6,0–0,31166.0,Craig Pawson,2021-2022,Lewis Dunk,Liam Cooper,(4-2-3-1),(4-2-3-1),57%,43%,408 of 539 — 76%,69% — 284 of 413,4 of 20 — 20%,36% — 4 of 11,4 of 4 — 100%,100% — 4 of 4,1.0,0,3.0,0,12,14,6,1,19,11,659,548,11,28,11,15,17,13,14,18,2,1,9,12,20,14,54,74
13.0,Sun,2021-11-28,14:00,Manchester City,West Ham,2.1,0.2,2–1,53245.0,Michael Oliver,2021-2022,İlkay Gündoğan,Declan Rice,(4-3-3),(4-2-3-1),68%,32%,680 of 770 — 88%,75% — 269 of 361,8 of 19 — 42%,60% — 3 of 5,2 of 3 — 66%,75% — 6 of 8,2.0,0,0.0,0,7,6,8,4,19,17,867,461,15,16,5,11,11,13,12,18,4,4,2,9,12,10,53,62
13.0,Sun,2021-11-28,14:00,Brentford,Everton,1.2,1.0,1–0,16957.0,Darren England,2021-2022,Pontus Jansson,Séamus Coleman,(3-5-2),(4-4-1-1),40%,60%,262 of 399 — 66%,80% — 474 of 593,3 of 5 — 60%,36% — 5 of 14,5 of 5 — 100%,100% — 3 of 3,4.0,0,3.0,0,8,11,3,3,11,30,514,709,19,19,11,7,12,25,19,24,0,3,7,2,23,20,88,63
13.0,Sun,2021-11-28,14:00,Leicester City,Watford,2.1,2.8,4–2,32020.0,Andy Madley,2021-2022,Kasper Schmeichel,Moussa Sissoko,(4-2-3-1),(4-1-4-1),56%,44%,308 of 452 — 68%,59% — 211 of 358,8 of 18 — 44%,25% — 4 of 16,3 of 4 — 75%,50% — 4 of 8,0.0,0,0.0,0,5,20,8,6,15,23,579,466,22,14,11,13,30,23,17,13,5,2,11,6,18,28,92,72
13.0,Sun,2021-11-28,16:30,Chelsea,Manchester Utd,2.7,0.9,1–1,40041.0,Anthony Taylor,2021-2022,Jorginho,Bruno Fernandes,(3-4-3),(4-3-1-2),65%,35%,537 of 647 — 83%,73% — 251 of 346,5 of 23 — 22%,67% — 2 of 3,1 of 2 — 50%,100% — 5 of 5,2.0,0,5.0,0,13,14,15,2,37,8,761,483,16,21,12,9,11,11,7,38,2,1,2,14,17,17,70,54
14.0,Tue,2021-11-30,19:30,Newcastle Utd,Norwich City,1.1,1.2,1–1,50757.0,Andy Madley,2021-2022,Callum Wilson,Grant Hanley,(4-4-2),(4-1-4-1),32%,68%,204 of 296 — 69%,85% — 524 of 619,0 of 8 — 0%,38% — 6 of 16,5 of 6 — 83%,% — 0 of 0,0.0,1,0.0,0,8,11,2,5,7,24,387,717,8,17,10,14,7,15,15,9,0,3,13,6,23,20,70,61
14.0,Tue,2021-11-30,20:15,Leeds United,Crystal Palace,1.4,1.1,1–0,35558.0,Kevin Friend,2021-2022,Liam Cooper,Joel Ward,(4-1-4-1),(4-3-3),61%,39%,398 of 512 — 78%,67% — 219 of 328,2 of 14 — 14%,11% — 1 of 9,1 of 1 — 100%,100% — 2 of 2,5.0,0,3.0,0,15,15,7,4,18,16,645,472,23,21,12,13,12,9,17,18,2,0,10,9,13,22,56,75
14.0,Wed,2021-12-01,19:30,West Ham,Brighton,1.3,1.3,1–1,59626.0,Chris Kavanagh,2021-2022,Declan Rice,Lewis Dunk,(4-2-3-1),(4-2-3-1),35%,65%,220 of 321 — 69%,84% — 492 of 586,5 of 14 — 36%,33% — 3 of 9,2 of 3 — 66%,80% — 4 of 5,1.0,0,1.0,0,10,8,9,5,25,18,434,709,13,19,14,5,11,16,19,26,1,0,8,7,23,18,58,49
14.0,Wed,2021-12-01,19:30,Watford,Chelsea,1.0,0.9,1–2,20388.0,David Coote,2021-2022,Moussa Sissoko,César Azpilicueta,(4-1-4-1),(3-4-3),51%,49%,306 of 469 — 65%,71% — 323 of 457,6 of 14 — 43%,50% — 4 of 8,2 of 4 — 50%,83% — 5 of 6,4.0,0,3.0,0,18,16,6,0,30,8,573,598,10,12,15,15,29,34,9,42,3,5,2,4,35,18,95,66
14.0,Wed,2021-12-01,19:30,Southampton,Leicester City,1.5,1.5,2–2,26951.0,Robert Jones,2021-2022,James Ward-Prowse,Kasper Schmeichel,(4-4-2),(4-2-3-1),45%,55%,264 of 395 — 67%,73% — 357 of 491,7 of 15 — 47%,40% — 6 of 15,4 of 6 — 66%,71% — 5 of 7,1.0,0,3.0,0,14,11,2,4,15,19,500,604,12,11,15,7,23,35,17,18,1,2,7,6,21,24,71,81
14.0,Wed,2021-12-01,19:30,Wolves,Burnley,0.7,0.2,0–0,30328.0,John Brooks,2021-2022,Conor Coady,Ben Mee,(3-4-3),(4-4-2),65%,35%,498 of 643 — 77%,62% — 215 of 346,2 of 16 — 13%,17% — 1 of 6,1 of 1 — 100%,100% — 2 of 2,2.0,0,3.0,0,5,7,5,5,27,20,755,468,14,19,10,9,26,26,17,39,1,3,5,10,25,14,89,82
14.0,Wed,2021-12-01,20:15,Aston Villa,Manchester City,0.8,1.0,1–2,41400.0,Mike Dean,2021-2022,Tyrone Mings,Fernandinho,(4-3-3),(4-2-3-1),36%,64%,293 of 370 — 79%,88% — 565 of 645,3 of 9 — 33%,41% — 7 of 17,5 of 7 — 71%,66% — 2 of 3,0.0,0,0.0,0,8,12,4,10,14,18,481,735,25,11,11,9,15,10,20,14,1,0,9,4,15,16,56,57
14.0,Wed,2021-12-01,20:15,Everton,Liverpool,0.7,2.4,1–4,39641.0,Paul Tierney,2021-2022,Séamus Coleman,Jordan Henderson,(4-4-2),(4-3-3),33%,67%,189 of 311 — 61%,80% — 510 of 640,2 of 8 — 25%,44% — 7 of 16,3 of 7 — 42%,50% — 1 of 2,4.0,0,3.0,0,8,16,3,11,12,21,424,747,9,15,16,9,15,22,16,13,3,1,9,6,23,14,75,67
14.0,Thu,2021-12-02,19:30,Tottenham,Brentford,1.9,0.3,2–0,54202.0,Jonathan Moss,2021-2022,Hugo Lloris,Pontus Jansson,(3-4-3),(3-5-2),47%,53%,380 of 507 — 75%,77% — 436 of 569,6 of 11 — 55%,33% — 2 of 6,2 of 2 — 100%,83% — 5 of 6,0.0,0,0.0,0,13,11,10,5,17,21,609,669,8,10,12,15,23,19,25,21,0,0,5,4,21,22,58,85
14.0,Thu,2021-12-02,20:15,Manchester Utd,Arsenal,1.9,1.4,3–2,73123.0,Martin Atkinson,2021-2022,Harry Maguire,Pierre-Emerick Aubameyang,(4-2-3-1),(4-4-1-1),44%,56%,369 of 461 — 80%,82% — 474 of 578,9 of 13 — 69%,41% — 7 of 17,5 of 7 — 71%,77% — 7 of 9,1.0,0,0.0,0,9,10,3,8,12,18,561,658,18,10,9,9,22,16,19,14,0,1,7,7,16,23,44,68
15.0,Sat,2021-12-04,12:30,West Ham,Chelsea,1.8,1.1,3–2,59942.0,Andre Marriner,2021-2022,Declan Rice,Jorginho,(3-4-3),(3-4-3),37%,63%,276 of 378 — 73%,83% — 534 of 643,3 of 10 — 30%,37% — 7 of 19,5 of 7 — 71%,33% — 1 of 3,1.0,0,3.0,0,10,10,1,9,13,33,479,727,13,6,5,6,17,14,31,11,3,1,5,8,20,16,51,59
15.0,Sat,2021-12-04,15:00,Newcastle Utd,Burnley,1.0,0.6,1–0,51948.0,Paul Tierney,2021-2022,Jamaal Lascelles,James Tarkowski,(4-4-2),(4-4-2),48%,52%,231 of 361 — 64%,70% — 277 of 396,4 of 19 — 21%,10% — 1 of 10,1 of 1 — 100%,75% — 3 of 4,1.0,0,1.0,0,11,9,10,3,20,16,465,509,13,15,2,10,27,31,24,21,0,1,13,6,19,22,95,96
15.0,Sat,2021-12-04,15:00,Southampton,Brighton,1.6,1.6,1–1,28706.0,Anthony Taylor,2021-2022,James Ward-Prowse,Shane Duffy,(4-4-2),(3-5-2),44%,56%,228 of 358 — 64%,70% — 321 of 461,4 of 14 — 29%,29% — 4 of 14,3 of 4 — 75%,75% — 3 of 4,4.0,0,2.0,0,15,12,6,2,18,12,488,574,12,21,7,6,19,17,17,24,0,0,6,10,20,37,58,97
15.0,Sat,2021-12-04,15:00,Wolves,Liverpool,0.1,2.7,0–1,30729.0,Chris Kavanagh,2021-2022,Conor Coady,Jordan Henderson,(3-4-3),(4-3-3),34%,66%,254 of 362 — 70%,83% — 579 of 700,1 of 3 — 33%,24% — 4 of 17,3 of 4 — 75%,100% — 1 of 1,2.0,0,2.0,0,4,7,2,8,7,28,482,794,21,15,10,9,4,11,29,7,7,1,8,2,23,23,74,57
15.0,Sat,2021-12-04,17:30,Watford,Manchester City,0.8,3.1,1–3,20673.0,Simon Hooper,2021-2022,Moussa Sissoko,İlkay Gündoğan,(4-1-4-1),(4-3-3),23%,77%,173 of 266 — 65%,90% — 784 of 869,4 of 11 — 36%,46% — 12 of 26,9 of 12 — 75%,75% — 3 of 4,3.0,0,0.0,0,11,7,5,11,14,21,372,978,15,15,11,13,11,12,19,7,0,1,10,6,11,11,70,73
15.0,Sun,2021-12-05,14:00,Tottenham,Norwich City,1.6,1.2,3–0,57088.0,Jarred Gillett,2021-2022,Hugo Lloris,Grant Hanley,(3-4-3),(5-3-2),41%,59%,414 of 493 — 84%,87% — 619 of 714,7 of 17 — 41%,10% — 1 of 10,1 of 1 — 100%,57% — 4 of 7,1.0,0,2.0,0,11,4,6,4,12,16,595,797,10,18,11,6,11,11,27,6,2,4,10,8,16,20,40,83
15.0,Sun,2021-12-05,14:00,Manchester Utd,Crystal Palace,0.9,0.5,1–0,73172.0,Craig Pawson,2021-2022,Harry Maguire,Wilfried Zaha,(4-2-2-2),(4-3-3),61%,39%,474 of 587 — 81%,71% — 264 of 370,3 of 16 — 19%,25% — 2 of 8,2 of 2 — 100%,66% — 2 of 3,2.0,0,2.0,0,16,9,9,6,20,13,703,488,24,23,8,8,17,21,14,22,3,0,4,10,30,20,74,63
15.0,Sun,2021-12-05,14:00,Leeds United,Brentford,1.2,1.0,2–2,35639.0,David Coote,2021-2022,Liam Cooper,Pontus Jansson,(3-4-3),(3-5-2),63%,37%,440 of 580 — 76%,65% — 223 of 341,6 of 13 — 46%,33% — 3 of 9,1 of 3 — 33%,66% — 4 of 6,5.0,0,3.0,0,11,9,5,1,34,13,676,460,18,18,16,15,18,19,19,27,7,0,5,5,21,18,83,65
15.0,Sun,2021-12-05,16:30,Aston Villa,Leicester City,2.1,1.1,2–1,41572.0,Michael Oliver,2021-2022,Tyrone Mings,Kasper Schmeichel,(4-3-3),(4-2-3-1),41%,59%,295 of 400 — 74%,80% — 458 of 573,4 of 13 — 31%,33% — 4 of 12,3 of 4 — 75%,50% — 2 of 4,1.0,0,1.0,0,8,25,3,6,16,18,516,669,21,16,10,12,15,21,22,9,1,0,9,5,19,29,65,69
15.0,Mon,2021-12-06,20:00,Everton,Arsenal,0.9,1.0,2–1,38906.0,Mike Dean,2021-2022,Séamus Coleman,Alexandre Lacazette,(4-4-1-1),(4-2-3-1),37%,63%,257 of 378 — 68%,81% — 515 of 632,5 of 11 — 45%,30% — 3 of 10,2 of 3 — 66%,60% — 3 of 5,2.0,0,2.0,0,8,12,3,3,13,15,480,731,13,19,11,10,15,14,13,14,5,1,7,7,28,20,64,69
16.0,Fri,2021-12-10,20:00,Brentford,Watford,1.6,0.5,2–1,16861.0,Michael Oliver,2021-2022,Pontus Jansson,Moussa Sissoko,(3-5-2),(4-2-3-1),63%,37%,385 of 540 — 71%,59% — 187 of 318,4 of 13 — 31%,33% — 2 of 6,1 of 2 — 50%,75% — 3 of 4,4.0,0,0.0,0,12,18,8,2,28,11,633,448,20,17,11,8,24,36,10,37,1,0,4,8,34,26,97,70
16.0,Sat,2021-12-11,12:30,Manchester City,Wolves,3.2,0.2,1–0,52613.0,Jonathan Moss,2021-2022,İlkay Gündoğan,Conor Coady,(4-3-3),(3-5-2),71%,29%,711 of 804 — 88%,76% — 254 of 335,8 of 23 — 35%,50% — 1 of 2,1 of 1 — 100%,100% — 8 of 8,3.0,0,5.5,0,12,5,14,1,33,4,895,460,11,14,12,17,10,10,1,32,1,0,1,12,19,14,52,55
16.0,Sat,2021-12-11,15:00,Liverpool,Aston Villa,2.2,0.2,1–0,53093.0,Stuart Attwell,2021-2022,Jordan Henderson,Tyrone Mings,(4-3-3),(4-3-3),62%,38%,486 of 607 — 80%,68% — 256 of 378,4 of 19 — 21%,0% — 0 of 4,0 of 0 — %,100% — 4 of 4,1.0,0,2.0,0,13,6,11,3,28,15,729,502,17,21,10,7,21,7,21,25,2,1,3,10,23,25,80,75
16.0,Sat,2021-12-11,15:00,Arsenal,Southampton,1.8,0.6,3–0,59653.0,Jarred Gillett,2021-2022,Alexandre Lacazette,James Ward-Prowse,(4-4-1-1),(4-4-2),61%,39%,426 of 550 — 77%,71% — 250 of 354,5 of 15 — 33%,55% — 6 of 11,6 of 6 — 100%,40% — 2 of 5,2.0,0,0.0,0,5,9,9,8,20,13,646,470,8,12,7,8,21,22,10,24,3,1,4,8,19,20,72,78
16.0,Sat,2021-12-11,15:00,Chelsea,Leeds United,2.5,1.4,3–2,39959.0,Chris Kavanagh,2021-2022,César Azpilicueta,Luke Ayling,(3-4-3),(4-3-1-2),57%,43%,389 of 470 — 83%,72% — 252 of 352,4 of 14 — 29%,36% — 4 of 11,3 of 4 — 75%,75% — 3 of 4,2.0,0,5.0,0,9,15,5,2,16,10,595,459,18,23,12,9,16,8,14,13,1,4,2,7,31,28,50,57
16.0,Sat,2021-12-11,17:30,Norwich City,Manchester Utd,1.2,2.0,0–1,27606.0,Darren England,2021-2022,Grant Hanley,Harry Maguire,(4-3-3),(4-2-2-2),48%,52%,377 of 495 — 76%,80% — 435 of 542,5 of 11 — 45%,33% — 4 of 12,4 of 4 — 100%,100% — 5 of 5,1.0,0,1.0,0,6,17,8,6,22,14,605,660,9,21,13,8,15,21,23,21,0,1,6,6,28,18,72,50
16.0,Sun,2021-12-12,14:00,Leicester City,Newcastle Utd,2.6,1.0,4–0,31959.0,Peter Bankes,2021-2022,Kasper Schmeichel,Jamaal Lascelles,(4-2-3-1),(4-4-2),47%,53%,335 of 431 — 78%,78% — 372 of 477,4 of 7 — 57%,25% — 3 of 12,3 of 3 — 100%,25% — 1 of 4,2.0,0,3.0,0,9,16,4,6,9,23,544,587,20,26,6,4,14,16,26,13,0,1,8,9,21,19,62,85
16.0,Sun,2021-12-12,14:00,Burnley,West Ham,0.8,0.8,0–0,18065.0,Graham Scott,2021-2022,Ben Mee,Declan Rice,(4-4-2),(4-2-3-1),40%,60%,216 of 349 — 62%,71% — 376 of 529,1 of 9 — 11%,19% — 3 of 16,3 of 3 — 100%,100% — 1 of 1,2.0,0,1.0,0,13,11,6,14,23,32,460,621,19,10,6,4,24,29,30,15,1,1,12,11,10,23,98,83
16.0,Sun,2021-12-12,16:30,Crystal Palace,Everton,1.8,1.0,3–1,24066.0,Andy Madley,2021-2022,Joel Ward,Séamus Coleman,(4-3-3),(4-1-4-1),61%,39%,446 of 543 — 82%,68% — 238 of 350,6 of 17 — 35%,50% — 6 of 12,5 of 6 — 83%,50% — 3 of 6,0.0,0,2.0,0,15,14,8,2,18,15,665,471,15,25,4,5,27,14,21,26,1,0,5,8,31,26,60,78
17.0,Tue,2021-12-14,19:45,Norwich City,Aston Villa,0.5,2.0,0–2,26836.0,David Coote,2021-2022,Ben Gibson,Tyrone Mings,(4-3-3),(4-3-3),50%,50%,403 of 499 — 81%,80% — 391 of 491,3 of 7 — 43%,35% — 6 of 17,4 of 6 — 66%,100% — 3 of 3,3.0,0,1.0,0,12,9,7,10,18,19,621,605,23,17,12,7,14,12,28,18,0,0,3,6,24,19,75,54
17.0,Tue,2021-12-14,20:00,Manchester City,Leeds United,3.1,0.3,7–0,52401.0,Paul Tierney,2021-2022,Rúben Dias,Luke Ayling,(4-2-3-1),(4-2-3-1),63%,37%,577 of 640 — 90%,80% — 296 of 368,15 of 31 — 48%,50% — 3 of 6,3 of 3 — 100%,53% — 8 of 15,1.0,0,1.0,0,5,9,6,2,17,6,755,455,12,15,9,7,8,3,12,15,1,0,4,12,8,16,31,51
17.0,Wed,2021-12-15,19:30,Crystal Palace,Southampton,1.2,0.6,2–2,22861.0,Simon Hooper,2021-2022,Joel Ward,James Ward-Prowse,(4-3-3),(4-4-2),59%,41%,369 of 505 — 73%,62% — 213 of 344,6 of 9 — 67%,27% — 4 of 15,2 of 4 — 50%,66% — 4 of 6,2.0,0,4.0,0,16,20,4,6,20,19,629,496,20,24,10,11,24,22,32,27,1,3,7,5,32,23,90,74
17.0,Wed,2021-12-15,19:30,Brighton,Wolves,1.2,1.0,0–1,30362.0,Tony Harrington,2021-2022,Dan Burn,Conor Coady,(4-3-3),(3-4-3),59%,41%,472 of 580 — 81%,76% — 301 of 397,2 of 12 — 17%,63% — 5 of 8,4 of 5 — 80%,100% — 2 of 2,2.0,0,0.0,0,11,15,7,4,25,13,685,509,16,17,10,10,9,11,10,26,1,1,3,9,23,15,44,68
17.0,Wed,2021-12-15,20:00,Arsenal,West Ham,2.8,0.4,2–0,59777.0,Anthony Taylor,2021-2022,Alexandre Lacazette,Declan Rice,(4-4-1-1),(4-2-3-1),55%,45%,441 of 537 — 82%,79% — 341 of 434,7 of 20 — 35%,14% — 1 of 7,1 of 1 — 100%,71% — 5 of 7,2.0,0,3.5,0,9,9,5,2,16,17,644,547,22,18,5,11,18,20,21,22,0,0,7,6,17,28,56,74
17.0,Thu,2021-12-16,19:45,Chelsea,Everton,2.9,0.6,1–1,13933.0,Michael Oliver,2021-2022,César Azpilicueta,Michael Keane,(3-4-3),(5-4-1),80%,20%,746 of 839 — 89%,54% — 116 of 214,10 of 23 — 43%,60% — 3 of 5,2 of 3 — 66%,90% — 9 of 10,2.0,0,3.0,0,11,11,7,1,22,5,938,323,11,19,2,9,18,14,6,23,0,2,2,13,31,11,49,69
17.0,Thu,2021-12-16,20:00,Liverpool,Newcastle Utd,2.7,0.3,3–1,52951.0,Mike Dean,2021-2022,Jordan Henderson,Jamaal Lascelles,(4-3-3),(4-5-1),74%,26%,659 of 790 — 83%,61% — 167 of 276,8 of 23 — 35%,60% — 3 of 5,2 of 3 — 66%,62% — 5 of 8,1.0,0,3.0,0,9,4,11,0,23,6,869,398,12,24,9,22,16,9,4,28,2,1,4,14,23,9,71,74
18.0,Sat,2021-12-18,17:30,Leeds United,Arsenal,1.6,3.5,1–4,36166.0,Andre Marriner,2021-2022,Luke Ayling,Alexandre Lacazette,(4-2-3-1),(4-2-3-1),51%,49%,344 of 447 — 77%,78% — 327 of 421,1 of 8 — 13%,57% — 12 of 21,8 of 12 — 66%,100% — 1 of 1,3.0,0,1.0,0,11,7,1,4,9,7,557,522,14,13,9,11,6,11,16,9,0,1,5,8,27,15,55,55
18.0,Sun,2021-12-19,14:00,Wolves,Chelsea,0.2,0.9,0–0,30631.0,David Coote,2021-2022,Conor Coady,César Azpilicueta,(3-5-2),(3-4-3),37%,63%,361 of 471 — 77%,85% — 676 of 798,1 of 4 — 25%,13% — 1 of 8,1 of 1 — 100%,100% — 1 of 1,0.0,0,2.0,0,9,7,4,9,14,30,586,898,17,16,13,16,11,13,30,20,2,4,7,1,17,22,57,59
18.0,Sun,2021-12-19,14:15,Newcastle Utd,Manchester City,0.3,2.9,0–4,52127.0,Martin Atkinson,2021-2022,Jamaal Lascelles,Rúben Dias,(4-5-1),(4-2-3-1),29%,71%,234 of 302 — 77%,90% — 670 of 742,1 of 5 — 20%,39% — 7 of 18,3 of 7 — 42%,100% — 1 of 1,1.0,0,2.0,0,9,6,3,6,12,12,390,831,13,21,11,5,12,8,16,9,4,2,8,7,14,15,54,58
18.0,Sun,2021-12-19,16:30,Tottenham,Liverpool,3.0,1.1,2–2,45421.0,Paul Tierney,2021-2022,Hugo Lloris,James Milner,(5-3-2),(4-3-3),44%,56%,340 of 451 — 75%,79% — 456 of 576,5 of 10 — 50%,33% — 6 of 18,4 of 6 — 66%,60% — 3 of 5,4.0,0,4.0,1,12,11,6,4,13,27,578,701,15,25,8,11,15,11,27,15,3,1,10,4,18,21,67,77
19.0,Sun,2021-12-26,15:00,Tottenham,Crystal Palace,2.3,0.2,3–0,40539.0,Jonathan Moss,2021-2022,Hugo Lloris,Joel Ward,(3-4-3),(4-3-3),60%,40%,577 of 640 — 90%,81% — 354 of 435,6 of 17 — 35%,0% — 0 of 4,0 of 0 — %,50% — 3 of 6,1.0,0,4.5,0,16,9,4,2,22,12,743,528,23,18,12,12,15,9,8,6,1,0,5,14,14,13,52,67
19.0,Sun,2021-12-26,15:00,Norwich City,Arsenal,0.1,2.5,0–5,26940.0,Graham Scott,2021-2022,Ben Gibson,Alexandre Lacazette,(4-2-3-1),(4-2-3-1),36%,64%,249 of 352 — 71%,83% — 516 of 621,2 of 4 — 50%,33% — 5 of 15,1 of 5 — 20%,100% — 2 of 2,1.0,0,2.0,0,13,7,3,4,9,9,445,712,17,13,13,8,10,22,12,10,3,2,7,3,23,20,62,54
19.0,Sun,2021-12-26,15:00,West Ham,Southampton,1.6,1.2,2–3,41027.0,Kevin Friend,2021-2022,Declan Rice,James Ward-Prowse,(4-2-3-1),(4-1-4-1),56%,44%,385 of 511 — 75%,76% — 309 of 407,4 of 11 — 36%,50% — 5 of 10,3 of 5 — 60%,50% — 2 of 4,3.0,0,3.0,0,10,9,10,2,36,8,603,537,13,19,9,13,19,21,11,36,2,1,2,17,20,18,79,65
19.0,Sun,2021-12-26,15:00,Manchester City,Leicester City,3.6,2.7,6–3,53226.0,Chris Kavanagh,2021-2022,Fernandinho,Kasper Schmeichel,(4-3-3),(4-4-1-1),72%,28%,722 of 785 — 92%,85% — 259 of 305,6 of 15 — 40%,57% — 8 of 14,5 of 8 — 62%,33% — 2 of 6,1.0,0,2.0,0,11,9,14,4,24,10,854,410,7,15,3,9,2,3,10,25,2,1,3,5,18,3,42,39
19.0,Sun,2021-12-26,17:30,Aston Villa,Chelsea,0.4,2.6,1–3,41907.0,Martin Atkinson,2021-2022,Tyrone Mings,Jorginho,(4-3-1-2),(3-4-3),42%,58%,400 of 482 — 83%,86% — 570 of 661,1 of 8 — 13%,25% — 2 of 8,1 of 2 — 50%,100% — 1 of 1,3.0,0,1.0,0,8,11,2,5,12,21,592,766,17,17,12,16,7,8,23,19,2,2,7,2,18,23,36,76
19.0,Sun,2021-12-26,20:00,Brighton,Brentford,0.8,0.7,2–0,30141.0,Darren England,2021-2022,Adam Lallana,Pontus Jansson,(4-1-2-1-2),(3-5-2),50%,50%,396 of 506 — 78%,74% — 374 of 503,5 of 15 — 33%,31% — 5 of 16,5 of 5 — 100%,60% — 3 of 5,1.0,0,3.0,0,8,10,6,9,16,24,647,617,13,16,11,12,20,14,25,21,2,3,4,10,15,19,65,69
19.0,Mon,2021-12-27,20:00,Newcastle Utd,Manchester Utd,1.3,1.6,1–1,52178.0,Craig Pawson,2021-2022,Jamaal Lascelles,Harry Maguire,(4-5-1),(4-2-2-2),32%,68%,192 of 301 — 64%,79% — 495 of 627,8 of 13 — 62%,23% — 3 of 13,2 of 3 — 66%,87% — 7 of 8,3.0,0,3.0,0,11,8,2,3,9,23,440,731,18,17,17,10,9,16,22,19,2,3,12,7,28,32,70,82
20.0,Tue,2021-12-28,15:00,Crystal Palace,Norwich City,1.9,0.9,3–0,24433.0,Paul Tierney,2021-2022,Joel Ward,Ben Gibson,(4-3-3),(4-2-3-1),51%,49%,338 of 445 — 76%,77% — 327 of 423,5 of 18 — 28%,17% — 2 of 12,2 of 2 — 100%,60% — 3 of 5,1.0,0,2.0,0,9,13,8,8,21,19,560,548,26,16,6,5,20,14,17,24,1,3,3,5,30,21,81,72
20.0,Tue,2021-12-28,15:00,Southampton,Tottenham,0.4,2.3,1–1,31304.0,Anthony Taylor,2021-2022,James Ward-Prowse,Hugo Lloris,(5-3-2),(3-4-3),35%,65%,212 of 322 — 66%,82% — 489 of 596,2 of 9 — 22%,50% — 10 of 20,10 of 10 — 100%,50% — 1 of 2,5.5,0,2.0,0,15,5,3,7,11,31,433,702,15,9,10,5,21,20,28,15,3,3,6,2,17,23,74,56
20.0,Tue,2021-12-28,15:00,Watford,West Ham,1.6,3.6,1–4,20073.0,Darren England,2021-2022,Moussa Sissoko,Mark Noble,(4-1-4-1),(4-2-3-1),43%,57%,234 of 361 — 65%,72% — 341 of 472,5 of 14 — 36%,42% — 5 of 12,2 of 5 — 40%,80% — 4 of 5,0.0,0,1.0,0,12,12,4,5,19,21,501,578,16,15,13,16,25,19,20,17,0,1,5,12,25,26,75,87
20.0,Tue,2021-12-28,20:00,Leicester City,Liverpool,0.4,2.3,1–0,32230.0,Michael Oliver,2021-2022,Kasper Schmeichel,Jordan Henderson,(4-3-1-2),(4-3-3),37%,63%,277 of 384 — 72%,78% — 517 of 661,1 of 6 — 17%,15% — 3 of 20,3 of 3 — 100%,0% — 0 of 1,0.0,0,1.0,0,8,11,1,12,4,42,537,757,17,15,31,15,20,17,39,6,3,1,14,2,15,26,69,78
20.0,Wed,2021-12-29,19:30,Chelsea,Brighton,0.7,0.9,1–1,40080.0,Mike Dean,2021-2022,César Azpilicueta,Adam Lallana,(3-4-3),(3-4-3),47%,53%,369 of 475 — 78%,78% — 409 of 527,5 of 11 — 45%,33% — 6 of 18,5 of 6 — 83%,80% — 4 of 5,4.0,0,1.0,0,14,7,10,8,20,23,602,662,23,23,10,9,20,14,25,19,1,0,10,4,17,25,66,62
20.0,Wed,2021-12-29,20:15,Brentford,Manchester City,0.4,1.1,0–1,17009.0,David Coote,2021-2022,Pontus Jansson,Fernandinho,(3-5-2),(4-3-3),24%,76%,144 of 240 — 60%,86% — 664 of 769,2 of 6 — 33%,25% — 3 of 12,2 of 3 — 66%,100% — 2 of 2,0.0,0,0.0,0,12,10,3,5,10,21,336,843,17,11,16,8,15,18,19,11,0,3,11,5,10,26,69,57
20.0,Thu,2021-12-30,20:15,Manchester Utd,Burnley,2.4,1.1,3–1,73121.0,Jonathan Moss,2021-2022,Harry Maguire,Ben Mee,(4-2-2-2),(4-4-2),57%,43%,404 of 535 — 76%,74% — 295 of 398,6 of 18 — 33%,30% — 3 of 10,2 of 3 — 66%,66% — 4 of 6,0.0,0,0.0,0,5,10,7,5,26,23,623,518,8,14,5,8,21,25,18,24,2,4,8,8,20,12,78,82
21.0,Sat,2022-01-01,12:30,Arsenal,Manchester City,0.8,2.0,1–2,59757.0,Stuart Attwell,2021-2022,Alexandre Lacazette,Rúben Dias,(4-2-3-1),(4-2-3-1),29%,71%,188 of 277 — 68%,88% — 591 of 673,2 of 7 — 29%,7% — 1 of 14,0 of 1 — 0%,50% — 1 of 2,6.5,0,2.0,0,13,5,5,5,15,9,370,779,16,14,10,2,5,16,15,23,1,2,9,6,10,12,70,55
21.0,Sat,2022-01-01,15:00,Watford,Tottenham,0.3,2.2,0–1,20391.0,Robert Jones,2021-2022,Moussa Sissoko,Hugo Lloris,(4-4-2),(3-4-3),26%,74%,181 of 276 — 66%,85% — 666 of 786,4 of 6 — 67%,43% — 9 of 21,8 of 9 — 88%,100% — 4 of 4,0.0,0,1.0,0,6,9,3,7,9,43,407,883,16,16,8,3,24,22,44,10,1,3,9,5,10,20,77,70
21.0,Sat,2022-01-01,17:30,Crystal Palace,West Ham,2.4,2.2,2–3,24351.0,Darren England,2021-2022,Luka Milivojević,Declan Rice,(4-3-3),(4-2-3-1),62%,38%,533 of 634 — 84%,72% — 278 of 384,6 of 22 — 27%,44% — 4 of 9,2 of 4 — 50%,66% — 4 of 6,0.0,0,2.0,0,6,16,9,1,38,15,757,515,15,31,6,11,19,13,16,39,0,2,8,10,31,23,73,72
21.0,Sun,2022-01-02,14:00,Brentford,Aston Villa,0.6,0.8,2–1,16876.0,Craig Pawson,2021-2022,Pontus Jansson,John McGinn,(3-5-2),(4-3-3),45%,55%,320 of 437 — 73%,81% — 427 of 529,4 of 10 — 40%,31% — 5 of 16,4 of 5 — 80%,50% — 2 of 4,2.0,0,2.0,0,17,11,3,7,13,10,546,636,20,11,8,6,10,15,19,12,0,4,8,10,19,23,61,55
21.0,Sun,2022-01-02,14:00,Everton,Brighton,1.6,1.7,2–3,38203.0,John Brooks,2021-2022,Séamus Coleman,Adam Lallana,(5-4-1),(4-4-2),50%,50%,325 of 463 — 70%,72% — 327 of 456,6 of 16 — 38%,42% — 5 of 12,2 of 5 — 40%,66% — 4 of 6,1.0,0,1.0,0,5,12,8,5,29,10,575,594,17,25,9,6,24,19,11,33,1,1,5,13,29,20,84,78
21.0,Sun,2022-01-02,14:00,Leeds United,Burnley,1.9,1.0,3–1,36083.0,Paul Tierney,2021-2022,Luke Ayling,Ben Mee,(3-4-3),(4-4-2),55%,45%,290 of 415 — 70%,61% — 211 of 345,7 of 22 — 32%,25% — 2 of 8,1 of 2 — 50%,57% — 4 of 7,2.0,0,1.0,0,11,7,9,3,23,15,543,453,18,14,10,8,23,33,21,18,5,1,9,13,21,29,84,86
21.0,Sun,2022-01-02,16:30,Chelsea,Liverpool,1.2,1.3,2–2,40072.0,Anthony Taylor,2021-2022,César Azpilicueta,Jordan Henderson,(3-4-3),(4-3-3),54%,46%,493 of 619 — 80%,75% — 391 of 518,6 of 15 — 40%,60% — 6 of 10,4 of 6 — 66%,66% — 4 of 6,1.0,0,2.0,0,5,13,6,7,24,14,739,624,19,12,17,10,10,17,16,24,3,3,3,8,14,28,89,78
21.0,Mon,2022-01-03,17:30,Manchester Utd,Wolves,0.8,0.7,0–1,73045.0,Mike Dean,2021-2022,Cristiano Ronaldo,Conor Coady,(4-2-2-2),(3-4-3),51%,49%,422 of 539 — 78%,79% — 404 of 509,2 of 9 — 22%,32% — 6 of 19,5 of 6 — 83%,100% — 2 of 2,3.0,0,1.0,0,9,8,3,8,21,21,646,624,17,13,12,9,13,12,15,18,2,3,13,4,23,19,62,69
18.0,Tue,2022-01-11,19:45,Southampton,Brentford,1.4,0.5,4–1,27383.0,Stuart Attwell,2021-2022,James Ward-Prowse,Pontus Jansson,(3-5-2),(3-5-2),48%,52%,316 of 443 — 71%,73% — 345 of 475,6 of 12 — 50%,80% — 4 of 5,3 of 4 — 75%,50% — 3 of 6,0.0,0,1.0,0,9,8,5,2,19,13,559,586,16,15,16,7,17,20,20,16,0,1,8,6,16,27,71,68
18.0,Wed,2022-01-12,19:45,West Ham,Norwich City,2.5,0.3,2–0,59775.0,Simon Hooper,2021-2022,Declan Rice,Grant Hanley,(4-2-3-1),(4-2-3-1),62%,38%,494 of 605 — 82%,71% — 266 of 373,5 of 13 — 38%,43% — 3 of 7,3 of 3 — 100%,60% — 3 of 5,0.0,0,0.0,0,9,8,11,2,22,16,693,467,8,15,7,12,16,12,14,16,4,3,5,8,26,12,70,63
22.0,Fri,2022-01-14,20:00,Brighton,Crystal Palace,2.0,0.2,1–1,30675.0,Robert Jones,2021-2022,Adam Lallana,Joel Ward,(4-1-2-1-2),(4-3-3),63%,37%,500 of 628 — 80%,72% — 268 of 374,3 of 18 — 17%,33% — 1 of 3,0 of 1 — 0%,100% — 3 of 3,0.0,0,2.0,0,11,7,9,0,33,7,735,502,21,17,9,6,19,10,10,25,1,2,5,11,24,23,77,56
22.0,Sat,2022-01-15,12:30,Manchester City,Chelsea,1.0,0.3,1–0,53319.0,Craig Pawson,2021-2022,Kevin De Bruyne,César Azpilicueta,(4-2-3-1),(3-4-3),56%,44%,527 of 625 — 84%,83% — 410 of 495,6 of 11 — 55%,25% — 1 of 4,1 of 1 — 100%,83% — 5 of 6,0.0,0,2.0,0,11,6,9,1,17,11,705,604,8,22,3,11,16,6,10,23,3,4,2,8,20,12,66,53
22.0,Sat,2022-01-15,15:00,Norwich City,Everton,1.0,0.6,2–1,26629.0,Andy Madley,2021-2022,Grant Hanley,Séamus Coleman,(4-4-2),(4-4-2),41%,59%,231 of 344 — 67%,76% — 372 of 487,3 of 14 — 21%,42% — 5 of 12,4 of 5 — 80%,66% — 2 of 3,3.0,0,1.0,0,12,14,8,8,25,29,463,604,18,18,9,8,21,10,29,26,3,1,5,2,25,20,71,67
22.0,Sat,2022-01-15,15:00,Newcastle Utd,Watford,1.2,1.4,1–1,52223.0,Paul Tierney,2021-2022,Jamaal Lascelles,Moussa Sissoko,(4-3-3),(4-3-3),52%,48%,341 of 463 — 74%,77% — 324 of 420,1 of 12 — 8%,28% — 5 of 18,4 of 5 — 80%,0% — 0 of 1,3.0,0,2.0,0,13,13,4,6,21,15,570,555,27,19,10,17,31,26,10,27,1,1,6,9,29,20,79,75
22.0,Sat,2022-01-15,15:00,Wolves,Southampton,2.5,0.8,3–1,30057.0,Michael Salisbury,2021-2022,Conor Coady,James Ward-Prowse,(3-4-3),(3-5-2),43%,57%,267 of 370 — 72%,76% — 377 of 497,4 of 8 — 50%,77% — 10 of 13,9 of 10 — 90%,50% — 2 of 4,2.0,0,3.0,0,13,14,2,10,11,28,495,587,23,10,15,9,13,19,30,8,2,1,5,3,20,29,68,51
22.0,Sat,2022-01-15,17:30,Aston Villa,Manchester Utd,1.9,1.0,2–2,41968.0,David Coote,2021-2022,Tyrone Mings,Bruno Fernandes,(4-3-3),(4-3-3),54%,46%,476 of 577 — 82%,81% — 399 of 492,9 of 13 — 69%,46% — 6 of 13,4 of 6 — 66%,77% — 7 of 9,1.0,0,2.0,0,8,13,3,6,18,13,676,611,17,23,12,15,14,12,16,19,1,1,5,7,14,23,45,59
22.0,Sun,2022-01-16,14:00,West Ham,Leeds United,2.4,2.2,2–3,59951.0,Mike Dean,2021-2022,Declan Rice,Luke Ayling,(4-2-3-1),(4-1-4-1),48%,52%,311 of 449 — 69%,73% — 355 of 486,5 of 15 — 33%,28% — 5 of 18,2 of 5 — 40%,60% — 3 of 5,3.0,0,2.0,0,6,9,4,3,26,16,558,625,22,24,11,10,23,17,12,24,1,1,9,11,31,24,68,78
22.0,Sun,2022-01-16,14:00,Liverpool,Brentford,2.7,0.7,3–0,52824.0,Jonathan Moss,2021-2022,Jordan Henderson,Pontus Jansson,(4-3-3),(3-5-2),68%,32%,619 of 775 — 80%,62% — 227 of 366,13 of 27 — 48%,17% — 1 of 6,1 of 1 — 100%,76% — 10 of 13,0.0,0,1.0,0,6,6,9,0,32,4,875,497,9,21,9,15,24,19,5,36,2,7,4,9,26,12,90,79
24.0,Tue,2022-01-18,20:00,Brighton,Chelsea,0.7,0.7,1–1,30880.0,Kevin Friend,2021-2022,Adam Webster,César Azpilicueta,(4-1-4-1),(4-2-2-2),44%,56%,388 of 490 — 79%,84% — 528 of 628,2 of 10 — 20%,20% — 3 of 15,2 of 3 — 66%,50% — 1 of 2,1.0,0,2.0,0,8,5,5,7,21,24,602,741,16,14,17,10,8,15,20,25,1,0,7,5,25,19,62,50
17.0,Wed,2022-01-19,19:30,Leicester City,Tottenham,1.2,3.1,2–3,31986.0,Jonathan Moss,2021-2022,Kasper Schmeichel,Hugo Lloris,(3-5-2),(3-5-2),49%,51%,506 of 593 — 85%,87% — 541 of 625,4 of 14 — 29%,30% — 8 of 27,5 of 8 — 62%,50% — 2 of 4,1.0,0,2.0,0,6,12,3,8,10,18,703,745,17,20,11,14,9,14,18,14,1,0,11,5,9,14,51,43
17.0,Wed,2022-01-19,20:00,Brentford,Manchester Utd,2.3,2.3,1–3,17094.0,Andre Marriner,2021-2022,Pontus Jansson,Bruno Fernandes,(3-5-2),(4-2-3-1),44%,56%,308 of 446 — 69%,76% — 427 of 559,9 of 18 — 50%,38% — 5 of 13,2 of 5 — 40%,88% — 8 of 9,0.0,0,0.0,0,7,9,6,9,19,27,573,684,17,19,7,12,17,31,30,34,3,0,8,4,16,8,79,66
23.0,Fri,2022-01-21,20:00,Watford,Norwich City,1.2,1.1,0–3,20782.0,Mike Dean,2021-2022,Moussa Sissoko,Grant Hanley,(4-3-3),(4-4-2),67%,33%,485 of 606 — 80%,60% — 178 of 299,3 of 15 — 20%,29% — 2 of 7,0 of 2 — 0%,100% — 3 of 3,3.5,0,1.0,0,16,11,5,1,22,5,691,400,14,16,9,9,20,16,5,17,1,1,5,8,17,28,81,68
23.0,Sat,2022-01-22,12:30,Everton,Aston Villa,1.6,0.8,0–1,38203.0,Craig Pawson,2021-2022,Yerry Mina,Tyrone Mings,(4-4-2),(4-3-3),50%,50%,269 of 403 — 67%,70% — 280 of 399,0 of 15 — 0%,38% — 3 of 8,2 of 3 — 66%,% — 0 of 0,5.0,0,4.0,0,14,16,9,2,25,7,518,531,24,26,7,10,29,30,7,20,3,1,7,11,35,27,89,69
23.0,Sat,2022-01-22,15:00,Brentford,Wolves,1.1,0.2,1–2,16982.0,Peter Bankes,2021-2022,Pontus Jansson,Conor Coady,(3-5-2),(3-5-2),50%,50%,365 of 509 — 72%,75% — 383 of 513,1 of 11 — 9%,29% — 2 of 7,0 of 2 — 0%,0% — 0 of 1,2.0,0,3.0,0,6,7,6,3,22,7,600,640,16,22,10,9,25,14,14,36,0,4,5,6,29,20,75,73
23.0,Sat,2022-01-22,15:00,Manchester Utd,West Ham,1.9,0.3,1–0,73130.0,Jonathan Moss,2021-2022,Harry Maguire,Declan Rice,(4-2-3-1),(4-2-3-1),57%,43%,479 of 597 — 80%,73% — 328 of 452,3 of 18 — 17%,17% — 1 of 6,1 of 1 — 100%,66% — 2 of 3,1.0,0,1.0,0,9,8,3,3,17,15,699,550,17,9,4,16,20,15,17,13,4,1,7,14,25,20,67,67
23.0,Sat,2022-01-22,15:00,Leeds United,Newcastle Utd,0.7,0.9,0–1,36405.0,Chris Kavanagh,2021-2022,Luke Ayling,Jamaal Lascelles,(4-2-3-1),(4-3-3),62%,38%,409 of 528 — 77%,67% — 212 of 318,4 of 13 — 31%,20% — 3 of 15,2 of 3 — 66%,100% — 4 of 4,4.0,0,2.0,0,9,9,6,7,22,14,641,459,21,18,7,16,14,30,20,28,0,0,5,9,24,22,67,80
23.0,Sat,2022-01-22,17:30,Southampton,Manchester City,0.8,1.8,1–1,31178.0,Simon Hooper,2021-2022,James Ward-Prowse,Rúben Dias,(4-4-2),(4-3-3),26%,74%,207 of 301 — 69%,86% — 725 of 839,3 of 7 — 43%,25% — 5 of 20,4 of 5 — 80%,66% — 2 of 3,3.0,0,0.0,0,13,5,2,11,5,45,442,937,20,21,12,8,11,13,42,5,2,0,12,2,12,15,51,57
23.0,Sun,2022-01-23,14:00,Crystal Palace,Liverpool,2.2,1.9,1–3,25002.0,Kevin Friend,2021-2022,Joel Ward,Jordan Henderson,(4-3-3),(4-3-3),43%,57%,358 of 478 — 75%,79% — 494 of 628,5 of 8 — 63%,46% — 6 of 13,4 of 6 — 66%,80% — 4 of 5,4.0,0,1.0,0,12,10,2,5,12,19,580,718,13,7,10,9,20,16,25,11,5,2,7,5,14,27,66,90
23.0,Sun,2022-01-23,14:00,Arsenal,Burnley,1.2,0.4,0–0,59255.0,David Coote,2021-2022,Alexandre Lacazette,Ben Mee,(4-1-4-1),(4-4-2),75%,25%,591 of 701 — 84%,63% — 146 of 233,5 of 20 — 25%,10% — 1 of 10,1 of 1 — 100%,100% — 5 of 5,0.0,0,2.0,0,9,13,12,4,34,6,785,353,7,18,4,7,17,25,17,41,0,2,8,10,20,11,87,65
23.0,Sun,2022-01-23,14:00,Leicester City,Brighton,1.4,1.1,1–1,31231.0,Martin Atkinson,2021-2022,Kasper Schmeichel,Adam Webster,(4-2-3-1),(4-1-2-1-2),44%,56%,382 of 493 — 77%,79% — 503 of 635,5 of 15 — 33%,29% — 4 of 14,3 of 4 — 75%,80% — 4 of 5,0.0,0,1.0,0,6,8,4,5,10,26,645,754,18,22,9,7,9,9,34,13,3,3,5,2,14,21,63,70
23.0,Sun,2022-01-23,16:30,Chelsea,Tottenham,1.2,0.5,2–0,40020.0,Paul Tierney,2021-2022,César Azpilicueta,Hugo Lloris,(4-3-3),(4-4-2),64%,36%,557 of 658 — 85%,77% — 288 of 372,7 of 15 — 47%,50% — 3 of 6,3 of 3 — 100%,71% — 5 of 7,2.0,0,1.0,0,17,14,10,3,26,5,737,481,15,14,10,12,13,8,12,26,0,1,4,9,18,21,54,45
17.0,Sat,2022-02-05,18:00,Burnley,Watford,0.6,0.8,0–0,19527.0,Craig Pawson,2021-2022,Ben Mee,Moussa Sissoko,(4-4-2),(4-4-2),53%,47%,299 of 455 — 66%,67% — 269 of 403,2 of 13 — 15%,45% — 5 of 11,5 of 5 — 100%,100% — 2 of 2,1.0,0,2.0,0,16,9,4,7,14,22,559,547,14,16,6,19,24,22,23,28,3,0,6,7,43,20,107,92
24.0,Tue,2022-02-08,19:45,West Ham,Watford,0.8,0.3,1–0,59581.0,Martin Atkinson,2021-2022,Declan Rice,Moussa Sissoko,(4-2-3-1),(4-4-2),64%,36%,531 of 673 — 79%,68% — 252 of 373,2 of 9 — 22%,17% — 1 of 6,1 of 1 — 100%,50% — 1 of 2,1.0,0,0.0,0,1,6,5,6,20,16,768,502,16,17,13,12,42,25,15,30,3,1,9,10,39,21,109,63
24.0,Tue,2022-02-08,19:45,Newcastle Utd,Everton,1.9,0.7,3–1,52186.0,Anthony Taylor,2021-2022,Jamaal Lascelles,Séamus Coleman,(4-3-3),(3-4-3),40%,60%,219 of 335 — 65%,76% — 377 of 495,9 of 20 — 45%,18% — 2 of 11,2 of 2 — 100%,77% — 7 of 9,2.0,0,3.0,0,13,13,6,2,14,13,460,615,21,19,17,4,30,23,12,14,1,1,11,4,26,19,75,57
24.0,Tue,2022-02-08,20:00,Burnley,Manchester Utd,0.4,1.8,1–1,21233.0,Mike Dean,2021-2022,Ben Mee,Harry Maguire,(4-4-2),(4-2-3-1),37%,63%,220 of 330 — 67%,79% — 453 of 574,3 of 9 — 33%,23% — 5 of 22,4 of 5 — 80%,66% — 2 of 3,2.0,0,1.0,0,11,10,2,10,14,23,468,690,25,15,7,1,11,22,28,16,2,1,9,6,23,28,68,71
24.0,Wed,2022-02-09,19:45,Norwich City,Crystal Palace,0.4,1.3,1–1,26652.0,Paul Tierney,2021-2022,Grant Hanley,Joel Ward,(4-4-2),(4-3-3),30%,70%,184 of 302 — 61%,83% — 594 of 717,1 of 5 — 20%,42% — 5 of 12,4 of 5 — 80%,0% — 0 of 1,1.0,0,2.0,0,11,16,4,6,11,25,413,817,15,15,11,10,11,21,28,9,1,2,8,5,25,15,73,63
24.0,Wed,2022-02-09,19:45,Manchester City,Brentford,1.9,0.4,2–0,51658.0,Darren England,2021-2022,Rúben Dias,Pontus Jansson,(4-3-3),(3-5-2),74%,26%,654 of 761 — 86%,58% — 151 of 262,6 of 14 — 43%,33% — 2 of 6,2 of 2 — 100%,83% — 5 of 6,0.0,0,0.0,0,7,13,9,3,24,8,848,367,7,13,8,11,19,8,7,31,2,10,2,8,23,14,75,67
24.0,Wed,2022-02-09,19:45,Tottenham,Southampton,1.4,2.2,2–3,54012.0,David Coote,2021-2022,Hugo Lloris,James Ward-Prowse,(3-4-3),(4-4-2),48%,52%,376 of 481 — 78%,79% — 410 of 518,3 of 8 — 38%,39% — 9 of 23,6 of 9 — 66%,66% — 2 of 3,2.0,0,3.0,0,7,13,2,8,19,20,598,627,18,14,13,10,30,17,27,20,3,1,7,4,24,19,64,65
24.0,Wed,2022-02-09,20:00,Aston Villa,Leeds United,1.6,1.8,3–3,41927.0,Jarred Gillett,2021-2022,Tyrone Mings,Luke Ayling,(4-3-3),(4-2-3-1),40%,60%,251 of 341 — 74%,80% — 410 of 513,4 of 12 — 33%,44% — 7 of 16,4 of 7 — 57%,25% — 1 of 4,4.5,0,3.0,0,11,9,6,11,15,26,452,613,22,3,9,10,15,6,26,13,1,2,8,7,20,21,46,54
24.0,Thu,2022-02-10,19:45,Wolves,Arsenal,0.8,1.8,0–1,31523.0,Michael Oliver,2021-2022,Conor Coady,Alexandre Lacazette,(3-4-3),(4-2-3-1),58%,42%,435 of 556 — 78%,75% — 296 of 395,4 of 15 — 27%,17% — 2 of 12,1 of 2 — 50%,100% — 4 of 4,2.0,0,6.5,0,12,13,7,4,42,13,664,519,12,17,17,7,17,14,17,35,1,2,3,10,29,17,72,64
24.0,Thu,2022-02-10,19:45,Liverpool,Leicester City,1.8,0.5,2–0,53050.0,Chris Kavanagh,2021-2022,Virgil van Dijk,Kasper Schmeichel,(4-3-3),(4-2-3-1),64%,36%,591 of 719 — 82%,69% — 282 of 406,11 of 22 — 50%,20% — 1 of 5,1 of 1 — 100%,81% — 9 of 11,1.0,0,0.0,0,11,7,7,6,28,9,856,556,18,23,19,12,24,10,15,36,3,4,3,9,19,27,67,65
25.0,Sat,2022-02-12,12:30,Manchester Utd,Southampton,2.1,0.8,1–1,73084.0,Stuart Attwell,2021-2022,Harry Maguire,James Ward-Prowse,(4-2-3-1),(4-4-2),53%,47%,407 of 512 — 79%,78% — 361 of 460,7 of 12 — 58%,31% — 4 of 13,3 of 4 — 75%,85% — 6 of 7,4.0,0,0.0,0,12,13,1,4,13,7,612,572,14,17,6,19,18,12,13,15,7,1,9,7,21,18,73,58
25.0,Sat,2022-02-12,15:00,Everton,Leeds United,2.7,0.3,3–0,39150.0,Graham Scott,2021-2022,Séamus Coleman,Luke Ayling,(4-4-2),(3-3-3-1),42%,58%,286 of 384 — 74%,80% — 421 of 528,10 of 21 — 48%,0% — 0 of 7,0 of 0 — %,70% — 7 of 10,1.0,0,1.0,0,8,9,5,3,7,12,534,678,22,29,13,13,17,14,15,19,1,0,13,7,30,34,65,51
25.0,Sat,2022-02-12,15:00,Brentford,Crystal Palace,1.6,0.3,0–0,16958.0,Simon Hooper,2021-2022,Pontus Jansson,Joel Ward,(3-5-2),(4-3-3),42%,58%,286 of 417 — 69%,75% — 424 of 565,2 of 9 — 22%,50% — 3 of 6,3 of 3 — 100%,100% — 2 of 2,1.0,0,0.0,0,10,10,3,9,13,26,550,677,31,17,11,6,24,16,29,19,0,0,4,5,19,29,79,84
25.0,Sat,2022-02-12,15:00,Watford,Brighton,0.5,1.6,0–2,20795.0,Jonathan Moss,2021-2022,Moussa Sissoko,Lewis Dunk,(4-4-2),(3-1-4-2),36%,64%,236 of 357 — 66%,78% — 499 of 641,1 of 9 — 11%,45% — 5 of 11,3 of 5 — 60%,100% — 1 of 1,3.0,0,2.0,0,16,9,4,5,18,20,489,750,18,21,11,10,8,28,22,17,1,1,5,6,20,22,66,76
25.0,Sat,2022-02-12,17:30,Norwich City,Manchester City,0.4,4.6,0–4,27010.0,Andre Marriner,2021-2022,Grant Hanley,Fernandinho,(4-3-3),(4-3-3),29%,71%,231 of 309 — 75%,88% — 661 of 752,3 of 8 — 38%,38% — 8 of 21,4 of 8 — 50%,100% — 3 of 3,0.0,0,2.0,0,7,8,4,12,8,26,417,830,11,5,6,11,13,12,30,9,2,2,9,4,13,11,46,72
25.0,Sun,2022-02-13,14:00,Tottenham,Wolves,1.2,1.3,0–2,56452.0,Kevin Friend,2021-2022,Hugo Lloris,Conor Coady,(3-4-3),(3-5-2),58%,42%,506 of 621 — 81%,75% — 338 of 448,7 of 17 — 41%,64% — 7 of 11,5 of 7 — 71%,100% — 7 of 7,3.0,0,1.0,0,13,13,7,3,23,6,743,571,15,15,14,12,21,11,9,34,3,1,1,7,21,25,42,80
25.0,Sun,2022-02-13,14:00,Newcastle Utd,Aston Villa,0.5,0.6,1–0,52207.0,Craig Pawson,2021-2022,Kieran Trippier,Tyrone Mings,(4-3-3),(4-3-3),38%,62%,187 of 282 — 66%,75% — 352 of 468,2 of 10 — 20%,9% — 1 of 11,1 of 1 — 100%,50% — 1 of 2,3.0,0,4.0,0,22,15,3,6,11,17,393,551,15,14,12,10,22,12,14,9,3,2,10,5,17,20,64,74
25.0,Sun,2022-02-13,14:00,Burnley,Liverpool,1.5,1.7,0–1,19563.0,Martin Atkinson,2021-2022,Ben Mee,Jordan Henderson,(4-4-2),(4-3-3),34%,66%,224 of 353 — 63%,81% — 557 of 691,5 of 8 — 63%,33% — 4 of 12,3 of 4 — 75%,100% — 5 of 5,0.0,0,1.0,0,7,6,5,8,13,16,461,791,14,11,19,6,12,16,22,22,7,3,8,4,24,21,83,78
25.0,Sun,2022-02-13,16:30,Leicester City,West Ham,1.4,1.1,2–2,32061.0,Michael Oliver,2021-2022,Kasper Schmeichel,Declan Rice,(4-3-3),(4-2-3-1),55%,45%,474 of 585 — 81%,76% — 361 of 472,1 of 12 — 8%,38% — 3 of 8,1 of 3 — 33%,0% — 0 of 1,1.0,0,2.0,0,10,9,5,4,15,17,695,572,21,14,14,5,10,23,21,14,0,0,4,10,19,17,65,56
18.0,Tue,2022-02-15,20:15,Manchester Utd,Brighton,1.7,0.7,2–0,73012.0,Peter Bankes,2021-2022,Harry Maguire,Lewis Dunk,(4-2-3-1),(4-1-2-1-2),50%,50%,436 of 551 — 79%,82% — 461 of 559,7 of 19 — 37%,30% — 3 of 10,3 of 3 — 100%,71% — 5 of 7,3.0,0,1.0,1,8,10,10,2,21,16,660,699,18,17,8,22,14,6,16,19,1,1,10,5,13,21,61,63
26.0,Sat,2022-02-19,12:30,West Ham,Newcastle Utd,0.6,0.8,1–1,59949.0,Chris Kavanagh,2021-2022,Declan Rice,Jonjo Shelvey,(4-2-3-1),(4-3-3),47%,53%,319 of 434 — 74%,75% — 366 of 486,3 of 11 — 27%,21% — 3 of 14,2 of 3 — 66%,66% — 2 of 3,3.0,0,3.0,0,3,7,3,7,19,28,552,592,11,12,7,6,25,18,32,17,2,1,6,6,22,22,72,81
26.0,Sat,2022-02-19,15:00,Brighton,Burnley,0.6,0.7,0–3,30361.0,Kevin Friend,2021-2022,Adam Lallana,Ben Mee,(4-4-2),(4-4-2),68%,32%,522 of 640 — 82%,60% — 177 of 295,1 of 11 — 9%,40% — 4 of 10,1 of 4 — 25%,100% — 1 of 1,1.0,0,4.0,0,12,12,4,4,34,14,739,385,13,17,5,11,12,13,23,20,1,3,4,7,22,14,71,71
26.0,Sat,2022-02-19,15:00,Southampton,Everton,2.5,0.3,2–0,31312.0,Andy Madley,2021-2022,James Ward-Prowse,Séamus Coleman,(4-4-2),(4-4-2),55%,45%,417 of 541 — 77%,69% — 304 of 443,11 of 19 — 58%,0% — 0 of 9,0 of 0 — %,81% — 9 of 11,0.0,0,2.0,0,6,9,4,4,14,14,682,564,21,20,16,12,24,13,13,17,4,2,6,6,11,25,75,77
26.0,Sat,2022-02-19,15:00,Arsenal,Brentford,1.7,0.6,2–1,59249.0,Jonathan Moss,2021-2022,Alexandre Lacazette,Pontus Jansson,(4-2-3-1),(3-5-2),66%,34%,515 of 636 — 81%,72% — 234 of 326,7 of 24 — 29%,33% — 2 of 6,1 of 2 — 50%,71% — 5 of 7,1.0,0,1.0,0,10,5,14,0,43,8,727,466,14,14,8,12,10,17,7,49,1,2,2,8,25,15,64,63
26.0,Sat,2022-02-19,15:00,Crystal Palace,Chelsea,0.5,0.9,0–1,25109.0,David Coote,2021-2022,James McArthur,Jorginho,(4-2-3-1),(4-3-3),42%,58%,318 of 415 — 77%,81% — 458 of 564,0 of 7 — 0%,33% — 3 of 9,2 of 3 — 66%,% — 0 of 0,1.0,0,3.0,0,4,20,4,4,20,13,539,660,22,17,10,8,9,9,18,16,1,3,7,8,19,28,67,73
26.0,Sat,2022-02-19,15:00,Liverpool,Norwich City,3.6,0.6,3–1,53135.0,Mike Dean,2021-2022,Jordan Henderson,Grant Hanley,(4-3-3),(4-3-3),69%,31%,642 of 750 — 86%,68% — 232 of 342,7 of 29 — 24%,17% — 1 of 6,0 of 1 — 0%,57% — 4 of 7,0.0,0,1.0,0,7,8,8,4,37,12,863,466,14,19,7,13,17,13,12,41,1,5,5,13,11,11,55,66
26.0,Sat,2022-02-19,15:00,Aston Villa,Watford,1.3,1.2,0–1,41936.0,Robert Jones,2021-2022,Tyrone Mings,Moussa Sissoko,(4-3-3),(4-3-3),59%,41%,494 of 608 — 81%,74% — 316 of 429,1 of 20 — 5%,50% — 4 of 8,3 of 4 — 75%,100% — 1 of 1,1.0,0,2.0,0,12,7,10,5,36,12,726,566,19,17,4,14,16,17,16,38,0,0,6,13,14,26,69,85
26.0,Sat,2022-02-19,17:30,Manchester City,Tottenham,2.1,1.4,2–3,53201.0,Anthony Taylor,2021-2022,İlkay Gündoğan,Hugo Lloris,(4-3-3),(3-4-3),71%,29%,721 of 823 — 88%,79% — 265 of 336,3 of 20 — 15%,83% — 5 of 6,2 of 5 — 40%,66% — 2 of 3,0.0,0,3.0,0,5,7,10,0,42,4,907,465,13,13,9,7,13,9,2,37,1,3,3,14,23,10,46,58
26.0,Sun,2022-02-20,14:00,Leeds United,Manchester Utd,1.8,2.2,2–4,36715.0,Paul Tierney,2021-2022,Luke Ayling,Harry Maguire,(4-2-3-1),(4-2-3-1),54%,46%,345 of 446 — 77%,72% — 275 of 380,6 of 16 — 38%,60% — 9 of 15,5 of 9 — 55%,66% — 4 of 6,6.0,0,3.0,0,13,19,3,3,10,13,565,486,24,19,17,10,4,7,16,13,4,2,4,7,14,20,49,57
26.0,Sun,2022-02-20,16:30,Wolves,Leicester City,0.5,1.7,2–1,31587.0,Craig Pawson,2021-2022,Conor Coady,Kasper Schmeichel,(3-5-2),(4-3-3),37%,63%,282 of 364 — 77%,83% — 528 of 633,3 of 11 — 27%,41% — 7 of 17,6 of 7 — 85%,33% — 1 of 3,4.0,0,4.0,0,12,9,7,10,14,34,500,733,22,22,6,6,17,8,42,12,2,2,8,5,19,28,61,49
13.0,Wed,2022-02-23,19:30,Burnley,Tottenham,0.9,0.7,1–0,19488.0,Graham Scott,2021-2022,Ben Mee,Hugo Lloris,(4-4-2),(3-4-3),34%,66%,277 of 366 — 76%,83% — 584 of 701,4 of 15 — 27%,17% — 2 of 12,2 of 2 — 100%,75% — 3 of 4,0.0,0,0.0,0,8,8,3,7,22,25,517,802,11,15,24,5,17,18,39,16,3,2,10,6,15,26,67,51
18.0,Wed,2022-02-23,19:30,Watford,Crystal Palace,1.4,1.1,1–4,20012.0,Andre Marriner,2021-2022,Moussa Sissoko,Marc Guéhi,(4-3-3),(4-3-3),46%,54%,390 of 498 — 78%,83% — 490 of 590,1 of 8 — 13%,71% — 5 of 7,1 of 5 — 20%,0% — 0 of 1,2.0,0,1.0,0,12,9,6,4,16,13,597,706,11,23,8,6,10,10,13,18,2,1,4,7,23,18,79,80
19.0,Wed,2022-02-23,19:45,Liverpool,Leeds United,5.9,0.2,6–0,53018.0,Michael Oliver,2021-2022,Virgil van Dijk,Luke Ayling,(4-3-3),(4-1-4-1),63%,37%,614 of 715 — 86%,73% — 302 of 413,12 of 21 — 57%,67% — 2 of 3,2 of 2 — 100%,66% — 8 of 12,0.0,0,3.0,0,5,11,4,0,15,6,821,511,8,21,12,15,9,1,8,9,1,6,2,10,20,11,76,68
20.0,Thu,2022-02-24,19:45,Arsenal,Wolves,3.1,1.0,2–1,59888.0,Martin Atkinson,2021-2022,Alexandre Lacazette,Conor Coady,(4-2-3-1),(3-4-3),56%,44%,446 of 551 — 81%,74% — 328 of 441,5 of 26 — 19%,33% — 2 of 6,1 of 2 — 50%,80% — 4 of 5,1.0,0,1.0,0,8,9,5,4,18,9,651,558,12,21,4,16,11,12,9,23,2,2,6,14,20,14,67,72
27.0,Fri,2022-02-25,20:00,Southampton,Norwich City,2.6,0.6,2–0,31182.0,Simon Hooper,2021-2022,James Ward-Prowse,Grant Hanley,(4-4-2),(4-1-4-1),58%,42%,438 of 561 — 78%,74% — 297 of 404,9 of 27 — 33%,13% — 1 of 8,1 of 1 — 100%,77% — 7 of 9,1.0,0,2.0,0,12,9,13,6,28,17,685,534,9,18,10,7,19,14,17,44,2,1,5,12,28,20,69,55
27.0,Sat,2022-02-26,12:30,Leeds United,Tottenham,1.5,1.9,0–4,36599.0,Craig Pawson,2021-2022,Luke Ayling,Hugo Lloris,(4-1-4-1),(3-4-3),50%,50%,411 of 495 — 83%,87% — 436 of 503,2 of 19 — 11%,67% — 10 of 15,6 of 10 — 60%,100% — 2 of 2,4.0,0,2.0,0,16,11,3,6,25,9,584,614,17,10,9,12,5,4,6,26,0,3,2,12,13,10,33,49
27.0,Sat,2022-02-26,15:00,Crystal Palace,Burnley,1.0,0.2,1–1,24203.0,Jonathan Moss,2021-2022,Luka Milivojević,Ben Mee,(4-3-3),(4-4-2),59%,41%,435 of 586 — 74%,65% — 270 of 414,4 of 11 — 36%,20% — 1 of 5,1 of 1 — 100%,75% — 3 of 4,0.0,0,2.0,0,5,16,5,4,18,17,687,517,13,12,7,20,12,25,18,22,0,2,2,5,27,26,87,100
27.0,Sat,2022-02-26,15:00,Brighton,Aston Villa,0.7,1.0,0–2,31475.0,John Brooks,2021-2022,Lewis Dunk,Tyrone Mings,(3-5-2),(4-1-2-1-2),66%,34%,527 of 619 — 85%,78% — 246 of 316,1 of 12 — 8%,44% — 4 of 9,2 of 4 — 50%,100% — 1 of 1,4.0,0,5.0,0,17,11,7,2,25,6,706,435,17,22,4,8,12,11,12,26,0,0,6,10,23,16,80,53
27.0,Sat,2022-02-26,15:00,Manchester Utd,Watford,2.8,0.6,0–0,73152.0,Kevin Friend,2021-2022,Bruno Fernandes,Moussa Sissoko,(4-2-3-1),(4-3-3),67%,33%,615 of 740 — 83%,70% — 251 of 359,3 of 22 — 14%,20% — 2 of 10,2 of 2 — 100%,100% — 3 of 3,0.0,0,0.0,0,2,7,4,3,31,7,849,503,20,22,6,22,21,10,5,31,2,2,5,17,29,13,75,81
27.0,Sat,2022-02-26,15:00,Brentford,Newcastle Utd,0.4,2.7,0–2,17039.0,Mike Dean,2021-2022,Pontus Jansson,Jonjo Shelvey,(4-3-3),(4-3-3),37%,63%,222 of 337 — 66%,80% — 451 of 562,1 of 6 — 17%,42% — 11 of 26,9 of 11 — 81%,100% — 1 of 1,3.0,1,1.0,0,9,7,6,6,16,31,449,673,9,13,9,6,21,20,25,26,0,0,15,7,18,26,94,65
27.0,Sat,2022-02-26,17:30,Everton,Manchester City,0.5,1.8,0–1,39105.0,Paul Tierney,2021-2022,Séamus Coleman,İlkay Gündoğan,(4-3-3),(4-3-3),33%,67%,263 of 357 — 74%,86% — 619 of 721,2 of 6 — 33%,62% — 8 of 13,7 of 8 — 87%,100% — 2 of 2,3.0,0,2.0,0,7,14,3,4,14,23,471,815,22,17,7,12,7,17,30,19,4,2,9,5,12,15,64,55
27.0,Sun,2022-02-27,14:00,West Ham,Wolves,1.8,0.7,1–0,59946.0,Anthony Taylor,2021-2022,Declan Rice,Conor Coady,(3-4-3),(3-4-3),39%,61%,335 of 438 — 76%,83% — 562 of 674,4 of 13 — 31%,7% — 1 of 14,1 of 1 — 100%,75% — 3 of 4,1.0,0,0.0,0,8,2,3,5,19,16,562,770,15,13,18,5,14,6,28,22,2,1,5,12,18,18,57,67
22.0,Tue,2022-03-01,19:45,Burnley,Leicester City,0.9,1.5,0–2,17825.0,Chris Kavanagh,2021-2022,Ben Mee,Kasper Schmeichel,(4-4-2),(4-3-3),45%,55%,259 of 406 — 64%,70% — 346 of 493,2 of 9 — 22%,27% — 6 of 22,4 of 6 — 66%,100% — 2 of 2,1.0,0,1.0,0,10,13,6,8,22,18,531,619,20,12,13,8,25,21,15,31,4,3,4,11,26,26,112,64
28.0,Sat,2022-03-05,12:30,Leicester City,Leeds United,0.4,1.7,1–0,32236.0,David Coote,2021-2022,Kasper Schmeichel,Luke Ayling,(4-3-3),(4-2-3-1),51%,49%,400 of 516 — 78%,79% — 397 of 504,4 of 7 — 57%,21% — 4 of 19,4 of 4 — 100%,75% — 3 of 4,1.0,0,2.0,0,9,12,5,10,15,26,659,650,23,21,10,7,19,11,26,23,2,0,8,2,22,32,56,60
28.0,Sat,2022-03-05,15:00,Aston Villa,Southampton,2.5,1.1,4–0,41855.0,Peter Bankes,2021-2022,Tyrone Mings,James Ward-Prowse,(4-3-1-2),(4-4-2),38%,62%,275 of 377 — 73%,82% — 493 of 604,9 of 14 — 64%,9% — 1 of 11,1 of 1 — 100%,55% — 5 of 9,1.0,0,1.0,0,10,8,4,7,7,21,492,700,14,15,12,12,10,10,21,7,0,1,10,4,16,19,71,78
28.0,Sat,2022-03-05,15:00,Newcastle Utd,Brighton,1.7,1.5,2–1,52214.0,Martin Atkinson,2021-2022,Jonjo Shelvey,Lewis Dunk,(4-3-3),(4-1-2-1-2),32%,68%,208 of 334 — 62%,80% — 554 of 694,4 of 10 — 40%,27% — 4 of 15,3 of 4 — 75%,50% — 2 of 4,1.0,0,1.0,0,8,10,4,7,15,28,456,800,12,11,15,12,22,33,30,8,0,4,8,4,14,23,74,90
28.0,Sat,2022-03-05,15:00,Burnley,Chelsea,0.7,2.3,0–4,19439.0,Andre Marriner,2021-2022,James Tarkowski,Jorginho,(4-4-2),(3-4-3),28%,72%,211 of 321 — 66%,89% — 735 of 829,0 of 6 — 0%,45% — 5 of 11,1 of 5 — 20%,% — 0 of 0,2.0,0,0.0,0,12,7,5,2,17,15,426,927,25,14,9,4,15,14,16,14,1,1,2,5,14,17,57,63
28.0,Sat,2022-03-05,15:00,Norwich City,Brentford,1.0,2.0,1–3,26887.0,Anthony Taylor,2021-2022,Grant Hanley,Pontus Jansson,(4-2-3-1),(4-5-1),60%,40%,385 of 512 — 75%,69% — 238 of 344,7 of 15 — 47%,50% — 4 of 8,3 of 4 — 75%,85% — 6 of 7,2.0,0,5.0,0,13,18,5,5,21,12,611,477,13,15,13,9,14,21,10,37,1,3,4,5,31,16,75,60
28.0,Sat,2022-03-05,15:00,Wolves,Crystal Palace,0.7,2.7,0–2,31395.0,Andy Madley,2021-2022,Conor Coady,Marc Guéhi,(3-4-3),(4-2-3-1),63%,37%,479 of 607 — 79%,70% — 245 of 352,5 of 12 — 42%,64% — 7 of 11,6 of 7 — 85%,100% — 5 of 5,0.0,0,3.0,0,13,8,7,7,25,18,728,485,20,14,10,11,13,14,14,33,1,8,3,8,16,12,68,69
28.0,Sat,2022-03-05,17:30,Liverpool,West Ham,2.4,1.3,1–0,59925.0,Jonathan Moss,2021-2022,Jordan Henderson,Aaron Cresswell,(4-3-3),(4-4-2),68%,32%,646 of 758 — 85%,70% — 250 of 355,5 of 22 — 23%,31% — 4 of 13,4 of 4 — 100%,80% — 4 of 5,2.0,0,1.0,0,7,7,4,6,17,19,864,479,11,16,5,18,21,14,10,24,1,4,8,9,19,14,61,81
28.0,Sun,2022-03-06,14:00,Watford,Arsenal,1.0,1.0,2–3,21142.0,Craig Pawson,2021-2022,Moussa Sissoko,Alexandre Lacazette,(4-3-3),(4-2-3-1),44%,56%,365 of 478 — 76%,82% — 491 of 598,7 of 13 — 54%,25% — 4 of 16,1 of 4 — 25%,71% — 5 of 7,1.0,0,2.0,0,5,12,1,5,10,21,592,709,17,20,16,18,30,9,18,15,2,0,9,4,36,15,71,65
28.0,Sun,2022-03-06,16:30,Manchester City,Manchester Utd,2.7,0.5,4–1,53165.0,Michael Oliver,2021-2022,Kevin De Bruyne,Harry Maguire,(4-3-3),(4-2-3-1),69%,31%,721 of 788 — 91%,81% — 285 of 352,10 of 24 — 42%,40% — 2 of 5,1 of 2 — 50%,60% — 6 of 10,0.0,0,1.0,0,10,14,9,3,18,9,887,458,13,16,11,11,4,8,9,21,0,1,3,11,14,9,52,39
28.0,Mon,2022-03-07,20:00,Tottenham,Everton,2.5,0.2,5–0,59647.0,Stuart Attwell,2021-2022,Hugo Lloris,Séamus Coleman,(3-4-3),(4-2-3-1),55%,45%,603 of 681 — 89%,85% — 480 of 566,7 of 14 — 50%,0% — 0 of 6,0 of 0 — %,42% — 3 of 7,2.0,0,0.0,0,15,10,5,2,14,14,806,670,25,20,6,6,15,3,18,12,0,1,5,6,13,19,54,45
19.0,Thu,2022-03-10,19:30,Wolves,Watford,0.7,0.6,4–0,29658.0,Darren England,2021-2022,Conor Coady,Moussa Sissoko,(3-4-3),(4-3-3),66%,34%,625 of 714 — 88%,77% — 291 of 376,5 of 10 — 50%,0% — 0 of 9,0 of 0 — %,40% — 2 of 5,2.0,0,2.0,0,11,10,5,2,21,9,793,464,10,13,9,7,18,12,8,19,1,4,6,5,24,14,67,63
21.0,Thu,2022-03-10,19:30,Southampton,Newcastle Utd,1.1,0.6,1–2,30056.0,Kevin Friend,2021-2022,James Ward-Prowse,Jonjo Shelvey,(4-4-2),(4-3-3),67%,33%,577 of 707 — 82%,68% — 231 of 342,5 of 14 — 36%,38% — 3 of 8,1 of 3 — 33%,80% — 4 of 5,1.0,0,1.0,0,6,7,12,5,29,17,816,482,15,21,9,12,19,20,16,29,1,1,3,5,19,14,79,77
30.0,Thu,2022-03-10,19:30,Norwich City,Chelsea,1.0,1.8,1–3,26684.0,Martin Atkinson,2021-2022,Grant Hanley,César Azpilicueta,(5-3-2),(3-4-3),34%,66%,312 of 386 — 81%,91% — 671 of 741,2 of 7 — 29%,47% — 7 of 15,4 of 7 — 57%,100% — 2 of 2,0.0,0,2.0,0,8,15,3,8,11,12,476,837,16,15,11,11,4,11,13,17,2,1,6,8,15,14,42,42
20.0,Thu,2022-03-10,19:45,Leeds United,Aston Villa,0.2,1.5,0–3,36400.0,Simon Hooper,2021-2022,Luke Ayling,Tyrone Mings,(4-2-3-1),(4-3-1-2),51%,49%,352 of 463 — 76%,81% — 361 of 448,1 of 4 — 25%,60% — 9 of 15,6 of 9 — 66%,100% — 1 of 1,5.0,0,3.0,0,17,11,3,5,17,14,560,564,25,15,6,9,6,9,14,20,3,5,5,9,20,18,64,53
29.0,Sat,2022-03-12,12:30,Brighton,Liverpool,0.5,2.2,0–2,31474.0,Mike Dean,2021-2022,Lewis Dunk,Jordan Henderson,(4-2-3-1),(4-3-3),52%,48%,373 of 482 — 77%,77% — 341 of 443,3 of 8 — 38%,47% — 8 of 17,7 of 8 — 87%,100% — 3 of 3,3.0,0,1.0,0,12,15,7,5,17,14,589,552,13,15,6,9,6,7,19,16,1,1,7,10,27,19,74,75
29.0,Sat,2022-03-12,15:00,Brentford,Burnley,1.9,0.7,2–0,17088.0,Paul Tierney,2021-2022,Pontus Jansson,James Tarkowski,(4-5-1),(4-4-2),55%,45%,361 of 530 — 68%,59% — 253 of 427,2 of 12 — 17%,14% — 1 of 7,1 of 1 — 100%,50% — 1 of 2,1.0,0,1.0,1,6,10,2,9,15,33,638,545,16,15,11,10,23,23,35,20,4,4,5,4,30,15,93,111
29.0,Sat,2022-03-12,17:30,Manchester Utd,Tottenham,1.0,1.5,3–2,73458.0,Jonathan Moss,2021-2022,Harry Maguire,Hugo Lloris,(4-2-3-1),(3-4-3),43%,57%,405 of 481 — 84%,86% — 544 of 633,6 of 10 — 60%,11% — 1 of 9,1 of 1 — 100%,50% — 3 of 6,2.0,0,1.0,0,8,7,4,5,10,24,583,712,13,16,14,4,10,10,18,4,0,2,10,4,9,17,64,52
29.0,Sun,2022-03-13,14:00,Chelsea,Newcastle Utd,1.1,0.3,1–0,40026.0,David Coote,2021-2022,Jorginho,Jamaal Lascelles,(4-3-3),(5-4-1),71%,29%,509 of 607 — 84%,60% — 149 of 248,3 of 8 — 38%,29% — 2 of 7,2 of 2 — 100%,66% — 2 of 3,4.0,0,3.0,0,17,17,7,2,16,9,708,362,14,16,6,3,11,15,14,24,3,6,5,9,15,22,48,60
29.0,Sun,2022-03-13,14:00,Everton,Wolves,0.4,0.8,0–1,39112.0,Michael Oliver,2021-2022,Séamus Coleman,Conor Coady,(3-4-3),(3-5-2),39%,61%,295 of 401 — 74%,86% — 541 of 630,2 of 7 — 29%,21% — 3 of 14,2 of 3 — 66%,100% — 2 of 2,5.5,0,1.0,0,13,11,5,2,15,12,504,739,22,12,10,13,11,12,11,23,7,0,7,7,17,14,50,67
29.0,Sun,2022-03-13,14:00,Leeds United,Norwich City,2.5,1.5,2–1,36321.0,Stuart Attwell,2021-2022,Luke Ayling,Ben Gibson,(4-2-3-1),(4-3-3),52%,48%,350 of 475 — 74%,72% — 313 of 433,7 of 13 — 54%,33% — 4 of 12,3 of 4 — 75%,71% — 5 of 7,3.0,0,1.0,0,18,8,6,2,21,10,611,556,28,12,14,10,14,17,14,14,2,3,5,12,27,27,77,56
29.0,Sun,2022-03-13,14:00,West Ham,Aston Villa,1.2,1.1,2–1,59957.0,Jarred Gillett,2021-2022,Declan Rice,Tyrone Mings,(4-2-3-1),(4-1-2-1-2),47%,53%,390 of 486 — 80%,81% — 443 of 545,4 of 11 — 36%,54% — 7 of 13,6 of 7 — 85%,50% — 2 of 4,1.0,0,0.0,0,9,3,5,7,20,21,599,642,11,17,13,14,14,14,19,14,0,0,4,10,18,20,68,67
29.0,Sun,2022-03-13,14:00,Southampton,Watford,1.4,1.7,1–2,28863.0,Graham Scott,2021-2022,James Ward-Prowse,Moussa Sissoko,(4-4-2),(4-3-3),63%,37%,425 of 568 — 75%,65% — 220 of 337,6 of 13 — 46%,56% — 5 of 9,3 of 5 — 60%,83% — 5 of 6,3.0,0,2.0,0,8,12,11,3,33,12,678,481,17,18,8,20,23,26,12,33,0,0,7,7,32,16,82,82
29.0,Sun,2022-03-13,16:30,Arsenal,Leicester City,2.4,0.4,2–0,60111.0,Anthony Taylor,2021-2022,Alexandre Lacazette,Kasper Schmeichel,(4-2-3-1),(4-2-3-1),46%,54%,434 of 512 — 85%,86% — 519 of 605,6 of 20 — 30%,50% — 3 of 6,3 of 3 — 100%,83% — 5 of 6,0.0,0,3.0,0,8,10,2,6,12,14,622,701,15,17,11,10,6,8,15,13,2,0,2,8,14,23,51,60
29.0,Mon,2022-03-14,20:00,Crystal Palace,Manchester City,0.6,2.8,0–0,25309.0,Martin Atkinson,2021-2022,Marc Guéhi,Kevin De Bruyne,(4-3-3),(4-3-3),27%,73%,190 of 295 — 64%,86% — 697 of 815,1 of 7 — 14%,21% — 4 of 19,4 of 4 — 100%,100% — 1 of 1,3.0,0,1.0,0,6,11,2,6,3,19,407,914,16,13,8,9,8,22,34,8,2,3,15,7,15,27,71,75
16.0,Wed,2022-03-16,19:30,Brighton,Tottenham,0.7,2.2,0–2,31144.0,Robert Jones,2021-2022,Lewis Dunk,Hugo Lloris,(4-2-3-1),(3-4-3),48%,52%,447 of 543 — 82%,86% — 500 of 579,0 of 15 — 0%,41% — 7 of 17,5 of 7 — 71%,% — 0 of 0,2.0,0,2.0,0,11,9,6,3,23,7,640,696,16,11,11,8,10,11,12,22,3,1,7,4,16,15,57,39
27.0,Wed,2022-03-16,20:15,Arsenal,Liverpool,0.5,0.8,0–2,59968.0,Andre Marriner,2021-2022,Alexandre Lacazette,Jordan Henderson,(4-2-3-1),(4-3-3),49%,51%,434 of 545 — 80%,80% — 457 of 572,2 of 9 — 22%,33% — 3 of 9,1 of 3 — 33%,100% — 2 of 2,0.0,0,1.0,0,9,9,1,6,10,18,653,669,16,16,5,11,6,15,18,14,4,2,6,5,23,17,78,60
20.0,Thu,2022-03-17,19:45,Everton,Newcastle Utd,0.7,0.9,1–0,39068.0,Craig Pawson,2021-2022,Séamus Coleman,Fabian Schär,(4-2-3-1),(4-3-3),39%,61%,206 of 314 — 66%,76% — 377 of 498,3 of 9 — 33%,35% — 6 of 17,6 of 6 — 100%,66% — 2 of 3,2.0,1,1.0,0,13,11,5,7,15,19,435,611,18,15,3,2,30,35,27,10,1,1,11,6,21,27,80,84
30.0,Fri,2022-03-18,20:00,Wolves,Leeds United,1.2,2.0,2–3,31842.0,Kevin Friend,2021-2022,Conor Coady,Luke Ayling,(3-4-3),(4-2-3-1),48%,52%,361 of 453 — 80%,78% — 385 of 491,8 of 14 — 57%,33% — 5 of 15,2 of 5 — 40%,75% — 6 of 8,4.5,0,5.0,0,13,14,2,5,11,16,565,602,15,26,8,7,10,14,14,15,1,3,8,5,23,20,73,64
30.0,Sat,2022-03-19,12:30,Aston Villa,Arsenal,0.5,1.3,0–1,41956.0,Andy Madley,2021-2022,Tyrone Mings,Alexandre Lacazette,(4-3-2-1),(4-2-3-1),47%,53%,404 of 496 — 81%,84% — 469 of 557,1 of 8 — 13%,30% — 3 of 10,2 of 3 — 66%,100% — 1 of 1,3.0,0,3.0,0,13,14,6,5,27,14,570,641,10,13,4,5,5,6,15,24,1,1,6,11,20,20,52,67
30.0,Sun,2022-03-20,14:00,Leicester City,Brentford,1.0,1.3,2–1,31830.0,Darren England,2021-2022,Kasper Schmeichel,Pontus Jansson,(4-2-3-1),(4-5-1),52%,48%,458 of 548 — 84%,80% — 401 of 502,4 of 12 — 33%,40% — 6 of 15,5 of 6 — 83%,50% — 2 of 4,1.0,0,2.0,0,10,10,2,5,13,21,665,596,14,8,10,11,15,17,25,10,2,3,7,8,12,22,54,68
30.0,Sun,2022-03-20,16:30,Tottenham,West Ham,3.0,0.6,3–1,58685.0,Anthony Taylor,2021-2022,Hugo Lloris,Declan Rice,(3-4-3),(3-4-3),53%,47%,561 of 635 — 88%,87% — 500 of 573,4 of 17 — 24%,17% — 1 of 6,0 of 1 — 0%,50% — 2 of 4,0.0,0,1.0,0,7,7,5,3,16,12,704,655,13,6,7,6,9,7,9,20,1,0,6,8,11,13,49,63
31.0,Sat,2022-04-02,12:30,Liverpool,Watford,2.2,0.6,2–0,53104.0,Stuart Attwell,2021-2022,Jordan Henderson,Moussa Sissoko,(4-3-3),(4-1-4-1),73%,27%,648 of 774 — 84%,61% — 180 of 293,2 of 19 — 11%,40% — 2 of 5,2 of 2 — 100%,50% — 1 of 2,1.0,0,1.0,0,9,8,9,3,22,9,880,419,23,23,7,14,21,12,4,23,1,3,2,15,26,15,72,68
31.0,Sat,2022-04-02,15:00,Brighton,Norwich City,2.8,0.4,0–0,31245.0,Simon Hooper,2021-2022,Lewis Dunk,Grant Hanley,(3-4-1-2),(4-1-2-1-2),63%,37%,428 of 551 — 78%,65% — 215 of 330,4 of 30 — 13%,0% — 0 of 6,0 of 0 — %,100% — 4 of 4,1.0,0,1.0,0,12,11,11,2,37,10,654,455,14,17,10,11,14,18,12,37,1,1,6,15,30,23,76,59
31.0,Sat,2022-04-02,15:00,Burnley,Manchester City,0.1,1.8,0–2,21249.0,Craig Pawson,2021-2022,James Tarkowski,İlkay Gündoğan,(4-5-1),(4-3-3),24%,76%,171 of 258 — 66%,87% — 718 of 821,1 of 3 — 33%,33% — 6 of 18,4 of 6 — 66%,100% — 1 of 1,1.0,0,0.0,0,11,6,1,8,7,20,345,872,11,7,7,4,18,13,24,7,5,0,12,2,9,20,58,86
31.0,Sat,2022-04-02,15:00,Chelsea,Brentford,1.3,1.8,1–4,39061.0,Andy Madley,2021-2022,César Azpilicueta,Pontus Jansson,(4-3-3),(5-3-2),70%,30%,609 of 698 — 87%,71% — 210 of 295,8 of 21 — 38%,35% — 6 of 17,2 of 6 — 33%,87% — 7 of 8,0.0,0,0.0,0,11,7,12,7,33,17,801,418,9,19,6,8,13,19,13,35,0,0,8,12,22,13,74,60
31.0,Sat,2022-04-02,15:00,Wolves,Aston Villa,1.3,2.1,2–1,31012.0,Darren England,2021-2022,Conor Coady,Tyrone Mings,(3-4-3),(4-3-1-2),49%,51%,361 of 457 — 79%,81% — 391 of 484,4 of 11 — 36%,29% — 4 of 14,4 of 4 — 100%,75% — 3 of 4,4.0,0,3.0,0,15,8,4,9,11,22,571,598,23,17,6,8,15,9,20,13,1,1,6,5,20,16,58,57
31.0,Sat,2022-04-02,15:00,Leeds United,Southampton,1.2,1.4,1–1,36580.0,Anthony Taylor,2021-2022,Liam Cooper,James Ward-Prowse,(4-2-3-1),(4-3-1-2),56%,44%,361 of 510 — 71%,62% — 250 of 403,3 of 12 — 25%,36% — 5 of 14,4 of 5 — 80%,66% — 2 of 3,1.0,0,1.0,0,14,7,4,7,11,23,660,540,19,9,10,13,31,18,35,25,0,0,4,10,22,17,65,89
31.0,Sat,2022-04-02,17:30,Manchester Utd,Leicester City,0.9,0.8,1–1,73444.0,Andre Marriner,2021-2022,Harry Maguire,Kasper Schmeichel,(4-2-3-1),(4-2-3-1),54%,46%,528 of 627 — 84%,83% — 442 of 531,5 of 11 — 45%,27% — 3 of 11,2 of 3 — 66%,80% — 4 of 5,2.0,0,2.0,0,13,6,6,5,19,13,714,627,10,15,9,18,12,8,13,23,4,1,10,7,21,15,67,47
31.0,Sun,2022-04-03,14:00,West Ham,Everton,1.2,0.7,2–1,59953.0,Michael Oliver,2021-2022,Declan Rice,Michael Keane,(4-2-3-1),(4-3-3),55%,45%,462 of 564 — 82%,79% — 359 of 453,5 of 11 — 45%,15% — 2 of 13,1 of 2 — 50%,60% — 3 of 5,1.0,0,5.5,0,9,12,2,4,13,23,643,546,11,9,4,10,19,15,18,16,1,1,6,9,15,17,62,64
31.0,Sun,2022-04-03,16:30,Tottenham,Newcastle Utd,3.1,0.5,5–1,57553.0,Martin Atkinson,2021-2022,Hugo Lloris,Jonjo Shelvey,(3-4-3),(4-3-3),60%,40%,566 of 631 — 90%,82% — 341 of 414,6 of 19 — 32%,13% — 1 of 8,0 of 1 — 0%,16% — 1 of 6,2.0,0,3.0,0,10,7,2,3,14,16,713,498,17,13,2,7,10,16,18,17,0,4,5,11,10,9,49,52
31.0,Mon,2022-04-04,20:00,Crystal Palace,Arsenal,1.5,0.8,3–0,25149.0,Paul Tierney,2021-2022,Marc Guéhi,Alexandre Lacazette,(4-2-3-1),(4-2-3-1),32%,68%,222 of 320 — 69%,85% — 591 of 693,4 of 5 — 80%,25% — 3 of 12,3 of 3 — 100%,50% — 2 of 4,0.0,0,2.0,0,11,15,0,2,6,9,436,791,18,16,10,8,11,10,17,5,2,4,9,5,17,30,78,46
19.0,Wed,2022-04-06,19:30,Burnley,Everton,2.0,2.4,3–2,19830.0,Mike Dean,2021-2022,James Tarkowski,Jordan Pickford,(4-4-2),(4-3-3),52%,48%,257 of 402 — 64%,61% — 230 of 377,4 of 13 — 31%,14% — 2 of 14,2 of 2 — 100%,25% — 1 of 4,2.0,0,2.0,0,11,16,9,6,24,28,544,507,11,19,17,9,30,21,28,41,1,0,10,8,36,25,83,81
32.0,Fri,2022-04-08,20:00,Newcastle Utd,Wolves,1.5,0.4,1–0,52164.0,Peter Bankes,2021-2022,Jonjo Shelvey,Conor Coady,(4-3-3),(3-4-3),42%,58%,327 of 416 — 79%,82% — 479 of 585,3 of 11 — 27%,40% — 2 of 5,2 of 2 — 100%,100% — 3 of 3,1.0,0,1.0,0,6,13,1,2,15,14,502,673,11,24,8,7,11,10,15,14,1,0,5,8,20,19,70,57
32.0,Sat,2022-04-09,12:30,Everton,Manchester Utd,0.4,0.8,1–0,39080.0,Jonathan Moss,2021-2022,Séamus Coleman,Harry Maguire,(4-3-3),(4-2-3-1),33%,67%,230 of 349 — 66%,80% — 560 of 701,3 of 7 — 43%,33% — 4 of 12,4 of 4 — 100%,66% — 2 of 3,2.0,0,2.0,0,4,10,5,7,12,24,496,825,18,15,12,12,16,28,36,14,1,2,6,7,25,27,67,61
32.0,Sat,2022-04-09,15:00,Arsenal,Brighton,1.9,0.6,1–2,60112.0,David Coote,2021-2022,Alexandre Lacazette,Lewis Dunk,(4-2-3-1),(3-5-2),64%,36%,451 of 558 — 81%,69% — 217 of 316,4 of 20 — 20%,38% — 3 of 8,1 of 3 — 33%,75% — 3 of 4,3.0,0,4.0,0,12,19,11,2,23,10,652,440,9,21,6,16,9,16,9,30,2,2,3,4,17,19,61,64
32.0,Sat,2022-04-09,15:00,Watford,Leeds United,1.1,0.7,0–3,20957.0,Andre Marriner,2021-2022,Moussa Sissoko,Liam Cooper,(4-3-3),(4-2-3-1),49%,51%,294 of 441 — 67%,64% — 290 of 454,1 of 8 — 13%,50% — 5 of 10,2 of 5 — 40%,100% — 1 of 1,2.0,0,0.0,0,8,12,3,7,16,14,593,611,21,46,14,18,25,22,20,18,3,1,10,7,40,26,65,78
32.0,Sat,2022-04-09,15:00,Southampton,Chelsea,0.5,4.2,0–6,31359.0,Kevin Friend,2021-2022,James Ward-Prowse,N'Golo Kanté,(4-4-2),(3-4-1-2),30%,70%,237 of 333 — 71%,88% — 684 of 776,1 of 4 — 25%,58% — 14 of 24,8 of 14 — 57%,100% — 1 of 1,1.0,0,0.0,0,11,10,2,3,14,8,446,893,18,29,10,4,8,19,15,16,0,1,7,3,24,17,62,44
32.0,Sat,2022-04-09,17:30,Aston Villa,Tottenham,1.6,1.1,0–4,41949.0,Graham Scott,2021-2022,Tyrone Mings,Hugo Lloris,(4-3-1-2),(3-4-3),52%,48%,446 of 523 — 85%,87% — 423 of 489,8 of 19 — 42%,45% — 5 of 11,1 of 5 — 20%,100% — 8 of 8,2.0,0,3.0,0,12,14,9,3,27,6,626,602,15,20,3,6,10,6,8,30,1,2,4,9,16,11,32,47
32.0,Sun,2022-04-10,14:00,Brentford,West Ham,1.4,0.3,2–0,17032.0,Martin Atkinson,2021-2022,Christian Nørgaard,Declan Rice,(4-3-3),(4-2-3-1),47%,53%,422 of 525 — 80%,82% — 478 of 582,7 of 15 — 47%,20% — 1 of 5,1 of 1 — 100%,71% — 5 of 7,0.0,0,1.0,0,2,6,4,6,22,19,612,690,11,10,10,10,15,13,16,32,1,2,9,6,20,13,67,71
32.0,Sun,2022-04-10,14:00,Norwich City,Burnley,1.7,1.7,2–0,26361.0,Michael Oliver,2021-2022,Grant Hanley,James Tarkowski,(4-2-3-1),(4-4-2),45%,55%,247 of 389 — 63%,66% — 320 of 483,6 of 17 — 35%,17% — 3 of 18,3 of 3 — 100%,66% — 4 of 6,1.0,0,1.0,0,12,10,6,7,13,36,518,600,10,23,7,12,27,27,43,20,3,3,11,6,18,29,76,107
32.0,Sun,2022-04-10,14:00,Leicester City,Crystal Palace,1.0,1.4,2–1,31896.0,Robert Jones,2021-2022,Kasper Schmeichel,Marc Guéhi,(4-2-3-1),(4-2-3-1),51%,49%,448 of 546 — 82%,83% — 438 of 526,3 of 12 — 25%,20% — 2 of 10,1 of 2 — 50%,33% — 1 of 3,1.0,0,1.0,0,11,12,3,4,11,6,650,641,20,17,11,14,11,12,11,14,0,0,4,7,22,19,46,65
32.0,Sun,2022-04-10,16:30,Manchester City,Liverpool,1.3,1.3,2–2,53197.0,Anthony Taylor,2021-2022,Kevin De Bruyne,Jordan Henderson,(4-2-3-1),(4-3-3),55%,45%,511 of 613 — 83%,80% — 399 of 497,4 of 11 — 36%,67% — 4 of 6,2 of 4 — 50%,50% — 2 of 4,1.0,0,4.0,0,9,11,4,1,17,5,708,612,17,18,8,8,9,9,12,19,5,2,2,10,20,15,83,76
33.0,Sat,2022-04-16,12:30,Tottenham,Brighton,0.5,0.6,0–1,58685.0,Craig Pawson,2021-2022,Hugo Lloris,Lewis Dunk,(3-4-3),(3-5-2),49%,51%,418 of 513 — 81%,82% — 440 of 539,0 of 5 — 0%,33% — 4 of 12,3 of 4 — 75%,% — 0 of 0,3.0,0,3.0,0,14,10,4,4,7,16,600,628,15,17,8,9,17,15,18,13,0,3,8,3,23,17,67,72
33.0,Sat,2022-04-16,15:00,Watford,Brentford,1.7,1.9,1–2,21045.0,Simon Hooper,2021-2022,Moussa Sissoko,Pontus Jansson,(4-3-3),(4-3-3),50%,50%,328 of 443 — 74%,73% — 320 of 441,4 of 18 — 22%,31% — 5 of 16,3 of 5 — 60%,75% — 3 of 4,2.0,0,1.0,0,11,9,6,5,22,17,577,563,13,22,17,6,26,18,21,15,0,0,5,9,24,36,79,82
33.0,Sat,2022-04-16,15:00,Southampton,Arsenal,0.8,1.7,1–0,31465.0,Peter Bankes,2021-2022,James Ward-Prowse,Martin Ødegaard,(3-4-3),(4-2-3-1),25%,75%,140 of 238 — 59%,86% — 617 of 720,3 of 9 — 33%,26% — 6 of 23,6 of 6 — 100%,66% — 2 of 3,2.0,0,1.0,0,6,6,6,8,10,31,369,830,14,12,17,5,18,19,35,20,2,0,15,2,13,26,69,43
33.0,Sat,2022-04-16,15:00,Manchester Utd,Norwich City,1.9,1.5,3–2,73381.0,Andy Madley,2021-2022,Harry Maguire,Grant Hanley,(4-3-3),(4-2-3-1),61%,39%,581 of 664 — 88%,79% — 337 of 427,9 of 20 — 45%,27% — 4 of 15,2 of 4 — 50%,66% — 6 of 9,0.0,0,0.0,0,8,6,6,7,13,18,774,526,16,20,10,6,7,8,11,19,3,0,7,6,18,12,48,68
33.0,Sun,2022-04-17,14:15,West Ham,Burnley,2.2,1.8,1–1,59958.0,Paul Tierney,2021-2022,Declan Rice,James Tarkowski,(4-2-3-1),(4-4-2),61%,39%,465 of 575 — 81%,71% — 256 of 362,6 of 21 — 29%,13% — 1 of 8,0 of 1 — 0%,83% — 5 of 6,2.0,0,2.0,0,9,11,13,4,37,20,668,473,6,11,6,7,15,15,22,29,1,1,6,11,27,12,74,79
33.0,Sun,2022-04-17,14:15,Newcastle Utd,Leicester City,1.8,0.6,2–1,52104.0,Jarred Gillett,2021-2022,Jonjo Shelvey,Kasper Schmeichel,(4-3-3),(4-1-4-1),32%,68%,195 of 301 — 65%,82% — 517 of 630,7 of 16 — 44%,25% — 2 of 8,1 of 2 — 50%,71% — 5 of 7,2.0,0,2.0,0,10,10,3,5,9,14,432,745,26,22,16,7,20,13,19,12,1,0,6,11,25,27,77,71
30.0,Tue,2022-04-19,20:00,Liverpool,Manchester Utd,2.0,0.1,4–0,52686.0,Martin Atkinson,2021-2022,Jordan Henderson,Harry Maguire,(4-3-3),(3-4-3),71%,29%,850 of 946 — 90%,73% — 278 of 379,5 of 14 — 36%,50% — 1 of 2,1 of 1 — 100%,20% — 1 of 5,1.0,0,2.0,0,3,6,9,2,17,6,1048,478,15,22,10,16,11,9,7,15,3,2,4,5,21,12,76,52
18.0,Wed,2022-04-20,19:45,Everton,Leicester City,1.8,0.9,1–1,39153.0,David Coote,2021-2022,Séamus Coleman,Kasper Schmeichel,(4-3-3),(4-2-3-1),37%,63%,288 of 397 — 73%,81% — 542 of 670,3 of 13 — 23%,27% — 3 of 11,2 of 3 — 66%,66% — 2 of 3,4.0,0,2.0,0,8,17,5,4,16,13,509,762,14,11,13,4,21,18,13,18,0,1,5,11,23,23,76,64
25.0,Wed,2022-04-20,19:45,Chelsea,Arsenal,0.7,2.0,2–4,32249.0,Jonathan Moss,2021-2022,César Azpilicueta,Martin Ødegaard,(3-4-1-2),(4-2-3-1),67%,33%,632 of 750 — 84%,75% — 270 of 362,2 of 11 — 18%,23% — 3 of 13,0 of 3 — 0%,0% — 0 of 2,3.0,0,1.0,0,7,6,6,1,20,8,849,500,23,20,10,15,14,14,7,26,1,4,8,8,21,16,59,46
30.0,Wed,2022-04-20,19:45,Newcastle Utd,Crystal Palace,0.9,0.5,1–0,51938.0,Tony Harrington,2021-2022,Jonjo Shelvey,Marc Guéhi,(4-3-3),(4-2-3-1),37%,63%,280 of 382 — 73%,81% — 523 of 643,4 of 13 — 31%,20% — 2 of 10,2 of 2 — 100%,75% — 3 of 4,1.0,0,1.0,0,12,12,2,5,6,21,504,749,18,20,14,7,21,20,23,14,2,3,6,4,26,20,65,77
30.0,Wed,2022-04-20,20:00,Manchester City,Brighton,1.3,0.2,3–0,52226.0,Mike Dean,2021-2022,İlkay Gündoğan,Lewis Dunk,(4-3-3),(3-5-2),65%,35%,610 of 706 — 86%,72% — 276 of 385,5 of 17 — 29%,50% — 1 of 2,1 of 1 — 100%,40% — 2 of 5,0.0,0,3.0,0,12,7,7,4,15,11,812,488,16,20,11,5,14,11,16,16,1,2,3,9,16,14,69,63
30.0,Thu,2022-04-21,19:45,Burnley,Southampton,1.5,0.9,2–0,17384.0,Stuart Attwell,2021-2022,James Tarkowski,James Ward-Prowse,(4-4-2),(3-1-4-2),44%,56%,278 of 409 — 68%,79% — 417 of 530,6 of 16 — 38%,27% — 3 of 11,3 of 3 — 100%,66% — 4 of 6,2.0,0,2.0,0,7,7,10,10,21,27,507,647,15,15,6,12,16,12,24,25,3,2,6,7,23,20,89,73
34.0,Sat,2022-04-23,12:30,Arsenal,Manchester Utd,2.3,1.8,3–1,60223.0,Craig Pawson,2021-2022,Martin Ødegaard,Bruno Fernandes,(4-2-3-1),(4-2-3-1),54%,46%,451 of 538 — 84%,79% — 358 of 451,6 of 13 — 46%,38% — 5 of 13,4 of 5 — 80%,66% — 4 of 6,3.0,0,4.0,0,9,12,1,7,11,16,633,545,10,13,7,9,5,15,17,17,2,2,8,7,13,19,53,41
34.0,Sat,2022-04-23,15:00,Norwich City,Newcastle Utd,0.6,1.9,0–3,26910.0,Chris Kavanagh,2021-2022,Grant Hanley,Jamaal Lascelles,(4-2-3-1),(4-3-3),46%,54%,344 of 463 — 74%,82% — 451 of 551,2 of 5 — 40%,54% — 7 of 13,4 of 7 — 57%,100% — 2 of 2,0.0,0,2.0,0,11,10,2,3,14,10,562,662,20,15,15,14,10,11,12,20,1,0,7,7,26,27,72,67
34.0,Sat,2022-04-23,15:00,Leicester City,Aston Villa,0.3,0.9,0–0,32185.0,Andy Madley,2021-2022,Kasper Schmeichel,Tyrone Mings,(4-1-4-1),(4-3-2-1),64%,36%,476 of 579 — 82%,67% — 222 of 332,2 of 5 — 40%,27% — 3 of 11,3 of 3 — 100%,100% — 2 of 2,3.0,0,2.0,0,15,16,7,6,26,15,670,429,13,15,6,8,10,10,13,24,0,1,5,4,28,23,48,64
34.0,Sat,2022-04-23,15:00,Manchester City,Watford,3.6,0.5,5–1,53013.0,Kevin Friend,2021-2022,Fernandinho,Moussa Sissoko,(4-2-3-1),(4-3-3),73%,27%,641 of 738 — 87%,72% — 194 of 269,7 of 20 — 35%,40% — 2 of 5,1 of 2 — 50%,42% — 3 of 7,1.0,0,0.0,0,9,7,11,4,19,8,841,381,25,11,7,16,6,4,14,30,0,2,3,8,13,12,63,50
34.0,Sat,2022-04-23,17:30,Brentford,Tottenham,0.9,0.6,0–0,17072.0,Martin Atkinson,2021-2022,Pontus Jansson,Hugo Lloris,(5-3-2),(3-4-3),44%,56%,321 of 440 — 73%,82% — 454 of 554,1 of 15 — 7%,0% — 0 of 9,0 of 0 — %,100% — 1 of 1,2.0,0,1.0,0,8,7,12,8,26,26,553,683,12,11,10,13,15,16,25,34,1,1,9,6,19,18,82,55
34.0,Sun,2022-04-24,14:00,Chelsea,West Ham,3.0,0.5,1–0,32231.0,Michael Oliver,2021-2022,César Azpilicueta,Mark Noble,(3-4-1-2),(3-4-3),66%,34%,655 of 757 — 87%,73% — 283 of 390,4 of 25 — 16%,33% — 2 of 6,2 of 2 — 100%,75% — 3 of 4,1.0,0,0.0,1,11,9,3,1,21,10,865,497,11,14,9,5,10,9,7,25,2,2,5,17,16,18,54,67
34.0,Sun,2022-04-24,14:00,Burnley,Wolves,1.4,0.6,1–0,19246.0,Anthony Taylor,2021-2022,James Tarkowski,Conor Coady,(4-4-2),(3-4-3),36%,64%,261 of 363 — 72%,82% — 522 of 639,5 of 14 — 36%,40% — 4 of 10,4 of 4 — 100%,80% — 4 of 5,3.0,0,1.0,0,8,7,3,6,12,16,490,756,20,28,15,9,11,12,18,16,5,2,6,5,15,25,58,64
34.0,Sun,2022-04-24,14:00,Brighton,Southampton,1.7,0.9,2–2,31335.0,Robert Jones,2021-2022,Lewis Dunk,James Ward-Prowse,(4-3-1-2),(4-4-2),48%,52%,257 of 400 — 64%,67% — 291 of 432,5 of 8 — 63%,28% — 5 of 18,3 of 5 — 60%,80% — 4 of 5,1.0,0,0.0,0,12,7,6,6,20,26,535,557,17,13,6,17,23,21,32,23,2,3,9,4,20,33,81,73
34.0,Sun,2022-04-24,16:30,Liverpool,Everton,1.7,0.4,2–0,53213.0,Stuart Attwell,2021-2022,Virgil van Dijk,Séamus Coleman,(4-3-3),(4-3-3),82%,18%,739 of 859 — 86%,54% — 104 of 193,4 of 18 — 22%,11% — 1 of 9,1 of 1 — 100%,50% — 2 of 4,2.0,0,5.0,0,8,8,13,1,36,4,970,356,15,20,4,14,13,11,6,37,1,0,9,9,29,16,83,61
34.0,Mon,2022-04-25,20:00,Crystal Palace,Leeds United,1.9,0.5,0–0,25357.0,Darren England,2021-2022,James McArthur,Liam Cooper,(4-3-3),(4-2-3-1),53%,47%,368 of 494 — 74%,69% — 308 of 444,7 of 17 — 41%,22% — 2 of 9,2 of 2 — 100%,100% — 7 of 7,2.0,0,2.0,0,12,13,6,3,20,10,616,570,13,29,12,12,26,19,9,25,1,1,9,8,31,25,85,79
37.0,Thu,2022-04-28,19:45,Manchester Utd,Chelsea,0.5,1.9,1–1,73564.0,Mike Dean,2021-2022,Bruno Fernandes,César Azpilicueta,(4-2-3-1),(3-4-1-2),36%,64%,287 of 375 — 77%,86% — 584 of 680,3 of 6 — 50%,29% — 6 of 21,5 of 6 — 83%,66% — 2 of 3,0.0,0,1.0,0,9,12,2,9,10,26,488,774,16,12,14,9,15,12,32,15,2,3,10,2,16,20,62,54
35.0,Sat,2022-04-30,12:30,Newcastle Utd,Liverpool,0.2,2.3,0–1,52281.0,Andre Marriner,2021-2022,Jonjo Shelvey,Jordan Henderson,(4-3-3),(4-3-3),36%,64%,201 of 318 — 63%,82% — 464 of 567,2 of 4 — 50%,42% — 10 of 24,9 of 10 — 90%,100% — 2 of 2,1.0,0,3.0,0,11,11,0,6,5,16,422,683,19,15,4,6,20,17,21,15,9,1,16,2,27,15,73,78
35.0,Sat,2022-04-30,15:00,Watford,Burnley,1.0,1.6,1–2,20738.0,Craig Pawson,2021-2022,Moussa Sissoko,James Tarkowski,(4-3-3),(4-4-2),47%,53%,248 of 393 — 63%,67% — 296 of 444,1 of 13 — 8%,35% — 6 of 17,4 of 6 — 66%,100% — 1 of 1,1.0,0,2.0,0,13,9,5,6,26,20,529,568,16,16,8,8,30,23,28,23,1,0,8,11,29,27,86,89
35.0,Sat,2022-04-30,15:00,Wolves,Brighton,0.7,2.6,0–3,31243.0,Simon Hooper,2021-2022,Conor Coady,Lewis Dunk,(3-5-2),(3-4-3),49%,51%,394 of 499 — 79%,82% — 423 of 518,1 of 11 — 9%,53% — 8 of 15,6 of 8 — 75%,100% — 1 of 1,2.0,0,1.0,0,6,4,7,3,20,12,591,630,19,22,5,9,8,6,10,12,1,1,6,8,16,19,59,59
35.0,Sat,2022-04-30,15:00,Aston Villa,Norwich City,1.8,0.5,2–0,40290.0,John Brooks,2021-2022,Tyrone Mings,Grant Hanley,(4-1-4-1),(4-2-3-1),45%,55%,347 of 443 — 78%,81% — 436 of 538,6 of 21 — 29%,33% — 3 of 9,3 of 3 — 100%,66% — 4 of 6,4.0,0,1.0,0,16,8,2,3,12,10,546,636,26,12,13,14,10,9,12,9,3,0,10,8,25,32,49,79
35.0,Sat,2022-04-30,15:00,Southampton,Crystal Palace,0.6,1.1,1–2,31359.0,Jarred Gillett,2021-2022,James Ward-Prowse,James McArthur,(4-4-2),(4-3-3),38%,62%,237 of 362 — 65%,80% — 468 of 583,3 of 8 — 38%,36% — 5 of 14,3 of 5 — 60%,66% — 2 of 3,1.0,0,3.0,0,13,11,6,7,15,21,483,708,23,9,13,8,31,22,25,30,0,4,6,7,16,24,67,78
35.0,Sat,2022-04-30,17:30,Leeds United,Manchester City,1.3,2.4,0–4,35771.0,Paul Tierney,2021-2022,Luke Ayling,İlkay Gündoğan,(5-4-1),(4-2-3-1),42%,58%,363 of 471 — 77%,87% — 572 of 660,1 of 7 — 14%,32% — 6 of 19,2 of 6 — 33%,100% — 1 of 1,1.0,0,2.0,0,13,3,3,6,16,18,581,787,29,9,3,9,9,12,13,21,3,1,6,3,26,20,53,62
35.0,Sun,2022-05-01,14:00,Tottenham,Leicester City,1.2,0.5,3–1,59482.0,Jonathan Moss,2021-2022,Hugo Lloris,Kasper Schmeichel,(3-4-3),(3-5-2),40%,60%,350 of 442 — 79%,84% — 569 of 675,7 of 13 — 54%,33% — 2 of 6,1 of 2 — 50%,57% — 4 of 7,2.0,0,3.0,0,13,8,6,3,17,21,566,781,20,16,15,6,18,7,25,12,2,0,6,7,16,20,60,47
35.0,Sun,2022-05-01,14:00,Everton,Chelsea,0.8,0.8,1–0,39256.0,Kevin Friend,2021-2022,Séamus Coleman,César Azpilicueta,(5-4-1),(3-4-1-2),23%,77%,131 of 229 — 57%,86% — 666 of 770,4 of 9 — 44%,29% — 5 of 17,5 of 5 — 100%,75% — 3 of 4,3.0,0,5.0,0,9,12,3,8,11,27,359,882,13,18,10,5,12,12,25,18,0,2,7,10,20,15,69,50
35.0,Sun,2022-05-01,16:30,West Ham,Arsenal,0.5,0.9,1–2,59959.0,Mike Dean,2021-2022,Mark Noble,Martin Ødegaard,(4-2-3-1),(4-2-3-1),57%,43%,533 of 638 — 84%,82% — 396 of 482,3 of 8 — 38%,54% — 7 of 13,5 of 7 — 71%,66% — 2 of 3,2.0,0,2.0,0,7,9,3,7,22,13,717,594,11,16,8,10,14,18,9,27,1,0,6,6,23,11,67,54
35.0,Mon,2022-05-02,20:00,Manchester Utd,Brentford,2.0,0.6,3–0,73482.0,Chris Kavanagh,2021-2022,Bruno Fernandes,Pontus Jansson,(4-2-3-1),(5-3-2),63%,37%,666 of 740 — 90%,78% — 331 of 427,4 of 8 — 50%,33% — 4 of 12,4 of 4 — 100%,50% — 2 of 4,1.0,0,0.0,0,4,6,3,8,7,29,847,496,11,9,11,6,15,10,34,5,3,2,8,6,10,17,50,60
36.0,Sat,2022-05-07,15:00,Burnley,Aston Villa,1.9,2.1,1–3,20891.0,David Coote,2021-2022,James Tarkowski,Tyrone Mings,(4-4-2),(4-1-2-1-2),49%,51%,358 of 466 — 77%,78% — 383 of 488,6 of 14 — 43%,58% — 7 of 12,4 of 7 — 57%,83% — 5 of 6,1.0,0,2.0,0,13,11,4,5,15,13,563,601,16,13,8,6,15,17,10,17,1,2,3,11,18,21,82,82
36.0,Sat,2022-05-07,15:00,Crystal Palace,Watford,2.2,0.4,1–0,24622.0,Graham Scott,2021-2022,Joel Ward,Moussa Sissoko,(4-3-3),(4-3-3),67%,33%,487 of 589 — 83%,68% — 194 of 284,6 of 14 — 43%,17% — 1 of 6,1 of 1 — 100%,100% — 6 of 6,2.0,0,4.5,0,11,18,8,5,24,16,673,391,11,16,3,11,14,17,12,24,2,0,3,8,25,16,81,72
36.0,Sat,2022-05-07,15:00,Brentford,Southampton,2.6,1.4,3–0,17051.0,Michael Salisbury,2021-2022,Pontus Jansson,James Ward-Prowse,(4-3-3),(4-4-2),41%,59%,252 of 358 — 70%,77% — 399 of 520,5 of 18 — 28%,21% — 4 of 19,4 of 4 — 100%,40% — 2 of 5,0.0,0,1.0,0,12,9,4,7,14,30,480,628,10,17,15,8,15,14,26,17,0,2,10,9,16,13,82,56
36.0,Sat,2022-05-07,15:00,Chelsea,Wolves,1.7,2.0,2–2,32190.0,Peter Bankes,2021-2022,César Azpilicueta,Conor Coady,(3-4-1-2),(3-5-2),59%,41%,450 of 538 — 84%,77% — 287 of 372,5 of 18 — 28%,29% — 4 of 14,2 of 4 — 50%,80% — 4 of 5,1.0,0,3.0,0,7,11,9,3,20,18,645,488,20,18,8,12,15,10,17,29,2,1,9,9,18,15,52,52
36.0,Sat,2022-05-07,17:30,Brighton,Manchester Utd,2.3,0.9,4–0,31637.0,Andy Madley,2021-2022,Lewis Dunk,Bruno Fernandes,(3-4-3),(4-2-3-1),42%,58%,315 of 418 — 75%,82% — 463 of 566,5 of 17 — 29%,33% — 5 of 15,5 of 5 — 100%,20% — 1 of 5,0.0,0,2.0,0,13,9,7,6,20,22,525,665,11,13,10,11,9,13,20,31,3,3,6,7,17,13,60,52
36.0,Sat,2022-05-07,19:45,Liverpool,Tottenham,1.3,0.9,1–1,53177.0,Michael Oliver,2021-2022,Jordan Henderson,Hugo Lloris,(4-3-3),(3-4-3),64%,36%,561 of 687 — 82%,74% — 282 of 381,3 of 22 — 14%,38% — 3 of 8,2 of 3 — 66%,66% — 2 of 3,3.0,0,2.0,0,12,8,11,5,46,17,804,539,19,20,4,13,15,12,14,53,0,0,4,13,19,20,76,68
36.0,Sun,2022-05-08,14:00,Leicester City,Everton,1.5,1.1,1–2,32001.0,Craig Pawson,2021-2022,Kasper Schmeichel,Séamus Coleman,(3-1-4-2),(5-4-1),66%,34%,581 of 692 — 84%,72% — 256 of 355,8 of 16 — 50%,40% — 4 of 10,2 of 4 — 50%,87% — 7 of 8,3.0,0,0.0,0,11,6,6,1,24,5,778,470,16,13,5,8,19,12,7,24,2,0,3,6,29,15,49,82
36.0,Sun,2022-05-08,14:00,Arsenal,Leeds United,2.0,0.3,2–1,60108.0,Chris Kavanagh,2021-2022,Martin Ødegaard,Luke Ayling,(4-2-3-1),(4-2-3-1),64%,36%,596 of 682 — 87%,78% — 302 of 389,9 of 19 — 47%,67% — 2 of 3,1 of 2 — 50%,77% — 7 of 9,2.0,0,2.0,1,13,15,8,2,26,8,773,482,16,24,5,2,7,8,10,25,1,0,1,13,30,10,55,61
36.0,Sun,2022-05-08,14:00,Norwich City,West Ham,0.8,3.0,0–4,26428.0,Robert Jones,2021-2022,Grant Hanley,Declan Rice,(4-2-3-1),(4-2-3-1),37%,63%,340 of 416 — 82%,89% — 642 of 723,2 of 8 — 25%,33% — 4 of 12,1 of 4 — 25%,100% — 2 of 2,1.0,0,1.0,0,7,7,9,5,18,18,498,798,12,12,9,8,7,8,20,14,2,3,5,4,8,15,47,59
36.0,Sun,2022-05-08,16:30,Manchester City,Newcastle Utd,3.1,0.8,5–0,53336.0,Stuart Attwell,2021-2022,İlkay Gündoğan,Jamaal Lascelles,(4-2-3-1),(4-3-3),71%,29%,663 of 746 — 89%,75% — 229 of 307,9 of 21 — 43%,43% — 3 of 7,3 of 3 — 100%,44% — 4 of 9,1.0,0,3.0,0,6,11,8,2,19,11,836,400,8,19,5,7,21,12,12,21,1,4,5,15,12,9,57,63
33.0,Tue,2022-05-10,20:00,Aston Villa,Liverpool,1.4,1.8,1–2,41919.0,Jonathan Moss,2021-2022,Tyrone Mings,Virgil van Dijk,(4-3-1-2),(4-3-3),40%,60%,286 of 384 — 74%,81% — 468 of 575,4 of 9 — 44%,29% — 5 of 17,3 of 5 — 60%,75% — 3 of 4,0.0,0,0.0,0,10,12,2,3,11,17,483,668,12,15,12,8,12,10,17,14,3,2,9,6,24,20,68,85
33.0,Wed,2022-05-11,19:30,Leeds United,Chelsea,0.4,1.3,0–3,36549.0,Anthony Taylor,2021-2022,Liam Cooper,Jorginho,(5-4-1),(3-4-3),33%,67%,325 of 412 — 79%,89% — 759 of 850,0 of 5 — 0%,18% — 3 of 17,0 of 3 — 0%,% — 0 of 0,1.0,1,0.0,0,10,14,1,4,8,16,518,936,16,17,10,8,10,12,18,11,0,3,10,3,17,11,59,53
21.0,Wed,2022-05-11,19:45,Leicester City,Norwich City,2.0,1.1,3–0,38092.0,Simon Hooper,2021-2022,Kasper Schmeichel,Grant Hanley,(4-2-3-1),(4-1-4-1),65%,35%,607 of 703 — 86%,81% — 310 of 384,8 of 20 — 40%,56% — 5 of 9,5 of 5 — 100%,62% — 5 of 8,0.0,0,0.0,0,10,5,10,2,33,8,808,527,24,19,4,5,15,5,11,37,1,0,2,9,25,18,75,51
30.0,Wed,2022-05-11,19:45,Watford,Everton,0.3,0.7,0–0,20653.0,Mike Dean,2021-2022,Moussa Sissoko,Séamus Coleman,(4-3-3),(5-4-1),48%,52%,400 of 496 — 81%,77% — 413 of 538,0 of 6 — 0%,31% — 5 of 16,5 of 5 — 100%,% — 0 of 0,1.0,0,2.0,0,5,12,1,13,10,29,629,641,15,25,12,11,21,25,21,11,1,1,4,9,12,17,73,90
33.0,Wed,2022-05-11,20:15,Wolves,Manchester City,0.5,2.3,1–5,32000.0,Martin Atkinson,2021-2022,Conor Coady,Fernandinho,(3-5-2),(4-2-3-1),34%,66%,340 of 418 — 81%,90% — 739 of 819,3 of 7 — 43%,33% — 5 of 15,0 of 5 — 0%,66% — 2 of 3,0.0,0,1.0,0,2,11,6,2,15,12,503,905,16,22,8,8,4,11,12,10,2,3,9,2,8,12,59,63
22.0,Thu,2022-05-12,19:45,Tottenham,Arsenal,2.7,0.5,3–0,62027.0,Paul Tierney,2021-2022,Hugo Lloris,Martin Ødegaard,(3-4-3),(4-3-3),57%,43%,521 of 589 — 88%,83% — 368 of 443,5 of 15 — 33%,56% — 5 of 9,5 of 5 — 100%,60% — 3 of 5,1.0,0,6.5,0,8,15,2,2,11,13,677,524,16,6,13,9,9,9,12,11,1,0,5,7,7,16,39,42
37.0,Sun,2022-05-15,12:00,Tottenham,Burnley,2.2,0.7,1–0,61729.0,Kevin Friend,2021-2022,Hugo Lloris,Jack Cork,(3-4-3),(5-3-2),68%,32%,600 of 705 — 85%,72% — 240 of 334,6 of 20 — 30%,13% — 1 of 8,1 of 1 — 100%,100% — 6 of 6,3.0,0,2.0,0,12,8,8,2,34,13,791,443,9,17,4,8,24,21,17,32,1,2,6,9,20,15,68,81
37.0,Sun,2022-05-15,14:00,Wolves,Norwich City,0.9,1.1,1–1,31219.0,Tony Harrington,2021-2022,Conor Coady,Grant Hanley,(3-4-3),(3-4-3),64%,36%,580 of 662 — 88%,75% — 286 of 379,4 of 17 — 24%,18% — 2 of 11,1 of 2 — 50%,75% — 3 of 4,0.0,0,3.0,0,5,10,5,3,27,7,758,470,8,24,8,9,14,10,10,23,0,0,10,15,19,18,49,62
37.0,Sun,2022-05-15,14:00,Aston Villa,Crystal Palace,1.0,1.4,1–1,41136.0,Chris Kavanagh,2021-2022,Tyrone Mings,Luka Milivojević,(4-3-1-2),(5-3-2),49%,51%,411 of 505 — 81%,83% — 442 of 535,4 of 13 — 31%,25% — 4 of 16,3 of 4 — 75%,75% — 3 of 4,1.0,0,3.0,0,11,15,1,5,11,21,618,642,20,12,12,13,9,18,18,15,1,0,7,6,22,22,49,65
37.0,Sun,2022-05-15,14:00,Watford,Leicester City,1.4,2.5,1–5,20257.0,Jarred Gillett,2021-2022,Moussa Sissoko,Jonny Evans,(4-3-3),(4-1-4-1),41%,59%,303 of 400 — 76%,83% — 484 of 580,5 of 13 — 38%,54% — 7 of 13,2 of 7 — 28%,80% — 4 of 5,0.0,0,1.0,0,4,6,7,3,24,21,492,687,19,26,16,7,13,19,10,20,3,2,11,7,19,23,73,69
37.0,Sun,2022-05-15,14:00,West Ham,Manchester City,1.1,2.4,2–2,59972.0,Anthony Taylor,2021-2022,Declan Rice,Fernandinho,(4-2-3-1),(4-3-3),22%,78%,139 of 215 — 65%,88% — 658 of 752,2 of 6 — 33%,23% — 7 of 30,6 of 7 — 85%,0% — 0 of 2,3.0,0,1.0,0,9,5,4,9,13,39,347,846,11,10,13,5,18,19,40,13,1,0,17,5,9,15,66,56
37.0,Sun,2022-05-15,14:00,Leeds United,Brighton,1.6,2.2,1–1,36638.0,Mike Dean,2021-2022,Liam Cooper,Lewis Dunk,(4-2-3-1),(3-4-3),50%,50%,308 of 449 — 69%,74% — 328 of 441,4 of 19 — 21%,40% — 6 of 15,5 of 6 — 83%,75% — 3 of 4,3.0,0,2.0,0,16,8,8,1,23,9,549,574,13,13,11,9,13,22,7,26,1,1,10,10,24,21,83,85
37.0,Sun,2022-05-15,16:30,Everton,Brentford,2.1,1.4,2–3,38819.0,Michael Oliver,2021-2022,Séamus Coleman,Pontus Jansson,(3-4-3),(4-3-3),28%,72%,156 of 246 — 63%,84% — 535 of 636,4 of 9 — 44%,33% — 6 of 18,4 of 6 — 66%,75% — 3 of 4,0.0,2,3.0,0,8,8,5,2,20,23,356,722,5,14,10,6,14,14,26,11,2,1,13,8,11,22,74,85
37.0,Mon,2022-05-16,20:00,Newcastle Utd,Arsenal,1.6,0.6,2–0,52274.0,Darren England,2021-2022,Callum Wilson,Martin Ødegaard,(4-3-3),(4-2-3-1),51%,49%,289 of 387 — 75%,77% — 280 of 365,4 of 16 — 25%,18% — 2 of 11,2 of 2 — 100%,75% — 3 of 4,0.0,0,3.0,0,11,8,12,8,31,15,485,464,18,15,8,4,18,9,20,29,6,1,4,10,21,13,67,57
37.0,Tue,2022-05-17,19:45,Southampton,Liverpool,0.1,1.3,1–2,31588.0,Martin Atkinson,2021-2022,James Ward-Prowse,James Milner,(5-4-1),(4-3-3),30%,70%,243 of 335 — 73%,86% — 690 of 800,2 of 4 — 50%,21% — 5 of 24,3 of 5 — 60%,50% — 1 of 2,2.0,0,0.0,0,6,6,1,9,10,35,477,906,15,18,8,9,15,13,42,14,0,2,14,1,17,25,70,56
33.0,Thu,2022-05-19,19:45,Everton,Crystal Palace,0.8,1.1,3–2,38448.0,Anthony Taylor,2021-2022,Séamus Coleman,Marc Guéhi,(3-4-3),(4-3-3),43%,57%,261 of 394 — 66%,74% — 383 of 516,6 of 12 — 50%,71% — 5 of 7,3 of 5 — 60%,50% — 3 of 6,2.0,0,3.0,0,9,12,4,5,25,18,525,636,25,20,7,4,32,23,21,36,0,3,4,13,22,24,80,86
18.0,Thu,2022-05-19,20:00,Aston Villa,Burnley,1.5,1.6,1–1,40468.0,Paul Tierney,2021-2022,Tyrone Mings,James Tarkowski,(4-3-2-1),(5-3-2),71%,29%,558 of 646 — 86%,66% — 176 of 265,9 of 22 — 41%,33% — 3 of 9,3 of 3 — 100%,88% — 8 of 9,0.0,0,1.0,1,11,20,13,6,35,14,754,361,16,11,3,2,13,15,21,34,1,0,2,14,17,12,47,74
27.0,Thu,2022-05-19,20:00,Chelsea,Leicester City,1.6,0.1,1–1,31478.0,Stuart Attwell,2021-2022,Jorginho,Kasper Schmeichel,(3-4-3),(3-1-4-2),67%,33%,727 of 805 — 90%,79% — 311 of 394,7 of 20 — 35%,50% — 1 of 2,0 of 1 — 0%,85% — 6 of 7,4.0,0,1.0,0,13,7,6,0,26,4,902,507,10,18,11,12,11,8,6,31,1,1,2,9,21,11,56,49
38.0,Sun,2022-05-22,16:00,Burnley,Newcastle Utd,1.6,1.8,1–2,21361.0,Craig Pawson,2021-2022,James Tarkowski,Jamaal Lascelles,(4-4-2),(4-3-3),52%,48%,275 of 410 — 67%,71% — 263 of 372,4 of 12 — 33%,71% — 5 of 7,4 of 5 — 80%,75% — 3 of 4,1.0,0,0.0,0,8,9,8,2,23,9,517,492,11,22,4,8,19,19,12,28,5,0,8,8,35,22,83,76
38.0,Sun,2022-05-22,16:00,Crystal Palace,Manchester Utd,0.6,0.7,1–0,25434.0,Martin Atkinson,2021-2022,Joel Ward,Harry Maguire,(4-3-3),(4-2-3-1),39%,61%,263 of 367 — 72%,80% — 466 of 582,3 of 6 — 50%,40% — 4 of 10,4 of 4 — 100%,66% — 2 of 3,2.0,0,4.0,0,12,22,3,6,11,21,479,679,8,17,9,12,8,10,21,10,2,4,6,4,21,27,62,66
38.0,Sun,2022-05-22,16:00,Manchester City,Aston Villa,3.4,0.2,3–2,53395.0,Michael Oliver,2021-2022,Fernandinho,Tyrone Mings,(4-3-3),(4-3-2-1),71%,29%,568 of 670 — 85%,66% — 180 of 271,5 of 24 — 21%,50% — 2 of 4,0 of 2 — 0%,40% — 2 of 5,0.0,0,2.0,0,5,11,13,1,35,5,762,388,11,17,5,11,23,18,9,31,1,2,3,20,30,14,69,75
38.0,Sun,2022-05-22,16:00,Brentford,Leeds United,0.8,1.3,1–2,16957.0,Paul Tierney,2021-2022,Pontus Jansson,Liam Cooper,(4-3-3),(4-4-1-1),49%,51%,345 of 452 — 76%,72% — 347 of 479,5 of 14 — 36%,38% — 5 of 13,4 of 5 — 80%,80% — 4 of 5,5.5,0,1.0,0,11,13,3,2,13,14,562,565,12,10,15,14,28,16,24,8,0,2,9,11,19,20,61,83
38.0,Sun,2022-05-22,16:00,Arsenal,Everton,4.2,1.1,5–1,60201.0,Andre Marriner,2021-2022,Martin Ødegaard,Asmir Begović,(4-2-3-1),(5-4-1),73%,27%,601 of 688 — 87%,64% — 163 of 254,8 of 25 — 32%,33% — 2 of 6,1 of 2 — 50%,50% — 4 of 8,0.0,0,1.0,0,8,9,12,2,25,6,789,358,12,21,5,1,8,15,12,30,2,0,5,8,12,13,39,59
38.0,Sun,2022-05-22,16:00,Norwich City,Tottenham,0.5,3.4,0–5,27022.0,Chris Kavanagh,2021-2022,Grant Hanley,Hugo Lloris,(5-4-1),(3-4-3),41%,59%,349 of 440 — 79%,89% — 574 of 644,0 of 9 — 0%,63% — 12 of 19,7 of 12 — 58%,% — 0 of 0,3.0,0,1.0,0,13,7,3,2,14,6,513,735,14,8,11,9,6,10,7,13,0,4,4,8,17,16,80,46
38.0,Sun,2022-05-22,16:00,Leicester City,Southampton,3.4,1.1,4–1,32003.0,Jonathan Moss,2021-2022,Kasper Schmeichel,James Ward-Prowse,(4-2-3-1),(4-4-2),51%,49%,375 of 479 — 78%,75% — 349 of 467,6 of 12 — 50%,17% — 1 of 6,1 of 1 — 100%,33% — 2 of 6,0.0,0,1.0,0,10,5,3,3,9,14,588,566,20,17,7,11,8,10,16,9,1,3,7,4,19,21,52,72
38.0,Sun,2022-05-22,16:00,Liverpool,Wolves,2.7,1.3,3–1,53097.0,Anthony Taylor,2021-2022,Jordan Henderson,Conor Coady,(4-3-3),(3-5-2),63%,37%,632 of 730 — 87%,80% — 343 of 430,7 of 29 — 24%,71% — 5 of 7,4 of 5 — 80%,57% — 4 of 7,1.0,0,0.0,0,6,3,5,3,24,9,835,570,21,18,6,15,7,4,8,31,3,1,4,9,25,15,63,89
38.0,Sun,2022-05-22,16:00,Brighton,West Ham,1.6,0.2,3–1,31604.0,Kevin Friend,2021-2022,Lewis Dunk,Declan Rice,(4-3-2-1),(4-2-3-1),50%,50%,426 of 527 — 81%,78% — 418 of 536,7 of 18 — 39%,29% — 2 of 7,1 of 2 — 50%,57% — 4 of 7,1.0,0,1.0,0,9,9,5,6,19,29,626,624,12,14,6,6,20,13,26,20,0,0,5,8,13,20,60,95
38.0,Sun,2022-05-22,16:00,Chelsea,Watford,2.2,0.6,2–1,32089.0,Mike Dean,2021-2022,César Azpilicueta,Moussa Sissoko,(3-4-3),(4-3-3),71%,29%,688 of 770 — 89%,72% — 224 of 309,8 of 19 — 42%,38% — 3 of 8,2 of 3 — 66%,75% — 6 of 8,0.0,0,0.0,0,9,9,3,3,13,11,898,421,32,25,9,14,15,9,11,17,0,2,3,7,20,11,61,55
