Wk,Day,Date,Time,Home,Away,xG,xG.1,Score,Attendance,Referee,season,t1_captain,t2_captain,t1_formation,t2_formation,t1_possession,t2_possession,t1_passing,t2_passing,t1_shots,t2_shots,t1_saves,t2_saves,t1_yellow_cards,t1_red_cards,t2_yellow_cards,t2_red_cards,t1_fouls,t2_fouls,t1_corners,t2_corners,t1_crosses,t2_crosses,t1_touches,t2_touches,t1_tackles,t2_tackles,t1_interceptions,t2_interceptions,t1_aerials_won,t2_aerials_won,t1_clearances,t2_clearances,t1_offsides,t2_offsides,t1_goal_kicks,t2_goal_kicks,t1_throw_ins,t2_throw_ins,t1_long_balls,t2_long_balls
1.0,Sat,2019-08-24,18:00,Parma,Juventus,0.3,1.4,0–1,20073.0,Fabio Maresca,2019-2020,Bruno Alves,Giorgio Chiellini,(4-3-3),(4-3-3),39%,61%,277 of 360 — 77%,85% — 479 of 564,2 of 8 — 25%,29% — 4 of 14,3 of 4 — 75%,100% — 2 of 2,2.0,0,3.0,0,13,14,5,8,12,27,455,661,14,17,9,9,8,10,21,15,2,1,10,4,16,18,72,58
1.0,Sat,2019-08-24,20:45,Fiorentina,Napoli,1.7,2.0,3–4,33614.0,Davide Massa,2019-2020,Germán Pezzella,Lorenzo Insigne,(4-3-3),(4-4-1-1),43%,57%,341 of 423 — 81%,84% — 470 of 557,5 of 19 — 26%,40% — 6 of 15,3 of 6 — 50%,60% — 3 of 5,2.0,0,4.0,0,21,16,4,5,15,14,528,644,14,12,11,9,9,11,15,13,1,0,3,8,14,15,37,51
1.0,Sun,2019-08-25,18:00,Udinese,Milan,0.8,0.7,1–0,24584.0,Fabrizio Pasqua,2019-2020,Kevin Lasagna,Alessio Romagnoli,(3-5-2),(4-3-1-2),41%,59%,317 of 401 — 79%,86% — 488 of 567,6 of 17 — 35%,0% — 0 of 14,0 of 0 — %,83% — 5 of 6,1.0,0,3.0,0,16,11,9,4,24,16,508,673,12,14,12,3,14,14,18,36,0,0,10,7,19,10,74,36
1.0,Sun,2019-08-25,20:45,Hellas Verona,Bologna,0.2,1.8,1–1,16324.0,Antonio Giua,2019-2020,Miguel Veloso,Andrea Poli,(3-4-3),(4-2-3-1),27%,73%,136 of 233 — 58%,84% — 540 of 642,2 of 5 — 40%,7% — 1 of 15,1 of 1 — 100%,50% — 1 of 2,1.0,1,3.0,0,13,14,1,6,3,24,335,733,16,15,11,6,21,16,38,6,2,1,15,5,18,21,65,61
1.0,Sun,2019-08-25,20:45,SPAL,Atalanta,1.6,1.8,2–3,11706.0,Gianluca Manganiello,2019-2020,Felipe dal Belo,Papu Gómez,(3-5-2),(3-4-1-2),41%,59%,258 of 371 — 70%,76% — 406 of 531,3 of 9 — 33%,62% — 13 of 21,10 of 13 — 76%,33% — 1 of 3,2.0,0,1.0,0,13,16,2,10,15,31,484,636,14,17,9,14,20,28,32,16,2,2,8,8,15,20,58,73
1.0,Sun,2019-08-25,20:45,Sampdoria,Lazio,0.7,1.8,0–3,19500.0,Gianluca Rocchi,2019-2020,Fabio Quagliarella,Senad Lulić,(4-3-3),(5-3-2),50%,50%,400 of 483 — 83%,80% — 391 of 487,8 of 16 — 50%,59% — 10 of 17,7 of 10 — 70%,100% — 8 of 8,2.0,0,2.0,0,12,12,5,9,16,22,591,597,18,25,6,12,13,19,20,21,1,6,9,5,14,16,40,84
1.0,Sun,2019-08-25,20:45,Roma,Genoa,2.5,1.3,3–3,38779.0,Giampaolo Calvarese,2019-2020,Alessandro Florenzi,Domenico Criscito,(4-2-3-1),(3-1-4-2),53%,47%,400 of 483 — 83%,81% — 347 of 430,9 of 23 — 39%,60% — 3 of 5,1 of 3 — 33%,66% — 6 of 9,3.0,0,1.0,0,14,15,5,1,19,10,575,526,10,13,9,10,11,13,16,31,0,6,4,12,15,19,62,66
1.0,Sun,2019-08-25,20:45,Cagliari,Brescia,1.2,1.3,0–1,16099.0,Eugenio Abbattista,2019-2020,Luca Ceppitelli,Dimitri Bisoli,(4-3-1-2),(4-3-1-2),57%,43%,410 of 543 — 76%,65% — 263 of 402,4 of 14 — 29%,11% — 1 of 9,1 of 1 — 100%,100% — 4 of 4,2.0,0,2.0,0,10,12,8,8,32,20,676,521,9,12,24,11,24,28,32,39,2,7,9,9,29,26,98,84
1.0,Sun,2019-08-25,20:45,Torino,Sassuolo,1.2,1.3,2–1,16536.0,Maurizio Mariani,2019-2020,Andrea Belotti,Andrea Consigli,(3-5-2),(4-3-1-2),36%,64%,196 of 298 — 66%,83% — 442 of 534,4 of 10 — 40%,45% — 9 of 20,8 of 9 — 88%,50% — 2 of 4,4.0,0,3.0,0,21,14,6,6,17,12,434,659,27,15,15,9,24,14,16,22,3,0,8,5,25,24,78,45
1.0,Mon,2019-08-26,20:45,Inter,Lecce,1.7,0.6,4–0,64188.0,Federico La Penna,2019-2020,Samir Handanović,Fabio Lucioni,(3-5-2),(4-2-3-1),59%,41%,505 of 581 — 87%,79% — 314 of 397,8 of 24 — 33%,6% — 1 of 17,1 of 1 — 100%,50% — 4 of 8,1.0,0,2.0,1,13,9,7,7,23,21,706,484,11,10,12,5,11,14,25,23,5,0,7,10,7,13,76,51
2.0,Fri,2019-08-30,20:45,Bologna,SPAL,4.0,0.8,1–0,25086.0,Marco Di Bello,2019-2020,Andrea Poli,Felipe dal Belo,(4-3-3),(3-5-2),57%,43%,389 of 489 — 80%,68% — 252 of 369,7 of 23 — 30%,11% — 1 of 9,1 of 1 — 100%,85% — 6 of 7,3.0,0,2.0,0,13,15,11,2,28,16,627,468,13,15,9,11,34,22,22,17,2,0,9,18,14,26,65,82
2.0,Sat,2019-08-31,18:00,Milan,Brescia,1.5,0.7,1–0,56691.0,Rosario Abisso,2019-2020,Alessio Romagnoli,Ernesto Torregrossa,(4-3-2-1),(4-3-1-2),62%,38%,473 of 568 — 83%,71% — 251 of 355,4 of 16 — 25%,17% — 1 of 6,1 of 1 — 100%,75% — 3 of 4,3.0,0,4.0,0,14,18,5,3,22,11,680,471,18,23,10,6,17,16,13,25,0,6,8,7,21,22,99,49
2.0,Sat,2019-08-31,20:45,Juventus,Napoli,1.8,1.4,4–3,39203.0,Daniele Orsato,2019-2020,Leonardo Bonucci,Lorenzo Insigne,(4-3-3),(4-4-1-1),45%,55%,398 of 472 — 84%,86% — 503 of 588,7 of 12 — 58%,47% — 7 of 15,4 of 7 — 57%,57% — 4 of 7,3.0,0,3.0,0,13,13,2,5,15,14,556,675,9,13,9,9,7,11,17,15,0,1,6,7,23,23,59,51
2.0,Sun,2019-09-01,18:00,Lazio,Roma,2.2,1.3,1–1,52000.0,Marco Guida,2019-2020,Senad Lulić,Alessandro Florenzi,(3-5-2),(4-2-3-1),50%,50%,338 of 419 — 81%,81% — 334 of 413,7 of 22 — 32%,10% — 1 of 10,1 of 1 — 100%,85% — 6 of 7,4.0,0,3.0,0,15,13,8,4,23,10,519,514,17,10,7,8,18,14,13,27,2,0,9,16,13,18,59,56
2.0,Sun,2019-09-01,20:45,Cagliari,Inter,0.5,1.7,1–2,16412.0,Fabio Maresca,2019-2020,Luca Ceppitelli,Samir Handanović,(3-5-2),(3-5-2),41%,59%,356 of 443 — 80%,86% — 544 of 634,2 of 8 — 25%,50% — 4 of 8,3 of 4 — 75%,50% — 1 of 2,5.0,0,3.0,0,13,10,5,5,20,12,535,718,10,18,7,2,17,16,16,13,1,1,6,7,15,14,83,85
2.0,Sun,2019-09-01,20:45,Genoa,Fiorentina,2.1,1.9,2–1,20000.0,Piero Giacomelli,2019-2020,Domenico Criscito,Germán Pezzella,(3-4-1-2),(4-3-3),49%,51%,293 of 407 — 72%,75% — 321 of 427,8 of 23 — 35%,28% — 5 of 18,5 of 5 — 100%,75% — 6 of 8,2.0,0,0.0,0,17,14,9,8,26,28,525,542,20,7,12,9,19,16,26,18,1,1,10,10,14,20,76,55
2.0,Sun,2019-09-01,20:45,Udinese,Parma,1.4,1.3,1–3,20410.0,Marco Piccinini,2019-2020,Kevin Lasagna,Bruno Alves,(3-5-2),(4-3-3),52%,48%,431 of 519 — 83%,81% — 394 of 486,10 of 23 — 43%,38% — 3 of 8,0 of 3 — 0%,90% — 9 of 10,1.0,0,3.0,0,12,12,8,1,27,5,626,602,14,19,18,8,9,15,11,31,0,1,6,8,15,14,74,86
2.0,Sun,2019-09-01,20:45,Sassuolo,Sampdoria,2.2,1.3,4–1,9608.0,Luca Pairetto,2019-2020,Domenico Berardi,Fabio Quagliarella,(4-3-1-2),(4-3-3),69%,31%,635 of 723 — 88%,77% — 247 of 321,8 of 13 — 62%,30% — 3 of 10,3 of 3 — 100%,50% — 4 of 8,1.0,0,3.0,1,8,10,4,5,13,10,794,421,11,8,12,11,8,5,8,13,3,4,7,8,18,18,30,55
2.0,Sun,2019-09-01,20:45,Atalanta,Torino,1.8,0.8,2–3,8182.0,Daniele Doveri,2019-2020,Papu Gómez,Andrea Belotti,(3-4-1-2),(3-4-3),58%,42%,352 of 454 — 78%,72% — 240 of 335,9 of 26 — 35%,50% — 5 of 10,2 of 5 — 40%,77% — 7 of 9,2.0,0,2.0,0,14,17,12,5,31,18,574,476,20,17,4,17,18,26,19,37,1,3,8,11,19,22,58,70
2.0,Sun,2019-09-01,20:45,Lecce,Hellas Verona,0.9,1.4,0–1,24418.0,Juan Sacchi,2019-2020,Marco Mancosu,Miguel Veloso,(4-3-1-2),(3-4-1-2),48%,52%,390 of 488 — 80%,78% — 408 of 520,3 of 15 — 20%,27% — 4 of 15,3 of 4 — 75%,100% — 3 of 3,2.0,0,3.0,0,14,13,2,7,21,16,589,613,14,10,8,7,19,27,13,22,1,1,8,9,18,17,63,74
3.0,Sat,2019-09-14,15:00,Fiorentina,Juventus,1.8,0.4,0–0,40000.0,Massimiliano Irrati,2019-2020,Germán Pezzella,Leonardo Bonucci,(3-5-2),(4-4-2),47%,53%,347 of 446 — 78%,83% — 424 of 508,5 of 18 — 28%,50% — 4 of 8,4 of 4 — 100%,100% — 5 of 5,3.0,0,3.0,0,12,19,10,0,19,8,545,617,18,11,6,3,10,5,11,20,3,1,4,12,20,17,68,57
3.0,Sat,2019-09-14,18:00,Napoli,Sampdoria,1.6,2.2,2–0,40000.0,Federico La Penna,2019-2020,José Callejón,Fabio Quagliarella,(4-4-2),(3-4-1-2),67%,33%,648 of 738 — 88%,77% — 282 of 365,6 of 26 — 23%,20% — 2 of 10,2 of 2 — 100%,66% — 4 of 6,2.0,0,2.0,0,6,10,8,7,24,10,842,478,13,17,8,9,9,5,13,21,2,0,8,13,21,15,49,48
3.0,Sat,2019-09-14,20:45,Inter,Udinese,1.6,0.3,1–0,57991.0,Maurizio Mariani,2019-2020,Samir Handanović,Kevin Lasagna,(3-4-3),(3-5-1-1),64%,36%,601 of 704 — 85%,79% — 310 of 391,8 of 22 — 36%,83% — 5 of 6,5 of 5 — 100%,87% — 7 of 8,2.0,0,1.0,1,9,11,8,3,20,8,804,515,14,12,4,14,21,11,9,34,1,0,3,9,18,9,47,45
3.0,Sun,2019-09-15,12:30,Genoa,Atalanta,1.4,2.5,1–2,23395.0,Michael Fabbri,2019-2020,Domenico Criscito,Papu Gómez,(3-5-2),(3-4-3),52%,48%,317 of 417 — 76%,79% — 302 of 381,2 of 15 — 13%,29% — 5 of 17,4 of 5 — 80%,100% — 2 of 2,3.0,0,3.0,0,13,14,8,7,23,18,518,494,17,14,5,2,11,11,18,21,2,1,10,9,22,15,72,52
3.0,Sun,2019-09-15,15:00,SPAL,Lazio,1.3,1.4,2–1,13650.0,Giampaolo Calvarese,2019-2020,Francesco Vicari,Senad Lulić,(3-5-2),(3-5-2),46%,54%,374 of 460 — 81%,85% — 459 of 542,3 of 17 — 18%,36% — 4 of 11,4 of 4 — 100%,33% — 1 of 3,5.0,0,3.0,0,9,12,8,5,19,20,570,647,10,13,9,8,18,10,27,19,0,0,9,8,20,22,64,47
3.0,Sun,2019-09-15,15:00,Brescia,Bologna,1.3,3.0,3–4,15000.0,Gianluca Rocchi,2019-2020,Dimitri Bisoli,Blerim Džemaili,(4-3-1-2),(4-2-3-1),34%,66%,193 of 295 — 65%,82% — 478 of 581,6 of 9 — 67%,33% — 7 of 21,4 of 7 — 57%,50% — 3 of 6,3.5,0,6.0,0,15,17,2,10,13,27,400,689,15,13,4,5,20,26,23,18,1,1,12,4,18,18,68,70
3.0,Sun,2019-09-15,15:00,Parma,Cagliari,1.8,0.5,1–3,14068.0,Fabrizio Pasqua,2019-2020,Bruno Alves,Luca Ceppitelli,(4-3-1-2),(4-3-1-2),56%,44%,325 of 426 — 76%,70% — 238 of 341,7 of 21 — 33%,38% — 3 of 8,0 of 3 — 0%,85% — 6 of 7,0.0,0,5.0,0,12,18,12,3,24,12,521,440,12,16,10,5,27,11,9,30,4,1,10,12,26,16,76,64
3.0,Sun,2019-09-15,18:00,Roma,Sassuolo,2.6,1.3,4–2,34407.0,Daniele Chiffi,2019-2020,Alessandro Florenzi,Domenico Berardi,(4-2-3-1),(3-4-3),48%,52%,396 of 476 — 83%,86% — 453 of 524,6 of 15 — 40%,23% — 3 of 13,1 of 3 — 33%,33% — 2 of 6,1.0,0,2.0,0,13,9,8,2,18,10,564,624,11,20,10,11,6,7,13,20,2,1,11,8,19,20,61,38
3.0,Sun,2019-09-15,20:45,Hellas Verona,Milan,0.5,1.4,0–1,24363.0,Gianluca Manganiello,2019-2020,Miguel Veloso,Alessio Romagnoli,(3-4-1-2),(4-3-2-1),31%,69%,202 of 291 — 69%,87% — 572 of 656,1 of 8 — 13%,19% — 3 of 16,3 of 3 — 100%,100% — 1 of 1,4.0,1,3.0,1,13,17,2,7,8,13,403,759,16,15,13,10,9,17,24,10,5,0,9,6,17,16,56,54
3.0,Mon,2019-09-16,20:45,Torino,Lecce,2.0,1.1,1–2,21620.0,Antonio Giua,2019-2020,Andrea Belotti,Fabio Lucioni,(3-5-2),(4-3-2-1),60%,40%,424 of 529 — 80%,77% — 274 of 358,3 of 14 — 21%,26% — 5 of 19,3 of 5 — 60%,100% — 3 of 3,1.0,0,6.0,0,12,19,7,3,21,16,633,494,14,17,5,11,19,23,17,31,2,2,9,14,14,13,71,69
4.0,Fri,2019-09-20,20:45,Cagliari,Genoa,1.2,1.1,3–1,14574.0,Gianluca Manganiello,2019-2020,Luca Ceppitelli,Domenico Criscito,(4-3-1-2),(3-4-1-2),43%,57%,287 of 399 — 72%,81% — 423 of 525,4 of 13 — 31%,18% — 2 of 11,1 of 2 — 50%,50% — 2 of 4,1.0,0,1.0,0,13,9,4,3,24,24,499,652,15,19,7,3,17,19,18,31,1,1,13,9,25,29,89,77
4.0,Sat,2019-09-21,15:00,Udinese,Brescia,0.6,0.8,0–1,19611.0,Paolo Valeri,2019-2020,Kevin Lasagna,Dimitri Bisoli,(3-4-3),(4-3-1-2),57%,43%,373 of 502 — 74%,66% — 250 of 381,3 of 10 — 30%,44% — 4 of 9,3 of 4 — 75%,100% — 3 of 3,4.0,0,4.0,0,22,18,3,9,21,12,622,506,21,20,9,5,15,27,19,25,2,2,7,5,28,30,78,60
4.0,Sat,2019-09-21,18:00,Juventus,Hellas Verona,1.9,1.6,2–1,39945.0,Federico La Penna,2019-2020,Leonardo Bonucci,Miguel Veloso,(4-3-3),(3-4-3),59%,41%,466 of 558 — 84%,73% — 285 of 390,2 of 20 — 10%,33% — 3 of 9,2 of 3 — 66%,50% — 1 of 2,0.0,0,5.5,0,12,19,2,5,15,18,656,486,15,10,6,13,21,6,20,11,1,0,7,13,20,17,75,79
4.0,Sat,2019-09-21,20:45,Milan,Inter,1.0,2.1,0–2,70440.0,Daniele Doveri,2019-2020,Alessio Romagnoli,Samir Handanović,(4-3-1-2),(3-1-4-2),52%,48%,447 of 524 — 85%,83% — 399 of 483,1 of 9 — 11%,44% — 7 of 16,5 of 7 — 71%,100% — 1 of 1,2.0,0,1.0,0,14,22,2,6,14,17,643,598,18,21,9,11,11,19,31,19,1,5,8,9,21,15,54,62
4.0,Sun,2019-09-22,12:30,Sassuolo,SPAL,1.6,1.1,3–0,10937.0,Maurizio Mariani,2019-2020,Domenico Berardi,Francesco Vicari,(4-3-3),(3-5-2),54%,46%,469 of 536 — 88%,83% — 374 of 451,6 of 20 — 30%,23% — 3 of 13,3 of 3 — 100%,50% — 3 of 6,3.0,0,2.0,0,19,14,7,9,11,19,629,531,13,14,7,11,7,15,16,12,0,3,8,9,12,13,49,57
4.0,Sun,2019-09-22,15:00,Sampdoria,Torino,1.6,0.3,1–0,19041.0,Piero Giacomelli,2019-2020,Fabio Quagliarella,Andrea Belotti,(3-4-3),(3-5-2),38%,62%,206 of 326 — 63%,77% — 406 of 524,6 of 17 — 35%,20% — 1 of 5,1 of 1 — 100%,83% — 5 of 6,2.0,0,1.0,0,19,14,7,8,20,33,457,655,18,15,12,17,18,20,25,22,0,5,10,9,27,18,69,82
4.0,Sun,2019-09-22,15:00,Lecce,Napoli,1.5,2.9,1–4,21644.0,Marco Piccinini,2019-2020,Marco Mancosu,Lorenzo Insigne,(4-3-3),(4-4-2),38%,62%,337 of 416 — 81%,89% — 607 of 684,2 of 9 — 22%,45% — 9 of 20,6 of 9 — 66%,100% — 2 of 2,3.0,0,3.0,0,12,8,4,6,10,21,509,784,15,15,7,11,8,7,18,5,1,0,8,6,20,15,39,74
4.0,Sun,2019-09-22,15:00,Bologna,Roma,1.3,1.5,1–2,25513.0,Luca Pairetto,2019-2020,Andrea Poli,Alessandro Florenzi,(4-2-3-1),(4-2-3-1),40%,60%,278 of 361 — 77%,83% — 444 of 535,2 of 5 — 40%,22% — 4 of 18,2 of 4 — 50%,100% — 2 of 2,3.0,0,7.5,0,13,18,3,4,10,17,458,624,14,15,7,8,9,22,21,14,1,1,11,5,14,23,66,80
4.0,Sun,2019-09-22,18:00,Atalanta,Fiorentina,1.6,1.0,2–2,10314.0,Daniele Orsato,2019-2020,Andrea Masiello,Germán Pezzella,(3-5-2),(3-5-2),64%,36%,514 of 616 — 83%,72% — 248 of 345,3 of 19 — 16%,22% — 2 of 9,1 of 2 — 50%,33% — 1 of 3,2.0,0,5.0,0,14,11,9,1,28,7,721,476,21,24,6,8,27,14,4,31,2,0,7,16,24,9,54,73
4.0,Sun,2019-09-22,20:45,Lazio,Parma,1.7,0.5,2–0,31404.0,Rosario Abisso,2019-2020,Senad Lulić,Bruno Alves,(3-5-1-1),(4-3-3),62%,38%,623 of 708 — 88%,83% — 365 of 442,9 of 25 — 36%,17% — 1 of 6,1 of 1 — 100%,77% — 7 of 9,1.0,0,3.0,0,7,10,10,5,21,13,817,554,18,16,10,10,9,8,15,19,1,1,3,8,14,17,88,77
5.0,Tue,2019-09-24,19:00,Hellas Verona,Udinese,1.0,0.6,0–0,13740.0,Daniele Chiffi,2019-2020,Miguel Veloso,Kevin Lasagna,(3-4-3),(3-5-1-1),56%,44%,409 of 531 — 77%,70% — 296 of 424,4 of 13 — 31%,27% — 3 of 11,3 of 3 — 100%,100% — 4 of 4,0.0,0,4.0,0,5,20,6,6,26,17,652,535,10,21,12,4,22,28,20,25,4,0,6,11,25,21,86,76
5.0,Tue,2019-09-24,21:00,Brescia,Juventus,0.7,1.7,1–2,14000.0,Fabrizio Pasqua,2019-2020,Dimitri Bisoli,Leonardo Bonucci,(4-3-1-2),(4-1-2-1-2),33%,67%,270 of 366 — 74%,88% — 650 of 738,3 of 16 — 19%,25% — 5 of 20,4 of 5 — 80%,66% — 2 of 3,1.0,0,3.0,0,13,15,4,3,21,12,473,844,11,13,16,6,8,7,11,16,3,2,10,12,24,20,70,67
5.0,Wed,2019-09-25,19:00,Roma,Atalanta,1.8,1.8,0–2,31832.0,Massimiliano Irrati,2019-2020,Alessandro Florenzi,Papu Gómez,(4-2-3-1),(3-4-1-2),47%,53%,389 of 491 — 79%,83% — 464 of 558,2 of 13 — 15%,28% — 5 of 18,3 of 5 — 60%,100% — 2 of 2,2.0,0,1.0,0,18,11,5,1,14,9,586,679,13,25,12,11,15,16,8,18,2,4,14,9,21,15,76,58
5.0,Wed,2019-09-25,21:00,Fiorentina,Sampdoria,1.6,0.5,2–1,33469.0,Daniele Doveri,2019-2020,Germán Pezzella,Albin Ekdal,(3-5-2),(3-4-3),55%,45%,456 of 545 — 84%,76% — 336 of 444,8 of 17 — 47%,25% — 2 of 8,1 of 2 — 50%,75% — 6 of 8,4.0,0,6.5,0,13,16,3,1,12,13,670,534,18,8,8,11,12,10,15,11,1,1,9,10,15,29,59,60
5.0,Wed,2019-09-25,21:00,SPAL,Lecce,1.0,2.2,1–3,13292.0,Gianluca Rocchi,2019-2020,Sergio Floccari,Marco Mancosu,(3-5-2),(4-3-3),58%,42%,431 of 520 — 83%,81% — 306 of 377,6 of 18 — 33%,17% — 1 of 6,0 of 1 — 0%,83% — 5 of 6,1.0,0,2.0,0,15,14,10,1,40,4,603,491,16,20,5,7,9,11,8,27,0,1,3,8,22,23,63,61
5.0,Wed,2019-09-25,21:00,Inter,Lazio,1.5,1.2,1–0,56175.0,Fabio Maresca,2019-2020,Samir Handanović,Marco Parolo,(3-4-1-2),(3-5-2),64%,36%,623 of 728 — 86%,79% — 318 of 405,3 of 15 — 20%,40% — 4 of 10,4 of 4 — 100%,66% — 2 of 3,2.0,0,3.0,0,10,8,4,6,20,12,834,538,16,17,15,16,21,12,9,29,1,1,4,9,27,19,76,57
5.0,Wed,2019-09-25,21:00,Napoli,Cagliari,2.0,0.5,0–1,25408.0,Marco Di Bello,2019-2020,Lorenzo Insigne,João Pedro,(3-4-3),(4-3-1-2),67%,33%,578 of 684 — 85%,73% — 249 of 339,5 of 30 — 17%,20% — 1 of 5,0 of 1 — 0%,100% — 5 of 5,1.0,1,1.0,0,9,13,13,1,37,7,789,482,14,17,10,5,23,12,7,43,3,3,5,14,28,21,56,67
5.0,Wed,2019-09-25,21:00,Genoa,Bologna,0.3,1.7,0–0,20497.0,Davide Massa,2019-2020,Domenico Criscito,Andrea Poli,(3-1-4-2),(4-1-4-1),42%,58%,239 of 347 — 69%,81% — 388 of 478,1 of 7 — 14%,6% — 1 of 17,1 of 1 — 100%,100% — 1 of 1,5.0,0,4.0,0,16,11,5,4,22,11,447,595,21,17,13,12,19,25,12,18,2,4,13,7,26,20,82,48
5.0,Wed,2019-09-25,21:00,Parma,Sassuolo,1.7,0.5,1–0,14569.0,Livio Marinelli,2019-2020,Bruno Alves,Francesco Magnanelli,(3-4-3),(4-3-3),32%,68%,213 of 312 — 68%,84% — 566 of 673,4 of 9 — 44%,25% — 3 of 12,3 of 3 — 100%,100% — 4 of 4,3.0,0,1.0,0,20,10,5,4,12,17,434,787,26,24,20,13,16,6,21,7,4,1,5,6,27,25,82,54
5.0,Thu,2019-09-26,21:00,Torino,Milan,1.2,2.8,2–1,23997.0,Marco Guida,2019-2020,Andrea Belotti,Alessio Romagnoli,(3-4-1-2),(4-3-1-2),45%,55%,296 of 398 — 74%,79% — 378 of 480,4 of 9 — 44%,20% — 3 of 15,3 of 3 — 100%,50% — 2 of 4,4.0,0,5.0,1,14,20,3,5,23,16,517,586,15,11,18,7,15,9,23,17,3,2,14,11,16,26,82,65
6.0,Sat,2019-09-28,15:00,Juventus,SPAL,2.0,0.2,2–0,38995.0,Marco Piccinini,2019-2020,Leonardo Bonucci,Francesco Vicari,(4-1-2-1-2),(3-5-2),67%,33%,624 of 726 — 86%,76% — 276 of 365,10 of 21 — 48%,20% — 1 of 5,1 of 1 — 100%,80% — 8 of 10,2.0,0,2.0,0,13,9,13,2,23,7,820,484,15,20,7,13,9,6,15,22,3,2,3,12,31,21,63,62
6.0,Sat,2019-09-28,18:00,Sampdoria,Inter,1.1,2.2,1–3,23694.0,Giampaolo Calvarese,2019-2020,Fabio Quagliarella,Samir Handanović,(3-5-2),(3-5-2),46%,54%,371 of 471 — 79%,82% — 460 of 563,2 of 20 — 10%,47% — 7 of 15,4 of 7 — 57%,50% — 1 of 2,2.0,0,5.5,0,12,12,7,5,32,15,581,668,14,19,14,8,11,14,18,22,2,7,5,18,20,18,61,61
6.0,Sat,2019-09-28,20:45,Sassuolo,Atalanta,0.5,2.3,1–4,11604.0,Paolo Valeri,2019-2020,Domenico Berardi,Papu Gómez,(4-3-3),(3-4-3),51%,49%,502 of 594 — 85%,81% — 463 of 570,7 of 13 — 54%,54% — 7 of 13,3 of 7 — 42%,85% — 6 of 7,2.0,0,2.0,0,14,14,7,3,8,13,705,672,13,18,11,13,5,11,12,17,2,0,5,3,19,14,39,58
6.0,Sun,2019-09-29,12:30,Napoli,Brescia,2.0,1.1,2–1,45770.0,Gianluca Manganiello,2019-2020,José Callejón,Dimitri Bisoli,(4-4-2),(4-3-1-2),55%,45%,483 of 565 — 85%,78% — 357 of 458,7 of 20 — 35%,19% — 3 of 16,2 of 3 — 66%,71% — 5 of 7,2.0,0,1.0,0,12,8,7,7,29,22,679,555,16,11,15,9,11,12,23,26,0,2,9,11,11,22,58,54
6.0,Sun,2019-09-29,15:00,Udinese,Bologna,0.7,1.3,1–0,21361.0,Antonio Giua,2019-2020,Samir Santos,Blerim Džemaili,(3-5-2),(4-2-3-1),39%,61%,227 of 327 — 69%,81% — 416 of 512,3 of 12 — 25%,25% — 3 of 12,3 of 3 — 100%,66% — 2 of 3,4.0,0,3.0,1,20,18,4,5,12,18,444,617,21,14,5,5,13,27,21,12,1,2,9,8,18,21,64,59
6.0,Sun,2019-09-29,15:00,Lazio,Genoa,1.4,0.9,4–0,26000.0,Luca Pairetto,2019-2020,Senad Lulić,Domenico Criscito,(3-5-1-1),(3-1-4-2),55%,45%,499 of 576 — 87%,83% — 397 of 478,10 of 15 — 67%,46% — 6 of 13,6 of 6 — 100%,60% — 6 of 10,1.0,0,2.0,0,8,11,5,7,10,22,675,567,17,12,12,8,7,12,19,12,1,0,9,3,14,18,56,63
6.0,Sun,2019-09-29,15:00,Lecce,Roma,0.7,2.1,0–1,26044.0,Rosario Abisso,2019-2020,Marco Mancosu,Alessandro Florenzi,(4-3-1-2),(4-2-3-1),41%,59%,316 of 399 — 79%,86% — 504 of 585,6 of 13 — 46%,24% — 4 of 17,3 of 4 — 75%,100% — 6 of 6,2.0,0,4.0,0,8,20,4,11,22,24,499,695,15,15,10,9,7,20,25,21,0,1,11,5,13,15,52,64
6.0,Sun,2019-09-29,18:00,Cagliari,Hellas Verona,1.8,1.6,1–1,15846.0,Manuel Volpi,2019-2020,Luca Ceppitelli,Miguel Veloso,(4-3-1-2),(3-4-3),44%,56%,275 of 372 — 74%,76% — 360 of 474,4 of 12 — 33%,31% — 4 of 13,3 of 4 — 75%,75% — 3 of 4,2.0,0,2.0,0,20,20,3,5,18,22,482,557,15,8,9,3,18,22,15,17,2,1,12,9,21,23,78,72
6.0,Sun,2019-09-29,20:45,Milan,Fiorentina,0.6,2.5,1–3,48367.0,Piero Giacomelli,2019-2020,Alessio Romagnoli,Germán Pezzella,(4-3-1-2),(3-5-2),55%,45%,531 of 624 — 85%,85% — 433 of 511,3 of 11 — 27%,36% — 5 of 14,3 of 5 — 60%,66% — 2 of 3,2.0,1,4.0,0,10,14,4,6,19,11,722,630,19,20,10,10,11,7,8,23,0,2,7,6,19,16,68,66
6.0,Mon,2019-09-30,20:45,Parma,Torino,3.6,2.2,3–2,15001.0,Federico La Penna,2019-2020,Bruno Alves,Andrea Belotti,(4-3-3),(3-4-3),51%,49%,336 of 434 — 77%,78% — 322 of 414,4 of 20 — 20%,71% — 5 of 7,4 of 5 — 80%,25% — 1 of 4,2.0,0,4.5,0,17,14,7,3,28,22,536,547,12,23,8,13,21,16,16,30,0,0,4,15,30,14,82,80
7.0,Sat,2019-10-05,15:00,SPAL,Parma,1.2,0.4,1–0,11776.0,Marco Guida,2019-2020,Sergio Floccari,Bruno Alves,(3-5-2),(4-3-3),47%,53%,284 of 389 — 73%,74% — 320 of 431,7 of 16 — 44%,13% — 1 of 8,1 of 1 — 100%,85% — 6 of 7,6.5,0,2.0,0,10,13,5,8,24,18,489,520,11,12,15,4,10,18,17,28,1,4,4,7,25,32,78,93
7.0,Sat,2019-10-05,18:00,Hellas Verona,Sampdoria,0.7,0.8,2–0,17787.0,Michael Fabbri,2019-2020,Miguel Veloso,Fabio Quagliarella,(3-4-1-2),(3-5-2),48%,52%,264 of 403 — 66%,69% — 298 of 431,3 of 8 — 38%,14% — 2 of 14,2 of 2 — 100%,66% — 2 of 3,1.0,0,3.0,0,14,15,9,4,24,16,525,551,20,16,9,11,19,22,19,19,3,4,11,5,37,32,76,75
7.0,Sat,2019-10-05,20:45,Genoa,Milan,1.6,1.6,1–2,22486.0,Maurizio Mariani,2019-2020,Domenico Criscito,Alessio Romagnoli,(3-4-1-2),(4-3-3),51%,49%,380 of 472 — 81%,83% — 376 of 454,5 of 13 — 38%,63% — 5 of 8,4 of 5 — 80%,80% — 4 of 5,4.0,2,5.5,1,23,14,7,0,24,8,554,559,6,13,10,7,16,8,11,20,3,1,3,7,24,19,73,59
7.0,Sun,2019-10-06,12:30,Fiorentina,Udinese,1.1,0.9,1–0,37963.0,Alessandro Prontera,2019-2020,Germán Pezzella,Rodrigo De Paul,(3-5-2),(3-5-2),50%,50%,381 of 472 — 81%,76% — 361 of 473,4 of 16 — 25%,13% — 1 of 8,1 of 1 — 100%,75% — 3 of 4,1.0,0,2.0,0,9,11,12,3,16,20,590,565,15,19,9,10,14,6,26,17,0,0,6,11,15,22,66,60
7.0,Sun,2019-10-06,15:00,Bologna,Lazio,3.2,1.8,2–2,22052.0,Daniele Orsato,2019-2020,Andrea Poli,Senad Lulić,(4-2-3-1),(3-5-2),52%,48%,374 of 475 — 79%,75% — 324 of 434,8 of 18 — 44%,40% — 4 of 10,2 of 4 — 50%,75% — 6 of 8,5.0,1,5.5,0,13,16,5,4,19,17,585,532,14,13,9,11,11,23,16,18,2,1,10,10,22,21,57,70
7.0,Sun,2019-10-06,15:00,Atalanta,Lecce,3.4,1.3,3–1,20771.0,Marco Di Bello,2019-2020,Papu Gómez,Marco Mancosu,(3-4-1-2),(4-3-1-2),57%,43%,524 of 614 — 85%,79% — 358 of 456,15 of 30 — 50%,29% — 2 of 7,1 of 2 — 50%,80% — 12 of 15,2.0,0,3.0,0,15,13,9,5,18,17,743,567,17,17,12,13,11,12,14,22,0,2,3,14,21,21,53,63
7.0,Sun,2019-10-06,15:00,Roma,Cagliari,1.7,1.1,1–1,34385.0,Davide Massa,2019-2020,Edin Džeko,Luca Ceppitelli,(4-2-3-1),(4-3-1-2),66%,34%,520 of 621 — 84%,68% — 216 of 318,6 of 21 — 29%,14% — 1 of 7,1 of 1 — 100%,100% — 6 of 6,1.0,0,4.0,0,18,11,7,1,20,9,721,437,15,14,15,10,33,18,7,27,1,1,5,13,19,19,89,69
7.0,Sun,2019-10-06,18:00,Torino,Napoli,0.6,0.9,0–0,24343.0,Daniele Doveri,2019-2020,Andrea Belotti,Lorenzo Insigne,(4-2-3-1),(4-3-3),40%,60%,272 of 378 — 72%,82% — 469 of 574,4 of 12 — 33%,19% — 3 of 16,3 of 3 — 100%,100% — 4 of 4,1.0,0,2.0,0,11,12,4,5,18,17,511,684,19,16,14,15,12,16,20,15,2,1,12,9,26,27,86,43
7.0,Sun,2019-10-06,20:45,Inter,Juventus,1.6,1.5,1–2,75923.0,Gianluca Rocchi,2019-2020,Samir Handanović,Leonardo Bonucci,(3-5-2),(4-3-1-2),51%,49%,432 of 531 — 81%,84% — 428 of 510,2 of 9 — 22%,33% — 6 of 18,4 of 6 — 66%,100% — 2 of 2,2.0,0,3.0,0,22,9,7,2,21,14,634,628,15,11,12,11,6,10,13,18,2,2,7,6,22,23,62,60
8.0,Sat,2019-10-19,15:00,Lazio,Atalanta,2.9,2.6,3–3,30000.0,Gianluca Rocchi,2019-2020,Senad Lulić,Papu Gómez,(3-5-1-1),(3-4-3),51%,49%,407 of 531 — 77%,79% — 409 of 520,3 of 15 — 20%,41% — 9 of 22,6 of 9 — 66%,66% — 2 of 3,5.0,0,2.0,0,16,12,3,1,16,5,639,665,18,16,11,17,19,15,7,16,1,2,12,10,19,19,81,73
8.0,Sat,2019-10-19,18:00,Napoli,Hellas Verona,2.4,1.7,2–0,38686.0,Marco Piccinini,2019-2020,Lorenzo Insigne,Miguel Veloso,(4-2-3-1),(3-4-3),56%,44%,414 of 527 — 79%,75% — 315 of 422,6 of 21 — 29%,25% — 5 of 20,5 of 5 — 100%,66% — 4 of 6,3.0,0,3.0,0,12,16,6,8,13,17,636,541,19,17,7,10,20,10,15,21,3,3,11,8,24,20,68,54
8.0,Sat,2019-10-19,20:45,Juventus,Bologna,2.0,0.9,2–1,40461.0,Massimiliano Irrati,2019-2020,Leonardo Bonucci,Andrea Poli,(4-3-1-2),(4-2-3-1),65%,35%,568 of 657 — 86%,79% — 281 of 354,10 of 23 — 43%,22% — 2 of 9,1 of 2 — 50%,80% — 8 of 10,2.0,0,3.0,0,15,18,8,5,24,18,742,482,13,14,6,17,9,7,16,30,1,3,6,6,23,7,70,50
8.0,Sun,2019-10-20,12:30,Sassuolo,Inter,0.7,2.6,3–4,17935.0,Piero Giacomelli,2019-2020,Francesco Magnanelli,Samir Handanović,(4-3-1-2),(3-5-2),54%,46%,422 of 497 — 85%,81% — 347 of 427,4 of 12 — 33%,45% — 5 of 11,3 of 5 — 60%,25% — 1 of 4,4.0,0,3.0,0,14,18,5,7,17,22,592,516,13,22,10,10,7,6,18,25,1,2,5,7,15,18,52,48
8.0,Sun,2019-10-20,15:00,Sampdoria,Roma,0.6,0.5,0–0,20211.0,Fabio Maresca,2019-2020,Fabio Quagliarella,Alessandro Florenzi,(4-4-2),(4-2-3-1),36%,64%,213 of 324 — 66%,82% — 467 of 572,4 of 11 — 36%,11% — 1 of 9,1 of 1 — 100%,100% — 4 of 4,3.0,0,5.5,0,14,10,7,9,21,29,438,684,17,12,15,7,13,16,30,20,5,1,6,7,26,22,66,71
8.0,Sun,2019-10-20,15:00,Cagliari,SPAL,1.0,0.7,2–0,15713.0,Daniele Chiffi,2019-2020,Luca Ceppitelli,Sergio Floccari,(4-3-3),(3-5-2),44%,56%,281 of 366 — 77%,82% — 387 of 470,5 of 16 — 31%,42% — 5 of 12,5 of 5 — 100%,60% — 3 of 5,4.0,0,5.0,0,17,15,6,6,23,22,467,565,15,14,8,5,15,14,22,16,0,2,9,11,25,14,63,65
8.0,Sun,2019-10-20,15:00,Udinese,Torino,1.7,0.6,1–0,24049.0,Rosario Abisso,2019-2020,Kevin Lasagna,Andrea Belotti,(3-5-2),(3-4-3),40%,60%,241 of 347 — 69%,82% — 437 of 531,4 of 18 — 22%,27% — 3 of 11,3 of 3 — 100%,75% — 3 of 4,3.0,0,3.0,0,15,20,6,4,14,17,468,659,20,15,8,13,14,20,23,19,1,0,7,6,23,15,67,83
8.0,Sun,2019-10-20,18:00,Parma,Genoa,2.2,1.5,5–1,15299.0,Paolo Valeri,2019-2020,Gervinho,Goran Pandev,(4-3-3),(3-1-4-2),38%,62%,264 of 359 — 74%,80% — 472 of 588,7 of 22 — 32%,29% — 5 of 17,4 of 5 — 80%,28% — 2 of 7,1.0,0,2.0,0,9,12,3,7,10,43,497,705,15,13,9,12,18,20,39,7,0,0,8,10,20,20,55,62
8.0,Sun,2019-10-20,20:45,Milan,Lecce,1.8,1.4,2–2,48703.0,Fabrizio Pasqua,2019-2020,Alessio Romagnoli,Marco Mancosu,(4-3-3),(4-3-1-2),64%,36%,555 of 661 — 84%,72% — 265 of 368,6 of 22 — 27%,42% — 5 of 12,3 of 5 — 60%,66% — 4 of 6,1.0,0,2.0,0,13,12,8,2,25,14,767,486,12,16,13,9,14,10,14,25,1,2,5,13,25,19,62,74
8.0,Mon,2019-10-21,21:00,Brescia,Fiorentina,0.5,0.8,0–0,16000.0,Giampaolo Calvarese,2019-2020,Dimitri Bisoli,Germán Pezzella,(4-3-1-2),(3-5-2),46%,54%,293 of 425 — 69%,77% — 390 of 506,1 of 3 — 33%,31% — 4 of 13,4 of 4 — 100%,100% — 1 of 1,0.0,0,3.0,0,10,16,6,9,15,18,522,618,13,15,11,15,17,18,19,13,2,0,6,9,26,22,68,90
9.0,Fri,2019-10-25,20:45,Hellas Verona,Sassuolo,1.3,1.4,0–1,11453.0,Luca Pairetto,2019-2020,Davide Faraoni,Francesco Magnanelli,(3-4-3),(4-3-3),56%,44%,371 of 497 — 75%,73% — 287 of 393,4 of 8 — 50%,25% — 4 of 16,3 of 4 — 75%,100% — 4 of 4,5.0,0,5.0,0,18,13,9,6,31,8,596,522,9,14,7,13,13,23,19,27,4,3,9,4,26,20,77,61
9.0,Sat,2019-10-26,15:00,Lecce,Juventus,1.1,3.6,1–1,26591.0,Paolo Valeri,2019-2020,Marco Mancosu,Leonardo Bonucci,(4-3-1-2),(4-3-1-2),30%,70%,207 of 293 — 71%,86% — 585 of 684,4 of 9 — 44%,13% — 3 of 24,3 of 3 — 100%,100% — 4 of 4,4.0,0,1.0,0,11,14,3,14,10,27,406,776,16,13,9,9,5,16,27,9,3,3,14,5,14,18,63,64
9.0,Sat,2019-10-26,18:00,Inter,Parma,2.5,1.0,2–2,67076.0,Daniele Chiffi,2019-2020,Samir Handanović,Gervinho,(3-5-2),(4-1-2-1-2),67%,33%,493 of 607 — 81%,72% — 217 of 303,6 of 29 — 21%,42% — 5 of 12,3 of 5 — 60%,66% — 4 of 6,3.0,0,2.0,0,9,11,11,4,45,9,720,455,17,19,12,12,15,15,7,38,0,1,5,14,33,17,86,72
9.0,Sat,2019-10-26,20:45,Genoa,Brescia,1.1,1.2,3–1,20949.0,Rosario Abisso,2019-2020,Ivan Radovanović,Dimitri Bisoli,(3-4-1-2),(4-3-1-2),62%,38%,464 of 544 — 85%,75% — 254 of 339,10 of 17 — 59%,29% — 2 of 7,1 of 2 — 50%,70% — 7 of 10,6.0,0,4.0,0,24,15,5,3,16,13,654,459,11,14,8,12,14,5,20,18,1,1,7,3,29,24,52,49
9.0,Sun,2019-10-27,12:30,Bologna,Sampdoria,1.9,0.6,2–1,24099.0,Daniele Doveri,2019-2020,Blerim Džemaili,Fabio Quagliarella,(4-2-3-1),(4-4-2),56%,44%,378 of 492 — 77%,68% — 260 of 383,5 of 13 — 38%,18% — 2 of 11,1 of 2 — 50%,60% — 3 of 5,1.0,0,3.0,0,14,18,11,5,24,18,602,483,14,18,14,10,21,22,20,18,4,3,5,9,18,20,79,79
9.0,Sun,2019-10-27,15:00,Torino,Cagliari,1.2,0.5,1–1,21213.0,Michael Fabbri,2019-2020,Andrea Belotti,Luca Ceppitelli,(3-5-1-1),(4-3-1-2),50%,50%,289 of 393 — 74%,67% — 267 of 399,4 of 11 — 36%,30% — 3 of 10,2 of 3 — 66%,75% — 3 of 4,2.0,0,3.0,0,15,10,6,11,23,31,511,496,9,18,16,9,34,16,37,18,5,1,11,9,19,26,85,83
9.0,Sun,2019-10-27,15:00,Atalanta,Udinese,5.4,0.4,7–1,18677.0,Fabio Maresca,2019-2020,Papu Gómez,Kevin Lasagna,(3-4-1-2),(3-5-2),63%,37%,476 of 558 — 85%,78% — 259 of 333,11 of 22 — 50%,43% — 3 of 7,2 of 3 — 66%,54% — 6 of 11,2.0,0,4.5,0,10,6,6,2,13,5,669,455,18,16,7,11,6,9,6,19,2,1,3,12,20,9,47,51
9.0,Sun,2019-10-27,15:00,SPAL,Napoli,0.7,0.8,1–1,14726.0,Federico La Penna,2019-2020,Francesco Vicari,Lorenzo Insigne,(3-5-2),(4-4-2),32%,68%,226 of 315 — 72%,85% — 580 of 684,2 of 10 — 20%,31% — 4 of 13,3 of 4 — 75%,50% — 1 of 2,4.0,0,1.0,0,16,13,4,4,13,27,421,760,18,17,10,5,16,10,34,11,2,6,8,2,14,25,63,71
9.0,Sun,2019-10-27,18:00,Roma,Milan,1.1,0.6,2–1,44333.0,Daniele Orsato,2019-2020,Edin Džeko,Alessio Romagnoli,(4-1-4-1),(4-3-3),42%,58%,309 of 384 — 80%,83% — 440 of 529,5 of 12 — 42%,33% — 4 of 12,3 of 4 — 75%,60% — 3 of 5,4.0,0,5.0,0,13,17,4,8,11,22,490,609,20,10,14,13,23,6,28,10,2,1,7,9,15,28,78,62
9.0,Sun,2019-10-27,20:45,Fiorentina,Lazio,0.6,2.1,1–2,33281.0,Marco Guida,2019-2020,Germán Pezzella,Senad Lulić,(3-5-2),(3-5-1-1),47%,53%,386 of 497 — 78%,82% — 455 of 555,3 of 11 — 27%,55% — 6 of 11,4 of 6 — 66%,66% — 2 of 3,6.5,0,3.0,0,13,11,7,3,16,11,608,676,13,19,9,12,13,11,11,18,1,4,6,7,21,14,65,58
10.0,Tue,2019-10-29,19:00,Parma,Hellas Verona,1.4,0.3,0–1,14638.0,Gianluca Manganiello,2019-2020,Gervinho,Miguel Veloso,(4-3-1-2),(3-4-1-2),52%,48%,366 of 485 — 75%,76% — 338 of 446,5 of 20 — 25%,25% — 2 of 8,1 of 2 — 50%,100% — 5 of 5,1.0,0,5.0,0,13,16,12,3,25,13,612,581,21,23,9,9,23,27,8,31,1,1,6,11,28,21,91,75
10.0,Tue,2019-10-29,21:00,Brescia,Inter,1.8,0.8,1–2,16500.0,Michael Fabbri,2019-2020,Daniele Gastaldello,Samir Handanović,(5-3-2),(3-5-2),43%,57%,297 of 412 — 72%,82% — 450 of 549,6 of 15 — 40%,15% — 2 of 13,0 of 2 — 0%,100% — 6 of 6,4.0,0,3.0,0,14,18,9,8,32,20,509,655,12,3,3,8,14,22,23,30,2,5,7,6,15,20,59,64
10.0,Wed,2019-10-30,19:00,Napoli,Atalanta,2.7,1.8,2–2,30061.0,Piero Giacomelli,2019-2020,Lorenzo Insigne,Papu Gómez,(4-4-2),(3-4-1-2),51%,49%,483 of 580 — 83%,85% — 479 of 563,9 of 19 — 47%,27% — 4 of 15,2 of 4 — 50%,77% — 7 of 9,3.0,0,3.0,0,15,15,2,3,23,10,673,680,13,15,9,13,11,14,9,21,3,0,8,6,19,15,53,51
10.0,Wed,2019-10-30,21:00,Udinese,Roma,0.7,3.2,0–4,23854.0,Massimiliano Irrati,2019-2020,Kevin Lasagna,Edin Džeko,(3-5-2),(4-2-3-1),55%,45%,447 of 537 — 83%,77% — 337 of 435,4 of 12 — 33%,42% — 5 of 12,2 of 5 — 40%,100% — 4 of 4,4.0,0,2.0,1,16,16,5,3,18,9,626,537,13,11,4,13,19,14,19,20,2,1,7,6,10,12,57,85
10.0,Wed,2019-10-30,21:00,Cagliari,Bologna,1.2,1.1,3–2,16076.0,Juan Sacchi,2019-2020,Radja Nainggolan,Blerim Džemaili,(4-3-1-2),(4-2-3-1),48%,52%,312 of 437 — 71%,77% — 362 of 473,5 of 14 — 36%,22% — 2 of 9,2 of 2 — 100%,40% — 2 of 5,2.0,0,1.0,0,14,20,4,1,20,13,553,601,15,23,9,13,13,11,17,30,2,1,4,11,32,20,67,76
10.0,Wed,2019-10-30,21:00,Juventus,Genoa,2.7,0.4,2–1,38732.0,Antonio Giua,2019-2020,Leonardo Bonucci,Goran Pandev,(4-3-1-2),(4-2-3-1),54%,46%,509 of 583 — 87%,85% — 424 of 499,10 of 26 — 38%,38% — 3 of 8,2 of 3 — 66%,90% — 9 of 10,6.5,0,4.5,1,24,11,10,2,24,11,704,616,25,15,9,12,10,9,13,29,2,0,5,9,19,8,54,42
10.0,Wed,2019-10-30,21:00,Sampdoria,Lecce,1.6,1.0,1–1,18685.0,Davide Massa,2019-2020,Fabio Quagliarella,Fabio Lucioni,(4-3-1-2),(4-3-1-2),51%,49%,380 of 485 — 78%,80% — 378 of 471,6 of 24 — 25%,33% — 4 of 12,3 of 4 — 75%,83% — 5 of 6,4.0,0,5.5,0,19,14,9,5,49,17,614,589,16,14,8,14,14,18,17,35,1,3,8,17,20,15,57,87
10.0,Wed,2019-10-30,21:00,Sassuolo,Fiorentina,0.8,1.0,1–2,11863.0,Maurizio Mariani,2019-2020,Francesco Magnanelli,Germán Pezzella,(4-3-3),(3-5-2),54%,46%,401 of 487 — 82%,81% — 339 of 419,3 of 7 — 43%,40% — 6 of 15,4 of 6 — 66%,66% — 2 of 3,3.0,0,4.0,0,15,20,3,7,14,29,596,539,18,26,3,12,11,10,21,13,2,5,5,5,20,16,56,53
10.0,Wed,2019-10-30,21:00,Lazio,Torino,2.1,0.8,4–0,25000.0,Daniele Orsato,2019-2020,Senad Lulić,Andrea Belotti,(3-5-2),(3-4-1-2),54%,46%,441 of 548 — 80%,79% — 369 of 467,7 of 19 — 37%,20% — 2 of 10,2 of 2 — 100%,71% — 5 of 7,2.0,0,3.5,0,11,10,8,0,19,7,648,575,7,13,11,16,9,11,10,18,2,1,4,10,17,13,67,62
10.0,Thu,2019-10-31,21:00,Milan,SPAL,2.0,0.5,1–0,46475.0,Marco Piccinini,2019-2020,Alessio Romagnoli,Sergio Floccari,(4-3-3),(3-5-2),56%,44%,372 of 493 — 75%,68% — 267 of 390,4 of 16 — 25%,20% — 2 of 10,2 of 2 — 100%,75% — 3 of 4,4.0,0,4.0,0,17,21,7,6,16,16,604,509,14,18,9,16,21,19,18,25,4,3,5,9,19,18,72,75
11.0,Sat,2019-11-02,15:00,Roma,Napoli,2.2,1.7,2–1,34502.0,Gianluca Rocchi,2019-2020,Edin Džeko,Lorenzo Insigne,(4-2-3-1),(4-4-2),44%,56%,319 of 419 — 76%,82% — 441 of 538,4 of 15 — 27%,19% — 3 of 16,2 of 3 — 66%,75% — 3 of 4,6.5,0,3.0,0,23,15,10,4,19,15,536,640,14,14,11,5,13,4,19,18,4,2,8,8,16,14,83,48
11.0,Sat,2019-11-02,18:00,Bologna,Inter,0.5,2.3,1–2,28498.0,Federico La Penna,2019-2020,Andrea Poli,Samir Handanović,(4-2-3-1),(3-5-2),48%,52%,364 of 461 — 79%,78% — 397 of 507,3 of 11 — 27%,50% — 7 of 14,6 of 7 — 85%,66% — 2 of 3,3.0,0,4.0,0,13,25,2,7,10,26,577,624,13,18,13,11,20,18,18,18,1,4,6,9,15,20,63,60
11.0,Sat,2019-11-02,20:45,Torino,Juventus,0.4,1.2,0–1,26664.0,Daniele Doveri,2019-2020,Andrea Belotti,Leonardo Bonucci,(3-5-1-1),(4-3-1-2),42%,58%,216 of 313 — 69%,81% — 355 of 439,4 of 9 — 44%,53% — 10 of 19,9 of 10 — 90%,100% — 4 of 4,4.0,0,2.0,0,22,16,11,6,26,18,397,557,11,20,3,7,18,17,16,25,1,3,13,5,28,17,88,69
11.0,Sun,2019-11-03,12:30,Atalanta,Cagliari,1.2,0.9,0–2,18617.0,Rosario Abisso,2019-2020,Papu Gómez,Radja Nainggolan,(3-4-1-2),(4-3-1-2),57%,43%,477 of 582 — 82%,79% — 344 of 438,3 of 19 — 16%,31% — 4 of 13,3 of 4 — 75%,100% — 3 of 3,2.0,1,3.0,0,15,18,13,2,41,10,695,579,13,15,11,17,12,10,8,37,1,0,6,11,18,16,60,67
11.0,Sun,2019-11-03,15:00,Hellas Verona,Brescia,0.9,0.9,2–1,16525.0,Maurizio Mariani,2019-2020,Miguel Veloso,Dimitri Bisoli,(3-4-3),(3-1-4-2),52%,48%,344 of 454 — 76%,74% — 312 of 421,3 of 11 — 27%,31% — 5 of 16,4 of 5 — 80%,33% — 1 of 3,1.0,0,4.0,1,19,15,5,1,20,24,556,512,7,9,5,7,15,19,31,17,2,2,9,7,17,25,73,64
11.0,Sun,2019-11-03,15:00,Lecce,Sassuolo,0.4,2.2,2–2,22087.0,Riccardo Ros,2019-2020,Marco Mancosu,Domenico Berardi,(4-3-1-2),(4-3-3),39%,61%,328 of 414 — 79%,88% — 570 of 647,4 of 9 — 44%,23% — 3 of 13,1 of 3 — 33%,50% — 2 of 4,2.0,0,3.0,0,15,17,6,6,18,14,503,747,14,10,12,8,3,13,15,23,0,0,11,4,20,17,70,41
11.0,Sun,2019-11-03,15:00,Genoa,Udinese,1.2,1.4,1–3,20030.0,Fabrizio Pasqua,2019-2020,Goran Pandev,Rodrigo De Paul,(4-2-3-1),(3-5-2),62%,38%,536 of 642 — 83%,78% — 301 of 387,2 of 16 — 13%,28% — 5 of 18,2 of 5 — 40%,50% — 1 of 2,0.0,0,2.0,0,11,13,8,5,30,19,744,521,12,22,7,10,12,17,14,32,0,0,11,12,26,12,47,54
11.0,Sun,2019-11-03,18:00,Fiorentina,Parma,1.4,0.7,1–1,32479.0,Luca Pairetto,2019-2020,Milan Badelj,Gervinho,(4-3-3),(4-3-3),62%,38%,467 of 563 — 83%,74% — 261 of 352,4 of 19 — 21%,38% — 3 of 8,2 of 3 — 66%,75% — 3 of 4,2.0,0,2.0,0,16,20,5,2,27,13,645,456,13,16,8,10,15,16,9,28,2,5,5,18,25,16,56,62
11.0,Sun,2019-11-03,20:45,Milan,Lazio,0.8,1.0,1–2,41000.0,Giampaolo Calvarese,2019-2020,Alessio Romagnoli,Senad Lulić,(4-3-3),(3-5-1-1),47%,53%,348 of 436 — 80%,78% — 389 of 500,3 of 12 — 25%,50% — 4 of 8,2 of 4 — 50%,100% — 3 of 3,3.0,0,5.0,0,12,13,8,4,18,13,555,620,21,19,17,9,17,9,21,21,2,2,2,10,20,25,58,62
11.0,Mon,2019-11-04,20:45,SPAL,Sampdoria,0.6,0.8,0–1,11617.0,Daniele Chiffi,2019-2020,Francesco Vicari,Albin Ekdal,(3-5-2),(4-2-3-1),58%,42%,357 of 490 — 73%,65% — 234 of 362,3 of 14 — 21%,29% — 5 of 17,4 of 5 — 80%,100% — 3 of 3,3.0,0,1.0,0,13,16,8,5,41,22,596,489,6,24,13,6,26,20,20,29,3,2,9,12,20,19,92,83
12.0,Fri,2019-11-08,20:45,Sassuolo,Bologna,2.2,0.6,3–1,13184.0,Marco Piccinini,2019-2020,Francesco Magnanelli,Andrea Poli,(4-3-3),(4-2-3-1),50%,50%,449 of 542 — 83%,80% — 441 of 548,7 of 20 — 35%,45% — 5 of 11,4 of 5 — 80%,57% — 4 of 7,2.0,0,6.0,0,16,17,4,4,7,19,673,668,14,22,8,9,13,26,21,16,2,2,6,7,22,25,43,64
12.0,Sat,2019-11-09,15:00,Brescia,Torino,0.6,3.3,0–4,13500.0,Marco Guida,2019-2020,Dimitri Bisoli,Andrea Belotti,(4-3-1-2),(3-5-1-1),44%,56%,282 of 374 — 75%,83% — 404 of 484,3 of 9 — 33%,26% — 5 of 19,3 of 5 — 60%,100% — 3 of 3,6.5,0,3.0,0,20,19,4,4,14,11,471,599,16,19,8,7,18,15,12,17,0,3,11,3,22,19,51,61
12.0,Sat,2019-11-09,18:00,Inter,Hellas Verona,2.4,1.3,2–1,66202.0,Paolo Valeri,2019-2020,Samir Handanović,Davide Faraoni,(3-5-2),(3-4-1-2),60%,40%,481 of 580 — 83%,73% — 282 of 385,11 of 38 — 29%,13% — 1 of 8,1 of 1 — 100%,81% — 9 of 11,3.0,0,1.0,0,14,11,9,3,35,12,700,518,8,18,8,13,20,22,10,41,3,0,7,10,22,9,40,67
12.0,Sat,2019-11-09,20:45,Napoli,Genoa,1.3,1.2,0–0,22947.0,Giampaolo Calvarese,2019-2020,Lorenzo Insigne,Goran Pandev,(4-4-2),(4-3-3),43%,57%,373 of 457 — 82%,87% — 530 of 609,7 of 19 — 37%,8% — 1 of 12,1 of 1 — 100%,100% — 7 of 7,1.0,0,4.0,0,14,20,5,2,25,12,551,708,17,13,11,8,11,3,8,23,4,1,6,6,12,17,28,53
12.0,Sun,2019-11-10,12:30,Cagliari,Fiorentina,2.8,1.0,5–2,16316.0,Federico La Penna,2019-2020,Radja Nainggolan,Germán Pezzella,(4-3-1-2),(3-5-2),49%,51%,423 of 513 — 82%,85% — 454 of 536,8 of 15 — 53%,47% — 7 of 15,5 of 7 — 71%,37% — 3 of 8,1.0,0,3.0,0,13,15,5,6,13,18,628,654,21,22,9,19,11,9,18,12,3,3,8,4,21,18,57,58
12.0,Sun,2019-11-10,15:00,Lazio,Lecce,3.8,2.5,4–2,35000.0,Gianluca Manganiello,2019-2020,Senad Lulić,Marco Mancosu,(3-5-2),(4-3-1-2),56%,44%,449 of 539 — 83%,81% — 346 of 425,6 of 23 — 26%,50% — 9 of 18,7 of 9 — 77%,50% — 3 of 6,2.0,0,3.0,0,8,12,9,3,34,17,645,535,14,7,11,13,13,10,21,26,1,1,9,15,17,14,76,62
12.0,Sun,2019-11-10,15:00,Sampdoria,Atalanta,1.1,0.6,0–0,19799.0,Massimiliano Irrati,2019-2020,Fabio Quagliarella,Papu Gómez,(4-4-2),(3-4-1-2),36%,64%,250 of 377 — 66%,81% — 549 of 677,2 of 10 — 20%,33% — 3 of 9,3 of 3 — 100%,100% — 2 of 2,2.0,0,5.5,0,19,13,1,7,20,19,498,784,30,12,8,8,24,18,24,27,3,1,8,8,19,24,67,82
12.0,Sun,2019-11-10,15:00,Udinese,SPAL,1.7,2.1,0–0,21621.0,Davide Massa,2019-2020,Rodrigo De Paul,Felipe dal Belo,(3-5-2),(3-5-2),55%,45%,390 of 472 — 83%,76% — 290 of 384,1 of 17 — 6%,13% — 2 of 16,2 of 2 — 100%,100% — 1 of 1,3.0,0,5.0,0,16,14,3,7,25,16,587,480,16,15,12,4,17,16,13,19,3,1,9,13,23,17,74,67
12.0,Sun,2019-11-10,18:00,Parma,Roma,0.9,0.8,2–0,18532.0,Michael Fabbri,2019-2020,Gervinho,Edin Džeko,(4-3-3),(4-2-3-1),38%,62%,254 of 351 — 72%,82% — 462 of 564,8 of 14 — 57%,35% — 6 of 17,6 of 6 — 100%,75% — 6 of 8,3.0,0,2.0,0,16,9,5,11,13,20,489,692,16,19,12,7,15,12,29,11,1,1,6,5,15,21,81,59
12.0,Sun,2019-11-10,20:45,Juventus,Milan,1.0,0.8,1–0,40478.0,Fabio Maresca,2019-2020,Leonardo Bonucci,Alessio Romagnoli,(4-3-1-2),(4-3-3),54%,46%,451 of 543 — 83%,78% — 364 of 468,5 of 13 — 38%,54% — 7 of 13,7 of 7 — 100%,80% — 4 of 5,1.0,0,5.0,0,13,10,5,5,11,18,684,574,19,15,16,8,21,9,27,17,4,0,4,15,26,29,63,84
13.0,Sat,2019-11-23,15:00,Atalanta,Juventus,2.7,1.2,1–3,20899.0,Gianluca Rocchi,2019-2020,Papu Gómez,Leonardo Bonucci,(3-4-1-2),(4-3-1-2),47%,53%,360 of 470 — 77%,82% — 431 of 523,7 of 21 — 33%,31% — 5 of 16,2 of 5 — 40%,85% — 6 of 7,5.0,0,3.0,0,16,13,8,3,30,4,593,671,25,13,10,17,8,10,13,33,0,0,7,8,20,24,62,67
13.0,Sat,2019-11-23,18:00,Milan,Napoli,0.9,1.2,1–1,61658.0,Daniele Orsato,2019-2020,Alessio Romagnoli,Lorenzo Insigne,(4-3-3),(4-4-2),48%,52%,401 of 487 — 82%,83% — 441 of 534,3 of 13 — 23%,42% — 5 of 12,4 of 5 — 80%,66% — 2 of 3,3.0,0,2.0,0,19,14,3,4,16,21,603,643,27,19,9,11,14,11,17,11,1,0,8,8,28,16,68,47
13.0,Sat,2019-11-23,20:45,Torino,Inter,0.6,1.4,0–3,26059.0,Fabio Maresca,2019-2020,Andrea Belotti,Samir Handanović,(3-5-2),(3-5-2),59%,41%,445 of 565 — 79%,73% — 288 of 396,2 of 12 — 17%,42% — 5 of 12,2 of 5 — 40%,100% — 2 of 2,2.0,0,3.0,0,10,18,12,4,47,8,663,531,8,25,7,9,11,17,6,41,3,3,5,7,30,15,61,64
13.0,Sun,2019-11-24,12:30,Bologna,Parma,0.9,1.3,2–2,21419.0,Rosario Abisso,2019-2020,Blerim Džemaili,Bruno Alves,(4-2-3-1),(3-5-2),65%,35%,505 of 599 — 84%,76% — 242 of 318,7 of 16 — 44%,36% — 5 of 14,3 of 5 — 60%,71% — 5 of 7,1.0,0,3.0,0,18,18,15,2,46,11,685,447,10,22,6,7,11,13,8,39,0,1,7,11,23,13,63,57
13.0,Sun,2019-11-24,15:00,Sassuolo,Lazio,1.0,0.9,1–2,10000.0,Daniele Chiffi,2019-2020,Francesco Magnanelli,Senad Lulić,(4-2-3-1),(3-5-2),55%,45%,510 of 596 — 86%,81% — 403 of 497,1 of 12 — 8%,38% — 6 of 16,4 of 6 — 66%,0% — 0 of 1,1.0,0,3.0,0,13,16,5,8,14,30,721,616,14,12,15,8,8,7,27,13,2,0,9,4,18,15,41,63
13.0,Sun,2019-11-24,15:00,Hellas Verona,Fiorentina,1.4,0.8,1–0,22581.0,Antonio Giua,2019-2020,Davide Faraoni,Germán Pezzella,(3-4-1-2),(3-1-4-2),49%,51%,358 of 461 — 78%,78% — 367 of 471,7 of 19 — 37%,13% — 2 of 15,2 of 2 — 100%,85% — 6 of 7,3.0,0,2.0,0,19,8,8,6,16,22,574,595,17,16,8,11,21,19,26,20,4,1,8,8,19,10,62,55
13.0,Sun,2019-11-24,15:00,Roma,Brescia,2.2,0.4,3–0,33695.0,Marco Di Bello,2019-2020,Alessandro Florenzi,Ernesto Torregrossa,(4-2-3-1),(4-3-1-2),59%,41%,454 of 545 — 83%,77% — 290 of 375,6 of 26 — 23%,25% — 2 of 8,2 of 2 — 100%,50% — 3 of 6,1.0,0,1.0,0,17,10,17,6,44,14,650,493,9,17,11,8,12,7,15,34,2,2,8,12,12,20,75,51
13.0,Sun,2019-11-24,18:00,Sampdoria,Udinese,2.2,0.3,2–1,17031.0,Luca Pairetto,2019-2020,Fabio Quagliarella,Kevin Lasagna,(4-4-2),(3-5-2),56%,44%,411 of 532 — 77%,73% — 307 of 418,9 of 21 — 43%,29% — 2 of 7,1 of 2 — 50%,88% — 8 of 9,2.0,0,4.5,0,8,23,8,2,28,8,623,519,7,11,6,6,17,18,10,29,1,5,7,13,21,20,72,64
13.0,Mon,2019-11-25,15:00,Lecce,Cagliari,3.4,1.0,2–2,21435.0,Maurizio Mariani,2019-2020,Fabio Lucioni,Radja Nainggolan,(4-3-1-2),(4-3-1-2),57%,43%,453 of 555 — 82%,75% — 307 of 411,6 of 27 — 22%,17% — 1 of 6,0 of 1 — 0%,83% — 5 of 6,2.0,1,2.0,2,14,18,11,2,41,10,663,526,12,16,7,9,16,14,10,33,3,4,5,13,19,13,83,72
13.0,Mon,2019-11-25,20:45,SPAL,Genoa,2.5,1.5,1–1,12423.0,Piero Giacomelli,2019-2020,Felipe dal Belo,Domenico Criscito,(3-5-2),(4-3-3),41%,59%,275 of 369 — 75%,85% — 444 of 525,5 of 15 — 33%,36% — 5 of 14,4 of 5 — 80%,100% — 5 of 5,2.0,0,1.0,0,12,14,5,4,30,23,473,638,25,18,6,8,13,9,14,24,1,2,9,9,25,23,70,62
14.0,Sat,2019-11-30,15:00,Brescia,Atalanta,1.2,2.7,0–3,14000.0,Daniele Doveri,2019-2020,Ernesto Torregrossa,Papu Gómez,(3-5-2),(3-4-1-2),32%,68%,201 of 302 — 67%,84% — 531 of 629,4 of 15 — 27%,42% — 10 of 24,7 of 10 — 70%,100% — 4 of 4,1.0,0,3.0,0,15,15,2,11,8,23,419,726,22,7,10,8,13,13,25,9,2,0,13,9,17,21,55,68
14.0,Sat,2019-11-30,18:00,Genoa,Torino,1.0,1.4,0–1,20000.0,Davide Massa,2019-2020,Stefano Sturaro,Daniele Baselli,(4-3-3),(4-4-1-1),63%,37%,478 of 603 — 79%,72% — 259 of 360,1 of 13 — 8%,25% — 3 of 12,2 of 3 — 66%,100% — 1 of 1,2.0,0,4.5,0,14,19,6,4,21,13,717,509,21,16,8,17,27,16,12,36,1,0,12,7,32,24,63,63
14.0,Sat,2019-11-30,20:45,Fiorentina,Lecce,1.5,1.1,0–1,33912.0,Marco Piccinini,2019-2020,Milan Badelj,Fabio Lucioni,(3-5-2),(4-3-1-2),63%,37%,525 of 633 — 83%,74% — 277 of 376,6 of 19 — 32%,83% — 5 of 6,4 of 5 — 80%,100% — 6 of 6,1.0,0,3.0,0,13,20,9,2,39,12,751,495,14,15,9,13,15,19,7,28,1,2,3,16,15,9,52,75
14.0,Sun,2019-12-01,12:30,Juventus,Sassuolo,4.6,0.7,2–2,40597.0,Federico La Penna,2019-2020,Leonardo Bonucci,Francesco Magnanelli,(4-3-1-2),(4-4-1-1),56%,44%,516 of 611 — 84%,81% — 384 of 476,8 of 28 — 29%,44% — 4 of 9,2 of 4 — 50%,87% — 7 of 8,1.0,0,5.0,0,11,14,9,2,28,6,745,615,21,17,13,11,9,6,13,31,1,1,4,10,18,26,52,59
14.0,Sun,2019-12-01,15:00,Inter,SPAL,1.9,1.2,2–1,61221.0,Massimiliano Irrati,2019-2020,Samir Handanović,Francesco Vicari,(3-5-2),(3-5-2),55%,45%,477 of 569 — 84%,83% — 395 of 475,8 of 19 — 42%,25% — 3 of 12,2 of 3 — 66%,75% — 6 of 8,1.0,0,4.0,0,15,17,8,0,21,16,663,587,15,16,3,14,13,10,7,24,1,1,8,11,15,17,82,72
14.0,Sun,2019-12-01,15:00,Parma,Milan,0.3,1.8,0–1,18431.0,Paolo Valeri,2019-2020,Bruno Alves,Alessio Romagnoli,(4-3-3),(4-3-3),34%,66%,255 of 339 — 75%,88% — 574 of 654,0 of 8 — 0%,30% — 8 of 27,7 of 8 — 87%,% — 0 of 0,1.0,0,3.0,0,11,16,1,7,7,28,452,768,18,15,15,19,13,6,15,10,3,1,14,7,17,17,67,51
14.0,Sun,2019-12-01,15:00,Lazio,Udinese,2.9,0.7,3–0,20000.0,Marco Di Bello,2019-2020,Senad Lulić,Rodrigo De Paul,(3-5-2),(3-5-2),51%,49%,556 of 624 — 89%,85% — 507 of 593,4 of 19 — 21%,0% — 0 of 10,0 of 0 — %,75% — 3 of 4,0.0,0,1.0,0,11,13,2,2,7,10,729,689,15,17,12,9,7,3,10,14,2,3,5,13,10,16,54,57
14.0,Sun,2019-12-01,18:00,Napoli,Bologna,2.1,1.2,1–2,26012.0,Fabrizio Pasqua,2019-2020,Lorenzo Insigne,Blerim Džemaili,(4-3-3),(4-1-4-1),61%,39%,539 of 634 — 85%,80% — 317 of 398,6 of 30 — 20%,45% — 5 of 11,3 of 5 — 60%,83% — 5 of 6,1.0,0,5.0,0,12,10,7,0,33,9,741,527,13,13,6,19,16,13,10,26,3,5,4,16,32,15,48,62
14.0,Sun,2019-12-01,20:45,Hellas Verona,Roma,1.0,1.6,1–3,17405.0,Marco Guida,2019-2020,Davide Faraoni,Edin Džeko,(3-4-1-2),(4-2-3-1),58%,42%,399 of 513 — 78%,71% — 265 of 371,2 of 8 — 25%,36% — 4 of 11,2 of 4 — 50%,50% — 1 of 2,3.0,0,3.0,0,12,14,6,5,29,14,601,459,8,6,10,6,21,15,17,23,8,2,6,13,24,15,63,80
14.0,Mon,2019-12-02,20:45,Cagliari,Sampdoria,0.8,1.3,4–3,15658.0,Gianluca Aureliano,2019-2020,Radja Nainggolan,Fabio Quagliarella,(4-3-3),(4-3-1-2),65%,35%,556 of 676 — 82%,70% — 260 of 370,7 of 17 — 41%,36% — 4 of 11,2 of 4 — 50%,42% — 3 of 7,3.0,0,1.0,0,16,12,6,4,52,18,800,505,18,21,7,12,19,19,21,33,2,3,5,10,27,15,83,72
15.0,Fri,2019-12-06,20:45,Inter,Roma,1.5,0.2,0–0,67008.0,Giampaolo Calvarese,2019-2020,Samir Handanović,Lorenzo Pellegrini,(3-5-2),(4-2-3-1),50%,50%,441 of 538 — 82%,83% — 450 of 545,2 of 9 — 22%,33% — 2 of 6,2 of 2 — 100%,100% — 2 of 2,3.0,0,1.0,0,12,11,8,3,20,21,644,657,22,13,13,18,10,16,28,18,6,0,5,8,12,14,69,77
15.0,Sat,2019-12-07,15:00,Atalanta,Hellas Verona,2.4,0.9,3–2,19335.0,Paolo Valeri,2019-2020,Papu Gómez,Miguel Veloso,(3-4-3),(3-4-3),58%,42%,412 of 555 — 74%,66% — 266 of 403,9 of 20 — 45%,29% — 2 of 7,0 of 2 — 0%,77% — 7 of 9,1.0,0,6.5,0,14,16,13,4,27,10,666,531,13,18,14,15,21,23,14,28,2,1,8,13,25,19,72,82
15.0,Sat,2019-12-07,18:00,Udinese,Napoli,0.5,1.1,1–1,20405.0,Maurizio Mariani,2019-2020,Kevin Lasagna,Lorenzo Insigne,(3-5-2),(4-4-2),31%,69%,231 of 314 — 74%,85% — 594 of 695,1 of 5 — 20%,17% — 3 of 18,2 of 3 — 66%,0% — 0 of 1,3.0,0,4.0,1,20,15,3,10,11,42,429,778,10,12,15,4,17,13,44,8,1,0,13,5,13,20,63,59
15.0,Sat,2019-12-07,20:45,Lazio,Juventus,3.0,1.6,3–1,65000.0,Michael Fabbri,2019-2020,Senad Lulić,Leonardo Bonucci,(3-5-1-1),(4-3-1-2),40%,60%,332 of 405 — 82%,88% — 529 of 603,8 of 17 — 47%,44% — 4 of 9,3 of 4 — 75%,62% — 5 of 8,4.0,0,3.0,1,15,11,4,5,14,12,516,694,12,14,16,5,9,9,19,12,3,0,3,7,12,15,62,66
15.0,Sun,2019-12-08,12:30,Lecce,Genoa,1.1,2.2,2–2,21740.0,Gianluca Rocchi,2019-2020,Fabio Lucioni,Domenico Criscito,(4-3-1-2),(3-4-1-2),52%,48%,397 of 480 — 83%,77% — 334 of 435,5 of 22 — 23%,23% — 3 of 13,2 of 3 — 66%,60% — 3 of 5,5.0,0,9.0,0,17,18,11,3,27,17,616,550,20,23,19,10,15,16,22,17,2,2,7,12,19,23,61,62
15.0,Sun,2019-12-08,15:00,Torino,Fiorentina,0.9,1.9,2–1,19955.0,Piero Giacomelli,2019-2020,Daniele Baselli,Marco Benassi,(3-4-1-2),(4-5-1),41%,59%,250 of 357 — 70%,77% — 401 of 521,4 of 10 — 40%,24% — 4 of 17,3 of 4 — 75%,50% — 2 of 4,4.0,0,3.0,0,17,17,3,9,19,37,512,656,23,24,14,9,20,18,39,19,0,2,6,5,19,31,75,68
15.0,Sun,2019-12-08,15:00,SPAL,Brescia,2.2,1.9,0–1,12442.0,Daniele Orsato,2019-2020,Francesco Vicari,Ernesto Torregrossa,(4-2-3-1),(4-1-2-1-2),64%,36%,518 of 636 — 81%,73% — 259 of 357,2 of 18 — 11%,42% — 5 of 12,4 of 5 — 80%,100% — 2 of 2,3.0,0,3.0,0,17,18,3,1,40,7,712,480,11,10,7,6,16,14,8,36,2,1,3,11,37,20,56,57
15.0,Sun,2019-12-08,15:00,Sassuolo,Cagliari,1.8,0.5,2–2,12666.0,Luca Pairetto,2019-2020,Francesco Magnanelli,Radja Nainggolan,(4-2-3-1),(4-3-2-1),55%,45%,473 of 551 — 86%,82% — 364 of 445,2 of 15 — 13%,30% — 3 of 10,1 of 3 — 33%,0% — 0 of 2,3.0,0,4.0,0,10,19,8,4,21,16,660,544,17,15,12,7,10,9,12,22,2,2,4,8,15,30,62,62
15.0,Sun,2019-12-08,18:00,Sampdoria,Parma,2.0,0.6,0–1,19516.0,Rosario Abisso,2019-2020,Fabio Quagliarella,Bruno Alves,(4-3-1-2),(4-3-3),62%,38%,483 of 597 — 81%,71% — 261 of 366,3 of 20 — 15%,11% — 1 of 9,0 of 1 — 0%,100% — 3 of 3,3.0,0,2.0,0,15,11,3,2,33,13,691,488,11,15,6,13,15,21,8,31,3,2,9,15,25,13,73,83
15.0,Sun,2019-12-08,20:45,Bologna,Milan,1.4,2.3,2–3,23707.0,Daniele Chiffi,2019-2020,Blerim Džemaili,Alessio Romagnoli,(4-2-3-1),(4-3-3),50%,50%,336 of 462 — 73%,75% — 349 of 468,3 of 10 — 30%,55% — 6 of 11,4 of 6 — 66%,100% — 3 of 3,4.0,0,2.0,0,17,19,5,1,17,6,577,582,16,9,7,12,22,20,9,19,4,1,8,11,24,23,58,87
16.0,Sat,2019-12-14,15:00,Brescia,Lecce,3.6,1.3,3–0,13131.0,Massimiliano Irrati,2019-2020,Ernesto Torregrossa,Andrea Tabanelli,(4-3-1-2),(4-3-1-2),39%,61%,247 of 334 — 74%,79% — 415 of 526,9 of 13 — 69%,36% — 4 of 11,4 of 4 — 100%,66% — 6 of 9,4.0,0,6.0,0,17,26,4,6,8,32,450,615,8,13,6,8,10,19,21,9,1,2,9,5,19,27,66,91
16.0,Sat,2019-12-14,18:30,Napoli,Parma,2.2,1.2,1–2,25000.0,Marco Di Bello,2019-2020,Lorenzo Insigne,Bruno Alves,(4-3-3),(4-3-3),72%,28%,705 of 802 — 88%,67% — 212 of 318,8 of 33 — 24%,57% — 4 of 7,2 of 4 — 50%,87% — 7 of 8,2.0,0,2.0,0,9,12,11,1,41,7,931,458,16,28,6,7,7,8,9,36,2,1,7,23,22,19,46,57
16.0,Sat,2019-12-14,20:45,Genoa,Sampdoria,1.0,0.3,0–1,30658.0,Daniele Doveri,2019-2020,Domenico Criscito,Fabio Quagliarella,(3-4-1-2),(4-4-2),64%,36%,425 of 543 — 78%,64% — 198 of 311,1 of 9 — 11%,20% — 1 of 5,0 of 1 — 0%,100% — 1 of 1,5.0,0,3.0,0,17,26,4,2,30,15,646,441,12,13,11,10,22,19,23,26,2,1,4,9,28,14,59,81
16.0,Sun,2019-12-15,12:30,Hellas Verona,Torino,2.4,1.6,3–3,14612.0,Federico La Penna,2019-2020,Miguel Veloso,Daniele Baselli,(3-4-3),(3-4-3),52%,48%,256 of 403 — 64%,66% — 248 of 373,6 of 11 — 55%,50% — 8 of 16,5 of 8 — 62%,66% — 4 of 6,3.0,0,1.0,0,20,21,6,3,22,10,511,502,13,8,7,13,25,26,23,23,4,0,9,8,15,23,68,89
16.0,Sun,2019-12-15,15:00,Bologna,Atalanta,1.3,2.4,2–1,21277.0,Davide Massa,2019-2020,Blerim Džemaili,Rafael Tolói,(4-2-3-1),(3-4-1-2),41%,59%,249 of 371 — 67%,79% — 417 of 529,4 of 14 — 29%,21% — 4 of 19,3 of 4 — 75%,50% — 2 of 4,6.5,0,1.0,0,15,18,4,4,13,19,491,650,16,18,20,13,22,31,26,14,4,1,12,8,24,17,79,76
16.0,Sun,2019-12-15,15:00,Milan,Sassuolo,2.2,1.0,0–0,58005.0,Gianluca Manganiello,2019-2020,Alessio Romagnoli,Francesco Magnanelli,(4-3-3),(4-2-3-1),50%,50%,378 of 472 — 80%,80% — 381 of 477,8 of 23 — 35%,33% — 6 of 18,6 of 6 — 100%,100% — 8 of 8,5.0,0,4.0,0,14,16,8,3,18,9,592,611,10,24,14,8,6,9,16,24,3,1,6,10,16,19,48,52
16.0,Sun,2019-12-15,15:00,Juventus,Udinese,1.6,1.4,3–1,39127.0,Fabrizio Pasqua,2019-2020,Leonardo Bonucci,Rodrigo De Paul,(4-3-1-2),(3-5-2),65%,35%,731 of 814 — 90%,80% — 351 of 441,9 of 24 — 38%,55% — 6 of 11,5 of 6 — 83%,66% — 6 of 9,2.0,0,1.0,0,11,5,9,8,16,22,941,552,16,9,7,14,8,6,27,17,0,3,5,5,11,17,49,68
16.0,Sun,2019-12-15,18:00,Roma,SPAL,3.3,1.1,3–1,34761.0,Antonio Giua,2019-2020,Alessandro Florenzi,Felipe dal Belo,(4-2-3-1),(3-5-2),67%,33%,567 of 650 — 87%,77% — 244 of 318,8 of 24 — 33%,33% — 2 of 6,2 of 2 — 100%,87% — 7 of 8,1.0,0,3.0,0,12,17,8,3,27,5,733,422,8,13,8,7,10,17,6,34,2,4,3,8,22,14,85,61
16.0,Sun,2019-12-15,20:45,Fiorentina,Inter,0.7,0.8,1–1,37537.0,Maurizio Mariani,2019-2020,Germán Pezzella,Samir Handanović,(3-5-2),(3-5-2),52%,48%,414 of 523 — 79%,80% — 382 of 475,5 of 13 — 38%,83% — 5 of 6,4 of 5 — 80%,80% — 4 of 5,3.0,0,4.0,0,15,18,5,1,39,11,613,583,12,6,11,14,17,14,15,33,1,1,4,11,18,14,58,56
16.0,Mon,2019-12-16,20:45,Cagliari,Lazio,1.5,2.0,1–2,16299.0,Fabio Maresca,2019-2020,Radja Nainggolan,Senad Lulić,(4-3-2-1),(3-5-2),39%,61%,282 of 381 — 74%,79% — 470 of 592,3 of 13 — 23%,31% — 5 of 16,3 of 5 — 60%,66% — 2 of 3,4.0,0,3.0,0,12,10,2,9,12,51,515,688,12,11,11,10,15,20,41,9,3,4,12,5,12,26,77,95
17.0,Wed,2019-12-18,18:55,Sampdoria,Juventus,0.7,0.9,1–2,23136.0,Gianluca Rocchi,2019-2020,Karol Linetty,Leonardo Bonucci,(4-4-2),(4-3-1-2),30%,70%,228 of 337 — 68%,86% — 679 of 790,3 of 14 — 21%,36% — 4 of 11,2 of 4 — 50%,66% — 2 of 3,6.5,0,2.0,0,7,17,5,5,19,23,442,908,15,15,17,10,12,23,23,20,1,2,9,11,20,24,83,81
7.0,Wed,2019-12-18,20:45,Brescia,Sassuolo,1.5,0.6,0–2,14574.0,Marco Di Bello,2019-2020,Ernesto Torregrossa,Domenico Berardi,(4-3-1-2),(4-2-3-1),34%,66%,274 of 363 — 75%,87% — 605 of 699,6 of 19 — 32%,45% — 5 of 11,3 of 5 — 60%,100% — 6 of 6,2.0,0,3.0,0,17,16,4,4,20,19,478,816,15,19,13,8,12,6,17,26,3,3,8,8,19,19,44,41
17.0,Fri,2019-12-20,20:45,Fiorentina,Roma,1.6,1.7,1–4,3305.0,Daniele Orsato,2019-2020,Germán Pezzella,Alessandro Florenzi,(3-5-2),(4-2-3-1),43%,57%,278 of 383 — 73%,82% — 415 of 508,4 of 12 — 33%,46% — 6 of 13,2 of 6 — 33%,75% — 3 of 4,4.0,0,3.0,0,20,16,5,4,15,10,480,620,14,15,9,12,4,11,14,21,2,1,7,6,23,15,62,70
17.0,Sat,2019-12-21,15:00,Udinese,Cagliari,2.0,0.7,2–1,19822.0,Marco Piccinini,2019-2020,Kevin Lasagna,Radja Nainggolan,(3-5-2),(4-3-2-1),41%,59%,339 of 443 — 77%,85% — 532 of 627,2 of 14 — 14%,7% — 1 of 14,0 of 1 — 0%,0% — 0 of 2,3.0,0,5.5,0,13,14,2,1,20,20,542,731,12,15,10,5,18,14,25,16,3,0,14,8,20,19,70,58
17.0,Sat,2019-12-21,18:00,Inter,Genoa,2.5,0.7,4–0,57490.0,Luca Pairetto,2019-2020,Samir Handanović,Domenico Criscito,(3-5-2),(4-3-1-2),49%,51%,435 of 533 — 82%,84% — 457 of 546,8 of 16 — 50%,33% — 3 of 9,3 of 3 — 100%,62% — 5 of 8,1.0,0,4.0,0,11,12,6,3,20,12,638,657,16,8,12,18,6,6,10,24,3,0,4,12,18,21,63,44
17.0,Sat,2019-12-21,20:45,Torino,SPAL,1.4,1.0,1–2,18553.0,Michael Fabbri,2019-2020,Andrea Belotti,Francesco Vicari,(3-4-3),(3-5-2),49%,51%,278 of 403 — 69%,74% — 315 of 427,6 of 14 — 43%,33% — 4 of 12,2 of 4 — 50%,83% — 5 of 6,5.5,0,4.0,0,23,17,10,3,27,18,517,558,12,17,9,16,15,19,23,35,2,4,4,7,26,18,79,69
17.0,Sun,2019-12-22,12:30,Atalanta,Milan,2.1,0.4,5–0,20940.0,Federico La Penna,2019-2020,Papu Gómez,Alessio Romagnoli,(3-4-3),(4-3-3),59%,41%,474 of 577 — 82%,78% — 314 of 403,10 of 19 — 53%,13% — 1 of 8,1 of 1 — 100%,50% — 5 of 10,2.0,0,4.0,0,7,12,5,2,19,8,667,501,16,14,9,17,9,6,6,23,5,1,7,8,17,19,66,69
17.0,Sun,2019-12-22,15:00,Parma,Brescia,0.9,2.0,1–1,16686.0,Francesco Fourneau,2019-2020,Bruno Alves,Ernesto Torregrossa,(4-3-3),(4-3-1-2),53%,47%,363 of 474 — 77%,77% — 324 of 420,3 of 14 — 21%,33% — 4 of 12,3 of 4 — 75%,66% — 2 of 3,3.0,0,2.0,0,16,11,9,5,25,17,588,543,19,18,7,19,8,12,18,31,2,3,11,8,27,22,65,51
17.0,Sun,2019-12-22,15:00,Lecce,Bologna,1.3,4.1,2–3,24178.0,Rosario Abisso,2019-2020,Marco Mancosu,Andrea Poli,(4-3-1-2),(4-2-3-1),50%,50%,407 of 518 — 79%,83% — 435 of 526,4 of 12 — 33%,58% — 14 of 24,11 of 14 — 78%,50% — 2 of 4,3.0,0,3.0,0,17,19,6,2,21,11,615,637,13,11,3,10,18,13,11,23,2,6,8,4,25,20,68,65
17.0,Sun,2019-12-22,20:45,Sassuolo,Napoli,1.3,1.4,1–2,12570.0,Daniele Chiffi,2019-2020,Federico Peluso,Lorenzo Insigne,(4-2-3-1),(4-3-3),58%,42%,552 of 640 — 86%,80% — 380 of 473,4 of 14 — 29%,44% — 7 of 16,6 of 7 — 85%,75% — 3 of 4,2.0,0,2.0,0,17,13,7,11,16,25,753,568,19,14,9,10,8,8,25,15,5,2,5,8,11,23,45,43
18.0,Sun,2020-01-05,12:30,Brescia,Lazio,0.3,1.9,1–2,14370.0,Gianluca Manganiello,2019-2020,Ernesto Torregrossa,Senad Lulić,(4-3-1-2),(3-5-2),37%,63%,270 of 354 — 76%,84% — 507 of 603,3 of 6 — 50%,28% — 5 of 18,4 of 5 — 80%,66% — 2 of 3,5.0,1,4.0,0,11,23,2,5,7,30,459,688,13,14,11,10,7,9,33,7,1,2,10,1,14,14,61,66
18.0,Sun,2020-01-05,15:00,SPAL,Hellas Verona,1.7,2.1,0–2,14078.0,Marco Guida,2019-2020,Francesco Vicari,Miguel Veloso,(3-5-2),(3-4-1-2),55%,45%,398 of 501 — 79%,73% — 304 of 416,2 of 19 — 11%,42% — 8 of 19,6 of 8 — 75%,100% — 2 of 2,1.0,1,1.0,0,8,16,3,4,19,13,599,523,16,20,6,8,18,14,10,12,0,5,12,15,17,23,75,65
18.0,Sun,2020-01-05,18:00,Genoa,Sassuolo,2.9,0.9,2–1,21033.0,Massimiliano Irrati,2019-2020,Domenico Criscito,Andrea Consigli,(3-1-4-2),(4-2-3-1),36%,64%,254 of 350 — 73%,83% — 508 of 609,5 of 14 — 36%,27% — 3 of 11,2 of 3 — 66%,80% — 4 of 5,4.0,0,5.0,1,24,14,1,6,12,22,480,707,20,11,14,9,10,7,20,8,1,3,11,8,9,13,64,42
18.0,Sun,2020-01-05,20:45,Roma,Torino,2.1,2.0,0–2,38954.0,Marco Di Bello,2019-2020,Alessandro Florenzi,Andrea Belotti,(4-2-3-1),(3-4-3),59%,41%,398 of 508 — 78%,73% — 260 of 357,7 of 31 — 23%,45% — 5 of 11,4 of 5 — 80%,100% — 7 of 7,5.0,0,2.0,0,11,23,14,3,39,10,617,483,15,12,10,11,22,22,9,37,3,3,5,20,19,14,64,81
18.0,Mon,2020-01-06,12:30,Bologna,Fiorentina,0.8,0.4,1–1,22653.0,Paolo Valeri,2019-2020,Andrea Poli,Germán Pezzella,(4-2-3-1),(3-5-2),70%,30%,445 of 563 — 79%,60% — 144 of 241,6 of 14 — 43%,44% — 4 of 9,3 of 4 — 75%,83% — 5 of 6,2.0,0,4.0,0,15,24,14,2,41,14,646,344,12,15,5,4,16,23,15,39,2,1,7,12,21,20,58,73
18.0,Mon,2020-01-06,15:00,Atalanta,Parma,2.2,0.2,5–0,19213.0,Fabrizio Pasqua,2019-2020,Papu Gómez,Bruno Alves,(3-4-1-2),(4-3-3),60%,40%,511 of 608 — 84%,74% — 294 of 400,10 of 23 — 43%,20% — 1 of 5,1 of 1 — 100%,50% — 5 of 10,2.0,0,4.0,0,12,13,2,2,11,10,735,511,13,21,17,9,13,10,11,8,1,3,4,9,23,27,52,82
18.0,Mon,2020-01-06,15:00,Juventus,Cagliari,2.8,0.6,4–0,40598.0,Piero Giacomelli,2019-2020,Leonardo Bonucci,Radja Nainggolan,(4-3-1-2),(4-3-2-1),64%,36%,718 of 805 — 89%,83% — 375 of 450,8 of 19 — 42%,13% — 1 of 8,1 of 1 — 100%,62% — 5 of 8,1.0,0,1.0,0,9,15,3,2,21,17,901,573,14,14,11,8,9,3,10,26,3,0,7,10,21,14,41,52
18.0,Mon,2020-01-06,15:00,Milan,Sampdoria,1.5,0.9,0–0,58572.0,Davide Massa,2019-2020,Alessio Romagnoli,Fabio Quagliarella,(4-3-3),(4-4-2),68%,32%,537 of 659 — 81%,62% — 196 of 314,7 of 19 — 37%,33% — 2 of 6,2 of 2 — 100%,100% — 7 of 7,1.0,0,5.0,0,13,20,7,5,37,15,782,447,16,18,10,7,21,17,14,30,2,1,5,6,25,21,61,82
18.0,Mon,2020-01-06,18:00,Lecce,Udinese,0.7,0.7,0–1,21321.0,Antonio Giua,2019-2020,Marco Mancosu,Rodrigo De Paul,(4-3-1-2),(3-5-2),47%,53%,358 of 466 — 77%,77% — 414 of 536,4 of 15 — 27%,40% — 4 of 10,3 of 4 — 75%,100% — 4 of 4,1.0,0,1.0,0,17,12,7,8,24,30,596,652,20,13,9,11,16,8,35,23,0,5,7,7,17,14,72,68
18.0,Mon,2020-01-06,20:45,Napoli,Inter,1.6,1.4,1–3,31191.0,Daniele Doveri,2019-2020,Lorenzo Insigne,Samir Handanović,(4-3-3),(3-5-2),57%,43%,577 of 674 — 86%,81% — 419 of 518,7 of 19 — 37%,57% — 8 of 14,5 of 8 — 62%,85% — 6 of 7,0.0,0,5.0,0,11,23,3,4,23,11,772,620,13,12,11,17,7,8,10,20,0,2,3,15,19,16,50,64
19.0,Sat,2020-01-11,15:00,Cagliari,Milan,0.7,1.2,0–2,16412.0,Rosario Abisso,2019-2020,Radja Nainggolan,Alessio Romagnoli,(4-3-2-1),(4-4-2),58%,42%,471 of 576 — 82%,80% — 339 of 424,2 of 9 — 22%,31% — 4 of 13,2 of 4 — 50%,100% — 2 of 2,3.0,0,1.0,0,14,13,3,6,30,15,687,553,19,15,4,15,17,20,18,27,1,2,11,9,25,18,85,69
19.0,Sat,2020-01-11,18:00,Lazio,Napoli,1.3,0.7,1–0,40000.0,Daniele Orsato,2019-2020,Senad Lulić,Lorenzo Insigne,(3-5-2),(4-3-3),37%,63%,359 of 445 — 81%,88% — 678 of 768,5 of 12 — 42%,31% — 4 of 13,4 of 4 — 100%,80% — 4 of 5,2.0,0,2.0,0,9,7,6,6,25,20,540,848,6,10,12,8,6,6,24,19,3,0,7,5,12,13,60,56
19.0,Sat,2020-01-11,20:45,Inter,Atalanta,0.7,2.5,1–1,70042.0,Gianluca Rocchi,2019-2020,Samir Handanović,Papu Gómez,(3-5-2),(3-4-1-2),37%,63%,333 of 424 — 79%,86% — 627 of 730,4 of 10 — 40%,31% — 5 of 16,4 of 5 — 80%,75% — 3 of 4,2.0,0,4.0,0,22,13,0,4,7,27,545,830,13,15,17,11,8,14,21,8,2,3,11,3,16,15,67,68
19.0,Sun,2020-01-12,12:30,Udinese,Sassuolo,1.3,0.8,3–0,21731.0,Manuel Volpi,2019-2020,Kevin Lasagna,Francesco Magnanelli,(3-5-2),(4-2-3-1),38%,62%,283 of 367 — 77%,84% — 504 of 603,8 of 14 — 57%,18% — 3 of 17,3 of 3 — 100%,62% — 5 of 8,0.0,0,0.0,0,13,13,6,11,20,30,499,714,14,12,13,6,14,12,36,16,0,0,13,6,14,15,58,42
19.0,Sun,2020-01-12,15:00,Fiorentina,SPAL,1.8,1.0,1–0,33970.0,Daniele Doveri,2019-2020,Germán Pezzella,Felipe dal Belo,(3-5-2),(3-5-2),41%,59%,307 of 407 — 75%,81% — 469 of 577,4 of 17 — 24%,11% — 1 of 9,1 of 1 — 100%,75% — 3 of 4,1.0,0,1.0,0,18,10,3,4,18,16,494,669,12,13,8,6,20,19,16,14,2,1,10,6,20,26,61,81
19.0,Sun,2020-01-12,15:00,Torino,Bologna,0.5,2.1,1–0,15000.0,Marco Piccinini,2019-2020,Andrea Belotti,Andrea Poli,(3-4-3),(4-3-3),40%,60%,202 of 330 — 61%,71% — 342 of 485,1 of 7 — 14%,24% — 4 of 17,4 of 4 — 100%,0% — 0 of 1,5.0,0,3.0,0,16,14,3,9,10,27,484,623,17,33,22,13,36,22,29,12,1,1,7,6,28,27,88,60
19.0,Sun,2020-01-12,15:00,Sampdoria,Brescia,2.7,0.9,5–1,20117.0,Giampaolo Calvarese,2019-2020,Fabio Quagliarella,Ernesto Torregrossa,(4-4-2),(4-3-1-2),53%,47%,371 of 489 — 76%,76% — 332 of 438,9 of 27 — 33%,36% — 4 of 11,3 of 4 — 75%,55% — 5 of 9,2.0,0,3.0,0,14,8,4,2,26,17,586,548,16,11,7,7,19,22,17,32,1,5,5,13,32,18,80,57
19.0,Sun,2020-01-12,18:00,Hellas Verona,Genoa,2.5,0.8,2–1,14849.0,Maurizio Mariani,2019-2020,Miguel Veloso,Domenico Criscito,(3-4-3),(3-5-2),66%,34%,505 of 647 — 78%,61% — 205 of 337,7 of 11 — 64%,60% — 3 of 5,2 of 3 — 66%,85% — 6 of 7,3.0,0,6.0,0,12,23,4,2,18,11,745,457,11,19,7,9,27,30,13,24,2,1,3,9,22,19,69,77
19.0,Sun,2020-01-12,20:45,Roma,Juventus,2.6,1.4,1–2,60513.0,Marco Guida,2019-2020,Alessandro Florenzi,Leonardo Bonucci,(4-2-3-1),(4-3-1-2),53%,47%,471 of 565 — 83%,84% — 422 of 504,4 of 21 — 19%,75% — 3 of 4,2 of 3 — 66%,100% — 4 of 4,6.0,0,3.0,0,12,13,13,2,46,7,642,620,3,12,11,8,9,8,6,36,0,7,2,12,19,14,46,56
19.0,Mon,2020-01-13,20:45,Parma,Lecce,1.8,0.9,2–0,15258.0,Michael Fabbri,2019-2020,Bruno Alves,Marco Mancosu,(4-3-3),(4-3-1-2),49%,51%,411 of 501 — 82%,84% — 433 of 518,6 of 11 — 55%,21% — 4 of 19,4 of 4 — 100%,66% — 4 of 6,4.0,0,1.0,0,19,10,6,5,27,20,621,632,21,13,9,8,13,11,22,15,4,0,7,6,11,15,89,60
20.0,Sat,2020-01-18,15:00,Lazio,Sampdoria,4.5,0.5,5–1,30000.0,Daniele Chiffi,2019-2020,Ciro Immobile,Karol Linetty,(3-5-2),(4-4-2),61%,39%,530 of 612 — 87%,80% — 311 of 390,6 of 14 — 43%,44% — 4 of 9,3 of 4 — 75%,50% — 3 of 6,1.0,0,2.0,1,13,13,6,4,12,18,690,481,9,11,7,16,9,8,15,6,2,1,5,7,10,10,57,56
20.0,Sat,2020-01-18,18:00,Sassuolo,Torino,1.0,1.0,2–1,10500.0,Davide Massa,2019-2020,Domenico Berardi,Andrea Belotti,(4-2-3-1),(3-4-3),55%,45%,391 of 501 — 78%,76% — 311 of 407,5 of 11 — 45%,18% — 2 of 11,2 of 2 — 100%,60% — 3 of 5,2.0,0,4.0,0,13,13,13,6,35,23,607,524,14,23,10,11,8,11,18,33,0,0,8,8,32,28,56,50
20.0,Sat,2020-01-18,20:45,Napoli,Fiorentina,0.7,1.0,0–2,22219.0,Fabrizio Pasqua,2019-2020,Lorenzo Insigne,Germán Pezzella,(4-3-3),(3-5-2),67%,33%,614 of 725 — 85%,69% — 246 of 357,3 of 12 — 25%,55% — 6 of 11,4 of 6 — 66%,100% — 3 of 3,2.0,0,1.0,0,7,10,4,5,29,22,820,461,10,17,5,5,8,16,19,26,2,2,7,11,24,9,44,98
20.0,Sun,2020-01-19,12:30,Milan,Udinese,2.6,1.1,3–2,56107.0,Luca Pairetto,2019-2020,Alessio Romagnoli,Kevin Lasagna,(4-4-2),(3-5-2),51%,49%,371 of 458 — 81%,78% — 340 of 434,7 of 24 — 29%,50% — 6 of 12,4 of 6 — 66%,57% — 4 of 7,4.0,0,1.0,0,17,8,9,3,32,20,573,547,22,21,12,6,15,12,15,23,1,1,4,12,14,19,58,61
20.0,Sun,2020-01-19,15:00,Bologna,Hellas Verona,1.1,2.1,1–1,20697.0,Giovanni Ayroldi,2019-2020,Ibrahima Mbaye,Miguel Veloso,(4-3-3),(3-4-3),42%,58%,243 of 362 — 67%,74% — 361 of 490,2 of 7 — 29%,37% — 7 of 19,6 of 7 — 85%,50% — 1 of 2,7.5,0,2.0,0,20,16,3,8,12,34,475,595,16,14,10,13,31,26,25,15,2,3,7,6,17,25,67,62
20.0,Sun,2020-01-19,15:00,Brescia,Cagliari,1.4,3.7,2–2,12133.0,Antonio Giua,2019-2020,Ernesto Torregrossa,Radja Nainggolan,(4-3-1-2),(4-3-2-1),45%,55%,321 of 424 — 76%,82% — 419 of 511,5 of 11 — 45%,31% — 8 of 26,7 of 8 — 87%,60% — 3 of 5,4.0,1,4.0,0,10,18,2,7,20,28,538,637,18,13,1,9,25,18,23,28,2,0,15,5,22,17,51,63
20.0,Sun,2020-01-19,15:00,Lecce,Inter,1.2,1.7,1–1,25966.0,Piero Giacomelli,2019-2020,Marco Mancosu,Samir Handanović,(5-3-2),(3-5-2),34%,66%,273 of 364 — 75%,84% — 590 of 699,2 of 12 — 17%,33% — 8 of 24,7 of 8 — 87%,50% — 1 of 2,2.0,0,2.0,0,11,9,3,14,18,55,486,799,7,11,11,8,14,24,46,9,0,1,15,7,10,17,83,55
20.0,Sun,2020-01-19,18:00,Genoa,Roma,1.6,2.3,1–3,20951.0,Fabio Maresca,2019-2020,Davide Biraschi,Edin Džeko,(3-5-2),(4-2-3-1),46%,54%,321 of 452 — 71%,81% — 430 of 534,4 of 9 — 44%,40% — 6 of 15,4 of 6 — 66%,75% — 3 of 4,2.0,0,3.0,0,12,14,7,3,32,15,547,660,13,14,11,17,14,26,21,30,0,1,8,6,18,21,78,87
20.0,Sun,2020-01-19,20:45,Juventus,Parma,1.2,0.3,2–1,37790.0,Marco Di Bello,2019-2020,Leonardo Bonucci,Bruno Alves,(4-3-1-2),(4-2-3-1),63%,37%,619 of 707 — 88%,76% — 319 of 419,5 of 17 — 29%,75% — 6 of 8,5 of 6 — 83%,60% — 3 of 5,0.0,0,1.0,0,13,11,10,6,25,18,826,513,11,15,18,10,16,18,10,18,1,0,3,10,20,17,62,83
20.0,Mon,2020-01-20,20:45,Atalanta,SPAL,2.5,1.3,1–2,16636.0,Federico La Penna,2019-2020,Papu Gómez,Francesco Vicari,(3-4-1-2),(3-5-2),57%,43%,454 of 568 — 80%,76% — 320 of 421,5 of 21 — 24%,33% — 5 of 15,3 of 5 — 60%,80% — 4 of 5,2.0,0,3.0,0,15,18,8,4,24,16,677,548,17,19,6,15,16,11,15,21,3,1,7,11,16,19,64,68
21.0,Fri,2020-01-24,20:45,Brescia,Milan,1.2,2.1,0–1,19451.0,Paolo Valeri,2019-2020,Ernesto Torregrossa,Alessio Romagnoli,(4-3-1-2),(4-4-2),52%,48%,382 of 493 — 77%,81% — 367 of 453,7 of 18 — 39%,22% — 4 of 18,3 of 4 — 75%,100% — 7 of 7,2.0,0,4.0,0,12,15,7,3,31,15,610,589,16,20,6,10,13,20,25,19,3,2,8,13,23,18,59,68
21.0,Sat,2020-01-25,15:00,SPAL,Bologna,1.8,2.0,1–3,12622.0,Michael Fabbri,2019-2020,Francesco Vicari,Andrea Poli,(3-5-2),(4-2-3-1),55%,45%,363 of 459 — 79%,73% — 271 of 373,3 of 19 — 16%,28% — 5 of 18,3 of 5 — 60%,100% — 3 of 3,4.0,0,3.0,0,16,16,5,9,21,23,579,507,15,16,6,12,10,13,17,26,1,2,8,8,28,18,63,56
21.0,Sat,2020-01-25,18:00,Fiorentina,Genoa,1.4,1.7,0–0,32903.0,Daniele Orsato,2019-2020,Germán Pezzella,Domenico Criscito,(3-5-2),(3-5-2),46%,54%,313 of 410 — 76%,81% — 387 of 475,2 of 20 — 10%,56% — 5 of 9,5 of 5 — 100%,100% — 2 of 2,4.0,0,3.0,0,18,21,7,6,33,21,507,577,11,10,2,14,20,9,19,27,1,0,5,14,19,15,77,65
21.0,Sat,2020-01-25,20:45,Torino,Atalanta,0.6,4.9,0–7,18824.0,Marco Guida,2019-2020,Andrea Belotti,Papu Gómez,(3-4-3),(3-4-1-2),44%,56%,279 of 379 — 74%,78% — 384 of 492,4 of 11 — 36%,50% — 12 of 24,7 of 12 — 58%,100% — 4 of 4,4.5,1,2.0,0,17,12,4,12,16,25,507,609,14,18,12,7,15,24,28,18,1,0,6,4,20,18,66,60
21.0,Sun,2020-01-26,12:30,Inter,Cagliari,1.4,0.9,1–1,70465.0,Gianluca Manganiello,2019-2020,Samir Handanović,Radja Nainggolan,(3-5-2),(3-5-2),41%,59%,343 of 425 — 81%,81% — 506 of 621,5 of 18 — 28%,15% — 2 of 13,1 of 2 — 50%,80% — 4 of 5,4.0,1,0.0,0,10,10,4,6,16,30,553,722,13,13,13,6,16,12,26,13,5,1,10,9,17,21,59,77
21.0,Sun,2020-01-26,15:00,Sampdoria,Sassuolo,1.4,0.3,0–0,19260.0,Marco Piccinini,2019-2020,Fabio Quagliarella,Domenico Berardi,(4-4-2),(4-2-3-1),50%,50%,418 of 531 — 79%,83% — 441 of 531,3 of 25 — 12%,13% — 1 of 8,1 of 1 — 100%,100% — 3 of 3,4.0,0,1.0,1,16,9,6,3,34,13,638,680,28,13,5,8,13,10,11,46,2,0,8,11,20,21,52,64
21.0,Sun,2020-01-26,15:00,Hellas Verona,Lecce,2.6,0.6,3–0,15425.0,Rosario Abisso,2019-2020,Miguel Veloso,Marco Mancosu,(3-4-3),(5-3-2),61%,39%,518 of 617 — 84%,73% — 281 of 387,4 of 11 — 36%,0% — 0 of 4,0 of 0 — %,50% — 2 of 4,2.0,0,4.5,0,16,11,5,0,18,7,703,477,9,13,13,11,19,16,8,13,1,1,7,9,18,13,57,82
21.0,Sun,2020-01-26,15:00,Parma,Udinese,1.3,1.9,2–0,14250.0,Simone Sozza,2019-2020,Bruno Alves,Kevin Lasagna,(4-3-3),(3-5-2),50%,50%,365 of 448 — 81%,77% — 353 of 457,3 of 11 — 27%,21% — 4 of 19,4 of 4 — 100%,33% — 1 of 3,2.0,0,3.0,0,12,9,5,11,16,40,591,572,13,21,12,6,19,13,42,13,0,1,18,8,17,30,84,57
21.0,Sun,2020-01-26,18:00,Roma,Lazio,2.0,1.1,1–1,59902.0,Giampaolo Calvarese,2019-2020,Edin Džeko,Senad Lulić,(4-2-3-1),(3-5-2),66%,34%,562 of 641 — 88%,74% — 246 of 332,3 of 22 — 14%,33% — 2 of 6,1 of 2 — 50%,66% — 2 of 3,2.0,0,4.0,0,11,12,7,1,29,6,757,438,12,13,12,10,12,7,12,23,1,3,1,12,12,12,51,65
21.0,Sun,2020-01-26,20:45,Napoli,Juventus,1.4,1.0,2–1,39111.0,Maurizio Mariani,2019-2020,Lorenzo Insigne,Leonardo Bonucci,(4-3-3),(4-3-1-2),51%,49%,477 of 566 — 84%,85% — 463 of 542,4 of 15 — 27%,50% — 4 of 8,3 of 4 — 75%,50% — 2 of 4,2.0,0,5.0,0,14,14,3,2,12,20,649,628,10,8,9,13,8,7,15,9,1,3,6,10,21,20,55,42
22.0,Sat,2020-02-01,15:00,Bologna,Brescia,2.0,0.9,2–1,21665.0,Daniele Doveri,2019-2020,Andrea Poli,Ernesto Torregrossa,(4-2-3-1),(4-3-1-2),64%,36%,489 of 593 — 82%,69% — 228 of 331,6 of 20 — 30%,0% — 0 of 2,0 of 0 — %,66% — 4 of 6,3.0,0,2.0,0,17,14,6,3,23,9,709,459,11,20,11,10,24,17,14,31,0,2,3,9,27,25,64,70
22.0,Sat,2020-02-01,18:00,Cagliari,Parma,2.6,2.2,2–2,16051.0,Massimiliano Irrati,2019-2020,Radja Nainggolan,Bruno Alves,(4-3-2-1),(4-1-4-1),52%,48%,322 of 425 — 76%,73% — 289 of 394,8 of 19 — 42%,25% — 4 of 16,2 of 4 — 50%,75% — 6 of 8,3.0,0,2.0,0,16,14,8,7,20,28,534,513,12,12,11,16,16,19,27,22,2,0,16,12,19,25,87,80
22.0,Sat,2020-02-01,20:45,Sassuolo,Roma,2.3,2.8,4–2,13411.0,Luca Pairetto,2019-2020,Domenico Berardi,Edin Džeko,(4-2-3-1),(4-2-3-1),42%,58%,303 of 383 — 79%,85% — 448 of 525,10 of 18 — 56%,41% — 7 of 17,6 of 7 — 85%,60% — 6 of 10,1.0,0,8.5,0,6,19,5,11,16,29,488,629,13,19,9,14,5,7,21,15,2,1,9,3,14,11,40,59
22.0,Sun,2020-02-02,12:30,Juventus,Fiorentina,2.9,0.8,3–0,40171.0,Fabrizio Pasqua,2019-2020,Leonardo Bonucci,Germán Pezzella,(4-3-3),(3-5-2),74%,26%,654 of 739 — 88%,69% — 178 of 259,6 of 13 — 46%,33% — 3 of 9,3 of 3 — 100%,83% — 5 of 6,1.0,0,4.0,0,9,13,10,5,27,15,838,375,15,24,7,7,13,8,15,29,3,1,6,4,23,12,68,57
22.0,Sun,2020-02-02,15:00,Milan,Hellas Verona,1.7,1.3,1–1,55355.0,Daniele Chiffi,2019-2020,Alessio Romagnoli,Miguel Veloso,(4-4-2),(3-4-3),60%,40%,448 of 573 — 78%,69% — 259 of 376,5 of 26 — 19%,43% — 3 of 7,2 of 3 — 66%,80% — 4 of 5,1.0,0,4.0,1,11,12,9,3,36,14,713,528,17,23,12,10,28,23,24,37,0,4,6,14,33,14,64,67
22.0,Sun,2020-02-02,15:00,Atalanta,Genoa,2.6,1.5,2–2,18755.0,Davide Massa,2019-2020,Papu Gómez,Domenico Criscito,(3-4-1-2),(3-5-2),60%,40%,441 of 557 — 79%,69% — 259 of 373,8 of 24 — 33%,40% — 4 of 10,3 of 4 — 75%,75% — 6 of 8,2.0,0,7.5,0,19,19,7,1,24,8,653,494,16,17,9,5,18,22,12,28,1,1,4,8,24,22,69,75
22.0,Sun,2020-02-02,15:00,Lazio,SPAL,2.3,0.9,5–1,4000.0,Antonio Giua,2019-2020,Senad Lulić,Sergio Floccari,(3-5-2),(3-5-2),54%,46%,518 of 582 — 89%,88% — 438 of 499,8 of 15 — 53%,29% — 4 of 14,3 of 4 — 75%,37% — 3 of 8,1.0,0,2.0,0,9,10,5,2,12,18,661,581,16,13,7,10,8,10,10,14,1,0,7,7,11,12,59,43
22.0,Sun,2020-02-02,18:00,Lecce,Torino,2.1,0.9,4–0,21947.0,Gianluca Rocchi,2019-2020,Fabio Lucioni,Andrea Belotti,(4-3-1-2),(3-4-3),49%,51%,374 of 471 — 79%,84% — 406 of 484,9 of 17 — 53%,20% — 3 of 15,3 of 3 — 100%,66% — 6 of 9,3.0,0,3.0,0,14,23,5,3,18,14,571,595,18,9,13,14,9,16,13,20,4,4,8,4,13,12,72,55
22.0,Sun,2020-02-02,20:45,Udinese,Inter,0.7,2.5,0–2,23215.0,Marco Di Bello,2019-2020,Kevin Lasagna,Milan Škriniar,(3-5-2),(3-4-1-2),43%,57%,420 of 506 — 83%,87% — 577 of 664,1 of 16 — 6%,41% — 7 of 17,6 of 7 — 85%,100% — 1 of 1,2.0,0,2.0,0,10,16,3,2,27,9,612,767,14,14,15,2,7,10,8,19,1,0,4,11,17,15,54,50
22.0,Mon,2020-02-03,20:45,Sampdoria,Napoli,1.9,1.3,2–4,20017.0,Federico La Penna,2019-2020,Fabio Quagliarella,Lorenzo Insigne,(4-4-2),(4-3-3),36%,64%,276 of 369 — 75%,84% — 547 of 649,4 of 12 — 33%,47% — 7 of 15,3 of 7 — 42%,75% — 3 of 4,4.0,0,3.0,0,17,6,4,6,14,17,475,733,28,10,14,6,10,12,12,15,1,2,4,5,15,21,43,61
17.0,Wed,2020-02-05,20:45,Lazio,Hellas Verona,1.3,0.8,0–0,40000.0,Rosario Abisso,2019-2020,Senad Lulić,Miguel Veloso,(3-5-2),(3-4-3),52%,48%,409 of 527 — 78%,71% — 345 of 483,4 of 19 — 21%,15% — 2 of 13,2 of 2 — 100%,100% — 4 of 4,3.0,0,2.0,0,12,15,6,7,20,24,663,610,17,13,7,16,23,30,26,27,1,3,5,12,15,25,72,62
23.0,Fri,2020-02-07,20:45,Roma,Bologna,1.7,1.1,2–3,31808.0,Marco Guida,2019-2020,Edin Džeko,Rodrigo Palacio,(4-2-3-1),(4-2-3-1),58%,42%,472 of 581 — 81%,74% — 309 of 418,8 of 20 — 40%,33% — 4 of 12,1 of 4 — 25%,87% — 7 of 8,2.0,1,4.0,0,11,16,6,6,23,18,708,537,17,18,14,11,13,12,22,23,1,0,7,5,29,21,74,75
23.0,Sat,2020-02-08,15:00,Fiorentina,Atalanta,0.7,1.7,1–2,35034.0,Maurizio Mariani,2019-2020,Germán Pezzella,Papu Gómez,(3-5-2),(3-4-1-2),33%,67%,180 of 300 — 60%,84% — 498 of 596,4 of 8 — 50%,33% — 5 of 15,3 of 5 — 60%,75% — 3 of 4,2.0,0,2.0,0,20,13,4,3,14,15,398,716,14,21,12,8,13,13,17,21,0,1,12,6,23,23,77,65
23.0,Sat,2020-02-08,18:00,Torino,Sampdoria,0.7,1.8,1–3,20664.0,Paolo Valeri,2019-2020,Andrea Belotti,Fabio Quagliarella,(3-4-3),(4-4-2),55%,45%,444 of 543 — 82%,74% — 326 of 441,2 of 6 — 33%,29% — 4 of 14,2 of 4 — 50%,50% — 1 of 2,3.0,1,5.0,0,16,19,2,3,20,18,670,569,13,27,12,9,20,20,26,18,5,3,6,2,16,21,71,78
23.0,Sat,2020-02-08,20:45,Hellas Verona,Juventus,1.9,0.9,2–1,28654.0,Davide Massa,2019-2020,Miguel Veloso,Leonardo Bonucci,(3-4-1-2),(4-3-3),47%,53%,354 of 453 — 78%,80% — 417 of 520,4 of 15 — 27%,20% — 3 of 15,2 of 3 — 66%,75% — 3 of 4,2.0,0,3.0,0,11,18,3,4,19,18,563,646,13,12,12,11,17,18,23,16,1,2,6,9,19,15,67,48
23.0,Sun,2020-02-09,12:30,SPAL,Sassuolo,1.4,2.3,1–2,12988.0,Piero Giacomelli,2019-2020,Francesco Vicari,Domenico Berardi,(3-5-2),(4-2-3-1),38%,62%,286 of 368 — 78%,86% — 524 of 611,3 of 11 — 27%,38% — 8 of 21,7 of 8 — 87%,66% — 2 of 3,2.0,0,4.0,0,16,16,1,6,6,24,470,693,21,11,9,6,9,5,22,6,2,3,13,7,9,19,55,50
23.0,Sun,2020-02-09,15:00,Genoa,Cagliari,1.2,1.2,1–0,21301.0,Giampaolo Calvarese,2019-2020,Domenico Criscito,Radja Nainggolan,(3-5-2),(4-3-2-1),47%,53%,331 of 431 — 77%,78% — 382 of 487,5 of 13 — 38%,40% — 4 of 10,4 of 4 — 100%,80% — 4 of 5,3.0,0,6.0,0,15,15,4,3,14,30,549,604,20,26,11,3,16,13,32,21,2,1,4,7,26,24,70,60
23.0,Sun,2020-02-09,15:00,Napoli,Lecce,3.5,1.7,2–3,40825.0,Antonio Giua,2019-2020,Lorenzo Insigne,Fabio Lucioni,(4-3-3),(4-3-1-2),60%,40%,559 of 660 — 85%,80% — 351 of 439,7 of 25 — 28%,67% — 10 of 15,7 of 10 — 70%,71% — 5 of 7,5.0,0,3.0,0,14,10,10,4,45,11,761,568,17,10,14,12,12,12,8,39,0,1,4,16,16,10,42,65
23.0,Sun,2020-02-09,15:00,Brescia,Udinese,0.6,2.3,1–1,13586.0,Marco Piccinini,2019-2020,Mario Balotelli,Kevin Lasagna,(4-3-1-2),(3-5-2),40%,60%,248 of 371 — 67%,78% — 437 of 560,5 of 8 — 63%,28% — 7 of 25,6 of 7 — 85%,80% — 4 of 5,0.0,0,3.0,0,8,17,4,9,17,32,498,692,13,17,16,8,13,15,30,20,1,1,14,8,21,25,76,66
23.0,Sun,2020-02-09,18:00,Parma,Lazio,1.0,1.6,0–1,17859.0,Marco Di Bello,2019-2020,Bruno Alves,Marco Parolo,(4-3-3),(3-5-2),47%,53%,346 of 437 — 79%,81% — 404 of 499,4 of 19 — 21%,22% — 5 of 23,4 of 5 — 80%,100% — 4 of 4,3.0,0,2.0,0,13,10,7,6,23,25,566,629,18,20,9,10,23,8,26,21,1,2,12,13,17,17,73,64
23.0,Sun,2020-02-09,20:45,Inter,Milan,2.0,2.2,4–2,75817.0,Fabio Maresca,2019-2020,Marcelo Brozović,Alessio Romagnoli,(3-5-2),(4-4-1-1),44%,56%,338 of 434 — 78%,82% — 454 of 554,7 of 16 — 44%,12% — 2 of 17,0 of 2 — 0%,42% — 3 of 7,4.0,0,2.0,0,6,13,7,6,20,25,544,657,12,11,8,14,12,14,29,14,2,1,6,5,17,18,63,70
24.0,Sat,2020-02-15,15:00,Lecce,SPAL,1.6,1.6,2–1,24129.0,Marco Guida,2019-2020,Marco Mancosu,Simone Missiroli,(4-3-1-2),(4-3-1-2),48%,52%,321 of 426 — 75%,79% — 358 of 455,3 of 11 — 27%,23% — 5 of 22,4 of 5 — 80%,66% — 2 of 3,5.0,0,3.0,0,13,22,4,8,15,27,517,554,12,11,7,9,9,15,25,17,3,2,12,7,12,23,65,77
24.0,Sat,2020-02-15,18:00,Bologna,Genoa,0.6,1.5,0–3,21513.0,Davide Massa,2019-2020,Rodrigo Palacio,Domenico Criscito,(4-2-3-1),(3-5-2),56%,44%,416 of 519 — 80%,73% — 296 of 405,4 of 16 — 25%,67% — 4 of 6,2 of 4 — 50%,100% — 4 of 4,4.5,1,5.0,0,19,13,4,4,22,16,631,520,11,18,12,9,14,18,12,28,1,1,2,7,21,23,44,72
24.0,Sat,2020-02-15,20:45,Atalanta,Roma,1.6,0.4,2–1,19830.0,Daniele Orsato,2019-2020,Papu Gómez,Edin Džeko,(3-4-1-2),(4-1-4-1),57%,43%,464 of 567 — 82%,78% — 339 of 433,6 of 13 — 46%,13% — 1 of 8,0 of 1 — 0%,66% — 4 of 6,1.0,0,4.0,0,11,15,5,2,20,15,682,545,22,13,12,9,11,13,18,20,2,1,10,7,21,33,62,85
24.0,Sun,2020-02-16,12:30,Udinese,Hellas Verona,0.8,1.2,0–0,22308.0,Eugenio Abbattista,2019-2020,Kevin Lasagna,Miguel Veloso,(3-5-2),(3-4-3),49%,51%,310 of 413 — 75%,77% — 335 of 437,5 of 17 — 29%,44% — 4 of 9,4 of 4 — 100%,100% — 5 of 5,1.0,0,2.0,0,13,17,9,6,23,21,517,542,12,13,2,11,16,17,16,31,4,1,11,9,15,19,62,73
24.0,Sun,2020-02-16,15:00,Sassuolo,Parma,1.5,0.8,0–1,12099.0,Maurizio Mariani,2019-2020,Domenico Berardi,Bruno Alves,(4-2-3-1),(4-3-3),69%,31%,582 of 675 — 86%,69% — 210 of 303,3 of 16 — 19%,71% — 5 of 7,4 of 5 — 80%,100% — 3 of 3,5.0,0,3.0,0,14,19,5,3,22,13,799,430,16,17,7,11,7,11,10,35,3,0,5,13,22,21,41,78
24.0,Sun,2020-02-16,15:00,Sampdoria,Fiorentina,1.7,3.0,1–5,20284.0,Massimiliano Irrati,2019-2020,Fabio Quagliarella,Germán Pezzella,(4-3-1-2),(3-5-2),45%,55%,298 of 396 — 75%,80% — 384 of 478,5 of 18 — 28%,40% — 4 of 10,2 of 4 — 50%,80% — 4 of 5,6.5,0,5.5,0,13,13,7,3,25,9,491,579,21,9,11,11,14,9,12,22,4,1,6,7,10,20,61,78
24.0,Sun,2020-02-16,15:00,Juventus,Brescia,2.6,0.3,2–0,40841.0,Daniele Chiffi,2019-2020,Leonardo Bonucci,Mario Balotelli,(4-3-3),(4-3-2-1),68%,32%,694 of 797 — 87%,70% — 267 of 382,8 of 27 — 30%,40% — 2 of 5,2 of 2 — 100%,75% — 6 of 8,3.0,0,3.5,0,12,8,16,2,35,10,917,503,16,14,15,17,21,16,9,33,2,0,4,14,12,18,50,67
24.0,Sun,2020-02-16,18:00,Cagliari,Napoli,0.3,0.9,0–1,13535.0,Daniele Doveri,2019-2020,João Pedro,José Callejón,(4-3-2-1),(4-3-3),45%,55%,446 of 527 — 85%,87% — 573 of 657,2 of 10 — 20%,29% — 4 of 14,3 of 4 — 75%,100% — 2 of 2,3.0,0,1.0,0,14,11,2,3,15,14,615,732,7,11,8,12,12,5,18,13,0,2,10,11,20,14,63,40
24.0,Sun,2020-02-16,20:45,Lazio,Inter,1.7,0.6,2–1,62500.0,Gianluca Rocchi,2019-2020,Ciro Immobile,Marcelo Brozović,(3-5-2),(3-5-2),49%,51%,415 of 501 — 83%,82% — 434 of 530,4 of 10 — 40%,40% — 4 of 10,3 of 4 — 75%,75% — 3 of 4,4.0,0,2.0,0,13,15,6,6,25,23,607,618,14,6,11,11,17,21,24,27,0,2,6,7,15,14,75,60
24.0,Mon,2020-02-17,20:45,Milan,Torino,1.1,0.4,1–0,46114.0,Michael Fabbri,2019-2020,Alessio Romagnoli,Andrea Belotti,(4-2-3-1),(3-4-3),51%,49%,343 of 464 — 74%,74% — 333 of 452,1 of 15 — 7%,11% — 1 of 9,1 of 1 — 100%,0% — 0 of 1,2.0,0,3.0,0,16,11,10,5,22,26,601,574,27,17,11,13,34,18,28,24,4,2,9,11,17,20,71,73
25.0,Fri,2020-02-21,20:45,Brescia,Napoli,1.2,1.5,1–2,14703.0,Daniele Orsato,2019-2020,Mario Balotelli,Lorenzo Insigne,(4-3-2-1),(4-3-3),28%,72%,242 of 338 — 72%,89% — 761 of 856,1 of 10 — 10%,33% — 3 of 9,2 of 3 — 66%,0% — 0 of 1,3.0,0,3.0,0,16,14,4,4,18,23,415,928,5,6,9,5,15,7,22,14,2,1,4,8,16,20,46,60
25.0,Sat,2020-02-22,15:00,Bologna,Udinese,1.3,0.6,1–1,21523.0,Fabrizio Pasqua,2019-2020,Andrea Poli,Kevin Lasagna,(4-2-3-1),(3-5-2),60%,40%,474 of 597 — 79%,73% — 296 of 405,3 of 15 — 20%,29% — 2 of 7,1 of 2 — 50%,66% — 2 of 3,1.0,0,2.0,0,13,12,7,5,27,12,716,544,19,24,7,15,18,17,14,20,2,4,4,11,25,22,74,76
25.0,Sat,2020-02-22,18:00,SPAL,Juventus,1.2,2.0,1–2,15262.0,Federico La Penna,2019-2020,Simone Missiroli,Giorgio Chiellini,(4-3-3),(4-4-2),45%,55%,393 of 502 — 78%,83% — 507 of 608,4 of 11 — 36%,30% — 6 of 20,4 of 6 — 66%,100% — 4 of 4,4.0,0,2.0,0,25,15,3,4,18,15,597,714,13,14,13,12,12,15,17,18,0,2,8,5,22,19,85,52
25.0,Sat,2020-02-22,20:45,Fiorentina,Milan,2.0,0.7,1–1,39769.0,Giampaolo Calvarese,2019-2020,Germán Pezzella,Alessio Romagnoli,(3-5-2),(4-2-3-1),41%,59%,291 of 381 — 76%,79% — 440 of 554,5 of 16 — 31%,33% — 3 of 9,2 of 3 — 66%,100% — 5 of 5,1.0,1,3.0,0,11,15,4,3,15,18,501,640,12,21,10,5,9,13,25,12,2,7,6,8,20,22,58,54
25.0,Sun,2020-02-23,12:30,Genoa,Lazio,1.3,1.4,2–3,25000.0,Fabio Maresca,2019-2020,Domenico Criscito,Ciro Immobile,(3-5-2),(3-5-2),59%,41%,505 of 596 — 85%,81% — 341 of 419,5 of 12 — 42%,58% — 7 of 12,4 of 7 — 57%,80% — 4 of 5,2.0,0,2.0,0,12,13,6,1,24,9,679,519,12,15,11,11,16,8,6,33,3,1,5,5,13,9,46,59
25.0,Sun,2020-02-23,18:00,Roma,Lecce,3.7,0.7,4–0,34293.0,Piero Giacomelli,2019-2020,Edin Džeko,Marco Mancosu,(4-2-3-1),(4-3-2-1),54%,46%,492 of 585 — 84%,77% — 378 of 489,11 of 26 — 42%,21% — 3 of 14,3 of 3 — 100%,63% — 7 of 11,1.0,0,0.0,0,9,6,6,4,19,24,705,584,9,10,9,10,12,9,28,17,1,4,7,9,16,18,93,60
26.0,Sat,2020-02-29,15:00,Lazio,Bologna,1.7,1.7,2–0,40000.0,Rosario Abisso,2019-2020,Ciro Immobile,Andrea Poli,(3-5-2),(3-4-3),46%,54%,370 of 456 — 81%,84% — 448 of 534,4 of 14 — 29%,18% — 3 of 17,3 of 3 — 100%,50% — 2 of 4,1.0,0,4.0,0,9,13,7,5,10,20,577,643,18,17,14,17,9,13,23,11,1,1,15,8,16,16,67,41
26.0,Sat,2020-02-29,20:45,Napoli,Torino,1.8,0.7,2–1,23586.0,Maurizio Mariani,2019-2020,Lorenzo Insigne,Andrea Belotti,(4-3-3),(3-5-2),64%,36%,692 of 778 — 89%,82% — 363 of 441,6 of 18 — 33%,14% — 1 of 7,0 of 1 — 0%,66% — 4 of 6,1.0,0,3.0,0,12,13,7,1,20,17,858,535,14,14,7,19,17,8,9,19,1,0,6,12,15,14,47,46
26.0,Sun,2020-03-01,15:00,Lecce,Atalanta,0.4,4.6,2–7,21344.0,Davide Massa,2019-2020,Marco Mancosu,Papu Gómez,(4-3-2-1),(3-4-1-2),35%,65%,280 of 390 — 72%,85% — 605 of 715,3 of 9 — 33%,36% — 9 of 25,3 of 9 — 33%,33% — 1 of 3,2.0,0,2.0,0,9,12,2,11,9,15,498,825,17,12,15,14,11,13,12,5,1,1,7,6,14,15,68,67
26.0,Sun,2020-03-01,18:00,Cagliari,Roma,1.1,2.7,3–4,14848.0,Marco Di Bello,2019-2020,Radja Nainggolan,Federico Fazio,(4-3-2-1),(4-2-3-1),57%,43%,395 of 489 — 81%,80% — 299 of 375,5 of 6 — 83%,58% — 11 of 19,7 of 11 — 63%,40% — 2 of 5,4.0,0,5.0,0,14,12,2,7,21,16,575,492,10,16,6,8,9,13,12,17,4,2,9,8,18,18,66,69
26.0,Sun,2020-03-08,13:30,Parma,SPAL,1.3,1.2,0–1,,Luca Pairetto,2019-2020,Bruno Alves,Francesco Vicari,(4-3-3),(4-2-3-1),53%,47%,357 of 470 — 76%,77% — 318 of 415,1 of 13 — 8%,25% — 2 of 8,2 of 2 — 100%,100% — 1 of 1,2.0,0,1.0,0,19,22,4,5,20,11,568,510,12,15,13,11,22,13,8,19,0,4,5,10,21,18,81,62
26.0,Sun,2020-03-08,15:00,Milan,Genoa,1.8,1.9,1–2,,Daniele Doveri,2019-2020,Alessio Romagnoli,Domenico Criscito,(4-2-3-1),(3-5-2),62%,38%,616 of 751 — 82%,74% — 343 of 465,4 of 23 — 17%,27% — 3 of 11,1 of 3 — 33%,75% — 3 of 4,0.0,0,0.0,1,14,12,7,5,35,13,863,614,14,9,12,15,24,18,11,48,2,4,8,12,24,19,73,77
26.0,Sun,2020-03-08,15:00,Sampdoria,Hellas Verona,1.6,1.6,2–1,,Paolo Valeri,2019-2020,Fabio Quagliarella,Darko Lazović,(4-4-2),(3-4-3),48%,52%,404 of 523 — 77%,78% — 433 of 557,5 of 12 — 42%,25% — 2 of 8,2 of 2 — 100%,80% — 4 of 5,4.0,0,3.0,0,14,23,2,6,26,18,607,653,6,9,12,10,19,20,14,27,0,2,10,6,19,10,60,73
26.0,Sun,2020-03-08,18:00,Udinese,Fiorentina,0.9,0.4,0–0,,Michael Fabbri,2019-2020,Rodrigo De Paul,Germán Pezzella,(3-5-2),(3-5-2),44%,56%,341 of 434 — 79%,82% — 450 of 550,2 of 14 — 14%,44% — 4 of 9,4 of 4 — 100%,100% — 2 of 2,2.0,0,0.0,0,8,5,6,9,21,20,550,656,18,10,13,10,12,3,28,19,4,0,5,13,17,17,53,90
26.0,Sun,2020-03-08,20:45,Juventus,Inter,1.1,0.6,2–0,,Marco Guida,2019-2020,Leonardo Bonucci,Samir Handanović,(4-3-3),(3-5-2),54%,46%,591 of 655 — 90%,86% — 481 of 561,5 of 17 — 29%,8% — 1 of 13,1 of 1 — 100%,60% — 3 of 5,1.0,0,3.0,1,8,18,5,4,14,9,755,634,11,8,13,6,7,4,10,10,1,0,8,8,16,16,64,50
26.0,Mon,2020-03-09,18:30,Sassuolo,Brescia,1.8,0.5,3–0,,Gianluca Manganiello,2019-2020,Domenico Berardi,Mario Balotelli,(4-2-3-1),(4-3-2-1),70%,30%,698 of 770 — 91%,79% — 265 of 336,7 of 20 — 35%,40% — 4 of 10,4 of 4 — 100%,57% — 4 of 7,3.0,0,3.0,0,15,9,5,4,12,16,857,419,9,12,10,10,6,6,13,17,4,3,6,6,13,16,38,47
25.0,Sat,2020-06-20,19:30,Torino,Parma,2.4,0.2,1–1,,Massimiliano Irrati,2019-2020,Andrea Belotti,Bruno Alves,(3-4-1-2),(4-3-3),51%,49%,333 of 440 — 76%,74% — 310 of 418,7 of 19 — 37%,83% — 5 of 6,4 of 5 — 80%,85% — 6 of 7,1.0,0,2.0,0,16,17,5,2,20,17,548,518,17,13,11,12,23,25,18,18,2,1,5,10,24,22,87,81
25.0,Sat,2020-06-20,21:45,Hellas Verona,Cagliari,0.5,1.0,2–1,,Gianluca Manganiello,2019-2020,Davide Faraoni,Luca Ceppitelli,(3-4-3),(3-5-2),47%,53%,367 of 451 — 81%,79% — 397 of 502,4 of 9 — 44%,20% — 3 of 15,2 of 3 — 66%,50% — 2 of 4,1.0,1,7.5,0,4,19,1,7,10,37,583,591,15,15,8,9,19,16,46,11,2,0,14,5,15,19,60,59
25.0,Sun,2020-06-21,19:30,Atalanta,Sassuolo,2.5,2.6,4–1,,Daniele Chiffi,2019-2020,Papu Gómez,Domenico Berardi,(3-5-2),(4-2-3-1),46%,54%,388 of 483 — 80%,83% — 467 of 560,4 of 13 — 31%,36% — 5 of 14,4 of 5 — 80%,25% — 1 of 4,4.0,0,3.0,0,23,6,4,3,18,7,586,659,17,13,14,8,7,7,11,15,1,2,5,7,15,18,51,64
25.0,Sun,2020-06-21,21:45,Inter,Sampdoria,2.3,0.5,2–1,,Maurizio Mariani,2019-2020,Samir Handanović,Gastón Ramírez,(3-4-1-2),(3-5-2),72%,28%,574 of 687 — 84%,64% — 174 of 273,4 of 18 — 22%,29% — 2 of 7,1 of 2 — 50%,50% — 2 of 4,3.0,0,3.0,0,17,21,5,1,19,9,785,391,16,11,11,16,14,14,12,25,3,0,6,12,20,16,80,87
27.0,Mon,2020-06-22,19:30,Lecce,Milan,1.3,2.3,1–4,,Paolo Valeri,2019-2020,Marco Mancosu,Alessio Romagnoli,(4-3-1-2),(4-2-3-1),39%,61%,356 of 443 — 80%,87% — 611 of 699,0 of 9 — 0%,65% — 11 of 17,7 of 11 — 63%,% — 0 of 0,1.0,0,1.0,0,8,13,5,4,18,14,522,783,9,12,7,12,7,7,15,15,3,1,6,8,8,16,69,51
27.0,Mon,2020-06-22,19:30,Fiorentina,Brescia,2.3,1.2,1–1,,Federico La Penna,2019-2020,Germán Pezzella,Daniele Dessena,(4-3-3),(4-3-1-2),58%,42%,372 of 458 — 81%,73% — 239 of 328,5 of 21 — 24%,40% — 2 of 5,2 of 2 — 100%,80% — 4 of 5,6.5,0,4.0,0,20,22,7,2,24,16,556,419,7,15,9,8,14,7,9,17,2,0,6,15,27,13,78,59
27.0,Mon,2020-06-22,21:45,Bologna,Juventus,0.8,1.7,0–2,,Gianluca Rocchi,2019-2020,Danilo Larangeira,Leonardo Bonucci,(4-2-3-1),(4-3-3),48%,52%,354 of 451 — 78%,83% — 406 of 492,1 of 20 — 5%,15% — 2 of 13,1 of 2 — 50%,100% — 1 of 1,1.0,0,5.5,0,16,17,8,2,22,9,570,617,19,20,10,15,7,5,4,22,4,3,11,13,28,18,55,56
27.0,Tue,2020-06-23,19:30,SPAL,Cagliari,1.1,1.5,0–1,,Rosario Abisso,2019-2020,Francesco Vicari,João Pedro,(4-3-3),(3-5-2),51%,49%,391 of 476 — 82%,77% — 349 of 453,3 of 11 — 27%,27% — 4 of 15,3 of 4 — 75%,100% — 3 of 3,3.0,0,3.0,0,21,12,1,9,18,27,595,557,23,11,10,4,15,15,24,23,0,4,7,5,16,20,54,73
27.0,Tue,2020-06-23,19:30,Hellas Verona,Napoli,1.7,1.7,0–2,,Fabrizio Pasqua,2019-2020,Miguel Veloso,Lorenzo Insigne,(3-4-3),(4-3-3),46%,54%,381 of 474 — 80%,85% — 479 of 563,4 of 11 — 36%,67% — 8 of 12,6 of 8 — 75%,100% — 4 of 4,1.0,0,1.0,0,16,7,8,4,28,10,553,654,11,15,11,9,12,11,9,22,2,1,4,11,15,19,48,56
27.0,Tue,2020-06-23,21:45,Genoa,Parma,2.1,2.0,1–4,,Piero Giacomelli,2019-2020,Domenico Criscito,Bruno Alves,(3-5-2),(4-3-1-2),57%,43%,493 of 593 — 83%,81% — 361 of 446,1 of 11 — 9%,44% — 7 of 16,3 of 7 — 42%,100% — 1 of 1,1.0,0,2.0,0,15,15,1,3,23,17,690,573,12,16,7,15,19,11,16,31,0,0,6,7,31,12,60,91
27.0,Tue,2020-06-23,21:45,Torino,Udinese,0.9,1.6,1–0,,Fabio Maresca,2019-2020,Andrea Belotti,Rodrigo De Paul,(3-4-1-2),(3-5-2),36%,64%,236 of 328 — 72%,79% — 468 of 592,3 of 6 — 50%,19% — 3 of 16,3 of 3 — 100%,66% — 2 of 3,2.0,0,2.0,0,11,11,1,16,11,46,449,674,13,13,18,5,18,18,41,8,0,3,13,7,16,24,92,68
27.0,Wed,2020-06-24,19:30,Inter,Sassuolo,3.2,2.0,3–3,,Davide Massa,2019-2020,Samir Handanović,Francesco Magnanelli,(3-4-1-2),(4-2-3-1),48%,52%,371 of 448 — 83%,87% — 418 of 481,8 of 16 — 50%,27% — 3 of 11,1 of 3 — 33%,75% — 6 of 8,4.5,0,1.0,0,18,20,7,6,28,12,554,590,19,14,5,8,7,15,15,26,2,0,3,7,15,7,58,41
27.0,Wed,2020-06-24,21:45,Atalanta,Lazio,2.4,0.5,3–2,,Daniele Orsato,2019-2020,Papu Gómez,Ciro Immobile,(3-4-3),(3-1-4-2),60%,40%,500 of 604 — 83%,74% — 295 of 398,7 of 24 — 29%,50% — 3 of 6,2 of 3 — 66%,57% — 4 of 7,2.0,0,2.0,0,13,15,11,0,25,10,719,525,11,18,10,13,16,10,8,31,2,0,3,11,19,20,63,76
27.0,Wed,2020-06-24,21:45,Roma,Sampdoria,2.4,1.2,2–1,,Giampaolo Calvarese,2019-2020,Edin Džeko,Albin Ekdal,(4-2-3-1),(4-5-1),62%,38%,525 of 607 — 86%,76% — 287 of 379,9 of 24 — 38%,60% — 9 of 15,8 of 9 — 88%,77% — 7 of 9,1.0,0,2.0,0,10,14,10,8,23,27,696,475,2,6,4,12,16,10,24,28,2,1,4,6,18,14,69,63
28.0,Fri,2020-06-26,21:45,Juventus,Lecce,3.9,0.3,4–0,,Marco Piccinini,2019-2020,Leonardo Bonucci,Marco Mancosu,(4-3-3),(5-3-2),64%,36%,587 of 667 — 88%,79% — 300 of 380,11 of 25 — 44%,33% — 3 of 9,3 of 3 — 100%,72% — 8 of 11,1.0,0,0.0,1,15,7,12,4,30,11,748,481,5,9,7,14,15,9,9,23,3,2,5,16,15,13,60,63
28.0,Sat,2020-06-27,17:15,Brescia,Genoa,1.5,2.4,2–2,,Massimiliano Irrati,2019-2020,Ernesto Torregrossa,Davide Biraschi,(4-3-1-2),(3-4-1-2),46%,54%,289 of 405 — 71%,74% — 348 of 473,4 of 10 — 40%,33% — 5 of 15,5 of 5 — 100%,50% — 2 of 4,4.0,0,2.0,0,16,16,1,8,18,29,532,580,8,16,5,9,13,32,30,20,1,2,10,7,20,27,84,91
28.0,Sat,2020-06-27,19:30,Cagliari,Torino,1.6,1.4,4–2,,Maurizio Mariani,2019-2020,Luca Ceppitelli,Andrea Belotti,(3-4-1-2),(3-4-1-2),40%,60%,275 of 370 — 74%,81% — 453 of 559,4 of 9 — 44%,24% — 5 of 21,3 of 5 — 60%,25% — 1 of 4,3.0,0,0.0,0,14,12,3,5,14,34,496,657,9,14,12,13,12,28,31,18,1,2,11,8,20,17,70,68
28.0,Sat,2020-06-27,21:45,Lazio,Fiorentina,1.5,0.5,2–1,,Michael Fabbri,2019-2020,Marco Parolo,Germán Pezzella,(3-1-4-2),(3-4-3),55%,45%,418 of 523 — 80%,81% — 349 of 433,3 of 11 — 27%,40% — 4 of 10,3 of 4 — 75%,66% — 2 of 3,5.0,0,2.0,1,13,13,7,1,29,8,621,555,17,16,6,14,11,12,12,28,4,2,5,10,21,25,67,67
28.0,Sun,2020-06-28,17:15,Milan,Roma,2.4,0.6,2–0,,Piero Giacomelli,2019-2020,Alessio Romagnoli,Edin Džeko,(4-2-3-1),(4-2-3-1),57%,43%,501 of 592 — 85%,80% — 359 of 451,5 of 12 — 42%,20% — 1 of 5,1 of 1 — 100%,80% — 4 of 5,2.0,0,2.0,0,9,17,5,6,18,24,687,539,9,17,11,6,7,13,20,18,1,0,6,5,14,18,62,72
28.0,Sun,2020-06-28,19:30,Napoli,SPAL,1.9,0.5,3–1,,Luca Pairetto,2019-2020,Lorenzo Insigne,Francesco Vicari,(4-3-3),(4-4-2),67%,33%,716 of 792 — 90%,82% — 325 of 398,8 of 17 — 47%,50% — 3 of 6,2 of 3 — 66%,62% — 5 of 8,0.0,0,3.0,0,15,14,4,1,15,12,869,484,11,12,8,13,7,7,11,20,2,0,4,7,16,14,47,48
28.0,Sun,2020-06-28,19:30,Sampdoria,Bologna,1.1,2.4,1–2,,Daniele Doveri,2019-2020,Albin Ekdal,Andrea Poli,(4-4-2),(4-3-3),45%,55%,260 of 390 — 67%,76% — 362 of 479,5 of 17 — 29%,18% — 2 of 11,1 of 2 — 50%,80% — 4 of 5,3.0,0,1.0,0,20,15,13,4,31,18,504,599,9,21,9,5,26,25,15,28,1,2,11,10,32,18,91,66
28.0,Sun,2020-06-28,19:30,Sassuolo,Hellas Verona,1.4,1.2,3–3,,Antonio Giua,2019-2020,Domenico Berardi,Miguel Veloso,(4-2-3-1),(3-4-1-2),69%,31%,504 of 610 — 83%,68% — 183 of 269,9 of 20 — 45%,43% — 3 of 7,0 of 3 — 0%,66% — 6 of 9,2.0,0,2.0,0,17,13,12,2,35,13,695,383,12,9,8,17,25,11,11,35,0,1,5,11,27,13,73,61
28.0,Sun,2020-06-28,19:30,Udinese,Atalanta,1.6,0.8,2–3,,Marco Di Bello,2019-2020,Kevin Lasagna,Papu Gómez,(3-5-2),(3-4-3),32%,68%,270 of 353 — 76%,88% — 654 of 746,4 of 8 — 50%,92% — 12 of 13,9 of 12 — 75%,50% — 2 of 4,2.0,0,2.0,0,14,9,0,10,13,26,449,833,15,12,7,16,12,15,20,9,2,0,7,7,17,15,63,65
28.0,Sun,2020-06-28,21:45,Parma,Inter,1.2,2.2,1–2,,Fabio Maresca,2019-2020,Bruno Alves,Samir Handanović,(4-2-2-2),(3-4-1-2),34%,66%,231 of 309 — 75%,84% — 501 of 595,2 of 10 — 20%,25% — 6 of 24,4 of 6 — 66%,50% — 1 of 2,3.0,1,4.0,1,10,13,1,8,11,36,441,693,15,15,10,5,16,10,37,12,1,2,11,10,14,27,78,55
29.0,Tue,2020-06-30,19:30,Torino,Lazio,0.9,0.9,1–2,,Davide Massa,2019-2020,Andrea Belotti,Marco Parolo,(3-5-2),(3-5-2),48%,52%,372 of 461 — 81%,79% — 396 of 500,0 of 4 — 0%,31% — 5 of 16,3 of 5 — 60%,% — 0 of 0,1.0,0,3.0,0,15,16,2,8,18,31,566,587,3,17,10,7,11,12,28,16,0,6,14,4,18,19,76,75
29.0,Tue,2020-06-30,21:45,Genoa,Juventus,0.2,0.8,1–3,,Giampaolo Calvarese,2019-2020,Stefano Sturaro,Leonardo Bonucci,(3-5-2),(4-3-3),37%,63%,350 of 435 — 80%,87% — 639 of 731,2 of 4 — 50%,50% — 9 of 18,6 of 9 — 66%,50% — 1 of 2,5.0,0,1.0,0,21,10,2,9,7,24,535,813,15,18,13,7,13,18,17,5,5,0,7,2,21,16,70,56
29.0,Wed,2020-07-01,19:30,Inter,Brescia,3.7,0.5,6–0,,Gianluca Manganiello,2019-2020,Samir Handanović,Daniele Dessena,(3-4-1-2),(4-3-1-2),61%,39%,509 of 585 — 87%,76% — 288 of 381,8 of 20 — 40%,13% — 1 of 8,1 of 1 — 100%,37% — 3 of 8,2.0,0,2.0,0,13,10,4,4,20,12,702,481,12,8,13,11,16,4,16,25,1,0,3,11,17,18,65,73
29.0,Wed,2020-07-01,19:30,Bologna,Cagliari,1.0,1.0,1–1,,Juan Sacchi,2019-2020,Rodrigo Palacio,Luca Ceppitelli,(4-3-3),(3-4-1-2),62%,38%,430 of 537 — 80%,68% — 223 of 330,4 of 17 — 24%,57% — 4 of 7,3 of 4 — 75%,75% — 3 of 4,3.0,0,2.0,0,19,17,7,2,27,10,625,428,9,11,7,11,31,15,14,22,5,0,3,15,22,16,40,70
29.0,Wed,2020-07-01,21:45,SPAL,Milan,0.3,1.8,2–2,,Maurizio Mariani,2019-2020,Sergio Floccari,Alessio Romagnoli,(3-5-2),(4-2-3-1),30%,70%,184 of 273 — 67%,83% — 538 of 650,3 of 5 — 60%,23% — 9 of 39,8 of 9 — 88%,33% — 1 of 3,3.0,1,0.0,0,9,12,3,17,7,49,406,737,12,8,14,6,20,15,41,8,1,1,19,3,9,29,62,67
29.0,Wed,2020-07-01,21:45,Fiorentina,Sassuolo,1.3,1.8,1–3,,Daniele Chiffi,2019-2020,Germán Pezzella,Francesco Magnanelli,(3-5-2),(4-2-3-1),52%,48%,404 of 490 — 82%,82% — 372 of 452,5 of 13 — 38%,67% — 6 of 9,4 of 6 — 66%,80% — 4 of 5,4.0,0,2.0,0,20,12,8,3,36,8,580,562,12,18,10,14,8,7,8,24,3,3,1,9,19,18,66,59
29.0,Wed,2020-07-01,21:45,Lecce,Sampdoria,1.7,2.0,1–2,,Gianluca Rocchi,2019-2020,Marco Mancosu,Albin Ekdal,(5-3-2),(4-4-1-1),59%,41%,511 of 614 — 83%,77% — 324 of 422,5 of 14 — 36%,18% — 2 of 11,2 of 2 — 100%,100% — 5 of 5,2.0,0,3.0,0,13,14,9,5,28,20,700,522,11,8,8,9,16,23,13,27,2,2,5,10,18,15,63,72
29.0,Wed,2020-07-01,21:45,Hellas Verona,Parma,2.1,1.6,3–2,,Paolo Valeri,2019-2020,Miguel Veloso,Bruno Alves,(3-4-3),(4-3-3),51%,49%,406 of 495 — 82%,79% — 368 of 467,3 of 12 — 25%,33% — 5 of 15,3 of 5 — 60%,33% — 1 of 3,2.0,0,3.0,0,14,10,3,1,22,12,592,558,9,11,10,8,11,16,17,20,2,0,11,8,13,18,62,85
29.0,Thu,2020-07-02,19:30,Atalanta,Napoli,1.3,0.7,2–0,,Daniele Doveri,2019-2020,Papu Gómez,Lorenzo Insigne,(3-4-3),(4-3-3),47%,53%,475 of 555 — 86%,87% — 550 of 631,3 of 9 — 33%,47% — 7 of 15,7 of 7 — 100%,33% — 1 of 3,1.0,0,1.0,0,17,14,5,5,14,18,650,712,17,9,11,7,11,6,21,8,0,2,9,6,15,17,69,54
29.0,Thu,2020-07-02,21:45,Roma,Udinese,1.3,2.3,0–2,,Marco Guida,2019-2020,Diego Perotti,Kevin Lasagna,(4-2-3-1),(3-5-2),52%,48%,465 of 548 — 85%,83% — 426 of 515,4 of 18 — 22%,23% — 3 of 13,1 of 3 — 33%,100% — 4 of 4,3.0,1,2.0,0,10,11,10,7,18,14,635,613,12,14,5,9,16,8,12,24,0,2,6,9,19,24,68,63
30.0,Sat,2020-07-04,17:15,Juventus,Torino,1.7,1.7,4–1,,Fabio Maresca,2019-2020,Leonardo Bonucci,Andrea Belotti,(4-3-3),(3-4-3),52%,48%,443 of 514 — 86%,85% — 405 of 479,7 of 22 — 32%,29% — 5 of 17,5 of 5 — 100%,57% — 4 of 7,4.0,0,2.0,0,10,9,5,8,7,31,635,599,18,10,9,12,7,4,21,9,3,2,9,9,17,11,49,66
30.0,Sat,2020-07-04,19:30,Sassuolo,Lecce,1.5,2.3,4–2,,Davide Massa,2019-2020,Domenico Berardi,Fabio Lucioni,(4-2-3-1),(4-3-1-2),65%,35%,577 of 641 — 90%,80% — 274 of 342,6 of 8 — 75%,22% — 2 of 9,1 of 2 — 50%,50% — 3 of 6,3.0,0,4.0,0,15,21,4,4,12,19,723,437,10,22,4,6,4,8,20,13,0,4,4,3,18,14,51,58
30.0,Sat,2020-07-04,21:45,Lazio,Milan,0.4,2.2,0–3,,Giampaolo Calvarese,2019-2020,Marco Parolo,Alessio Romagnoli,(3-5-2),(4-2-3-1),47%,53%,439 of 552 — 80%,85% — 520 of 612,2 of 8 — 25%,57% — 4 of 7,2 of 4 — 50%,100% — 2 of 2,1.0,0,1.0,0,14,12,5,1,24,6,632,705,11,10,9,25,20,11,6,21,2,3,5,8,11,14,63,57
30.0,Sun,2020-07-05,17:15,Inter,Bologna,2.5,1.1,1–2,,Luca Pairetto,2019-2020,Samir Handanović,Danilo Larangeira,(3-4-1-2),(4-3-3),62%,38%,401 of 500 — 80%,67% — 203 of 303,5 of 17 — 29%,54% — 7 of 13,5 of 7 — 71%,80% — 4 of 5,4.5,0,3.0,1,16,12,12,9,27,19,604,421,6,9,11,17,20,10,18,30,1,1,6,12,19,15,62,63
30.0,Sun,2020-07-05,19:30,Sampdoria,SPAL,1.2,1.4,3–0,,Piero Giacomelli,2019-2020,Albin Ekdal,Sergio Floccari,(4-4-1-1),(4-4-2),39%,61%,327 of 417 — 78%,83% — 528 of 640,5 of 12 — 42%,25% — 4 of 16,4 of 4 — 100%,40% — 2 of 5,1.0,0,1.0,0,18,12,4,13,10,45,563,734,20,11,9,10,16,14,45,9,1,1,8,9,21,27,66,68
30.0,Sun,2020-07-05,19:30,Parma,Fiorentina,1.5,2.6,1–2,,Rosario Abisso,2019-2020,Bruno Alves,Germán Pezzella,(4-3-3),(3-5-2),56%,44%,409 of 503 — 81%,79% — 318 of 401,2 of 8 — 25%,50% — 4 of 8,4 of 4 — 100%,100% — 2 of 2,4.0,0,6.0,0,19,17,3,0,25,4,588,518,15,12,12,7,16,8,7,29,1,0,5,12,21,16,79,58
30.0,Sun,2020-07-05,19:30,Brescia,Hellas Verona,1.4,0.7,2–0,,Marco Piccinini,2019-2020,Ernesto Torregrossa,Miguel Veloso,(4-2-3-1),(3-4-3),37%,63%,248 of 343 — 72%,82% — 478 of 583,4 of 11 — 36%,38% — 6 of 16,6 of 6 — 100%,50% — 2 of 4,3.0,0,1.0,0,11,13,3,11,22,35,461,681,6,8,15,16,15,20,35,17,1,1,10,7,22,17,52,65
30.0,Sun,2020-07-05,19:30,Udinese,Genoa,0.6,1.2,2–2,,Daniele Orsato,2019-2020,Kevin Lasagna,Davide Biraschi,(3-5-2),(3-5-2),47%,53%,372 of 476 — 78%,81% — 437 of 538,4 of 7 — 57%,43% — 3 of 7,1 of 3 — 33%,50% — 2 of 4,3.0,0,2.0,0,13,14,2,4,18,9,564,633,14,12,11,8,14,13,8,20,3,1,7,7,21,23,59,80
30.0,Sun,2020-07-05,19:30,Cagliari,Atalanta,0.4,3.3,0–1,,Federico La Penna,2019-2020,Radja Nainggolan,Marten de Roon,(3-4-1-2),(3-4-3),36%,64%,261 of 364 — 72%,86% — 562 of 650,0 of 7 — 0%,25% — 6 of 24,6 of 6 — 100%,% — 0 of 0,3.0,1,2.0,0,15,17,6,4,12,14,461,773,16,23,4,11,10,29,12,16,0,2,16,7,15,15,74,61
30.0,Sun,2020-07-05,21:45,Napoli,Roma,2.5,0.8,2–1,,Gianluca Rocchi,2019-2020,Lorenzo Insigne,Edin Džeko,(4-3-3),(5-3-2),60%,40%,613 of 699 — 88%,86% — 403 of 471,10 of 21 — 48%,33% — 3 of 9,2 of 3 — 66%,80% — 8 of 10,2.0,0,4.0,0,10,16,8,1,17,12,779,570,12,12,7,9,7,14,14,22,1,0,2,9,20,17,72,55
31.0,Tue,2020-07-07,19:30,Lecce,Lazio,2.6,2.3,2–1,,Fabio Maresca,2019-2020,Marco Mancosu,Marco Parolo,(4-3-3),(3-5-2),42%,58%,328 of 405 — 81%,82% — 465 of 568,3 of 14 — 21%,41% — 9 of 22,8 of 9 — 88%,33% — 1 of 3,3.0,0,3.0,1,7,10,3,14,11,36,523,664,12,14,5,3,18,9,39,9,0,3,8,8,8,20,58,88
31.0,Tue,2020-07-07,21:45,Milan,Juventus,2.2,1.4,4–2,,Marco Guida,2019-2020,Alessio Romagnoli,Leonardo Bonucci,(4-4-2),(4-3-3),49%,51%,426 of 497 — 86%,86% — 450 of 521,8 of 12 — 67%,29% — 4 of 14,2 of 4 — 50%,62% — 5 of 8,4.0,0,1.0,0,14,16,2,6,5,20,587,610,21,12,4,10,9,6,12,9,4,1,6,2,14,19,59,52
31.0,Wed,2020-07-08,19:30,Genoa,Napoli,0.5,1.6,1–2,,Maurizio Mariani,2019-2020,Davide Biraschi,Lorenzo Insigne,(3-5-2),(4-3-3),34%,66%,268 of 365 — 73%,87% — 615 of 707,3 of 8 — 38%,45% — 9 of 20,7 of 9 — 77%,66% — 2 of 3,1.0,0,0.0,0,13,6,6,8,22,21,467,807,16,16,16,9,14,20,15,23,3,0,6,6,13,19,60,63
31.0,Wed,2020-07-08,19:30,Fiorentina,Cagliari,0.6,1.1,0–0,,Gianluca Manganiello,2019-2020,Milan Badelj,Radja Nainggolan,(3-4-3),(3-4-1-2),61%,39%,543 of 624 — 87%,78% — 319 of 407,5 of 14 — 36%,46% — 6 of 13,6 of 6 — 100%,100% — 5 of 5,2.0,0,2.0,0,12,11,6,3,22,21,740,524,16,23,6,12,14,11,22,17,0,3,6,11,15,16,55,54
31.0,Wed,2020-07-08,21:45,Torino,Brescia,1.9,1.4,3–1,,Daniele Doveri,2019-2020,Andrea Belotti,Ernesto Torregrossa,(3-4-1-2),(4-4-2),57%,43%,416 of 517 — 80%,75% — 298 of 398,8 of 20 — 40%,33% — 5 of 15,4 of 5 — 80%,75% — 6 of 8,1.0,0,3.0,0,24,19,6,5,23,20,616,497,12,10,11,7,28,12,13,19,2,0,9,10,15,14,78,57
31.0,Wed,2020-07-08,21:45,Atalanta,Sampdoria,1.3,1.1,2–0,,Antonio Giua,2019-2020,Papu Gómez,Albin Ekdal,(3-4-1-2),(4-5-1),63%,37%,508 of 631 — 81%,62% — 231 of 370,6 of 13 — 46%,23% — 3 of 13,3 of 3 — 100%,66% — 4 of 6,2.0,0,3.0,0,12,20,7,9,29,20,763,494,15,23,11,11,31,22,18,28,0,2,7,10,21,18,89,84
31.0,Wed,2020-07-08,21:45,Roma,Parma,3.2,1.2,2–1,,Michael Fabbri,2019-2020,Edin Džeko,Bruno Alves,(3-4-3),(4-3-3),58%,42%,467 of 550 — 85%,79% — 312 of 396,8 of 25 — 32%,0% — 0 of 7,0 of 0 — %,75% — 6 of 8,5.0,0,1.0,0,19,10,8,3,39,12,660,512,16,10,7,13,10,10,17,33,1,3,5,11,22,20,60,76
31.0,Wed,2020-07-08,21:45,Bologna,Sassuolo,1.2,0.9,1–2,,Francesco Fourneau,2019-2020,Rodrigo Palacio,Francesco Magnanelli,(4-1-4-1),(4-2-3-1),46%,54%,321 of 417 — 77%,85% — 424 of 498,1 of 10 — 10%,40% — 6 of 15,4 of 6 — 66%,0% — 0 of 1,3.0,0,4.0,0,17,15,7,8,18,18,515,616,10,20,4,9,19,12,16,22,3,1,12,7,27,16,53,38
31.0,Thu,2020-07-09,19:30,SPAL,Udinese,0.5,1.4,0–3,,Daniele Chiffi,2019-2020,Felipe dal Belo,Kevin Lasagna,(4-1-4-1),(3-5-2),52%,48%,494 of 588 — 84%,85% — 470 of 553,2 of 14 — 14%,38% — 3 of 8,0 of 3 — 0%,100% — 2 of 2,0.0,0,0.0,0,11,9,9,1,26,15,675,661,12,14,17,9,14,3,15,24,0,1,5,12,16,15,47,62
31.0,Thu,2020-07-09,21:45,Hellas Verona,Inter,1.1,1.3,2–2,,Massimiliano Irrati,2019-2020,Miguel Veloso,Samir Handanović,(3-4-3),(3-4-1-2),43%,57%,301 of 404 — 75%,77% — 420 of 546,2 of 8 — 25%,35% — 6 of 17,5 of 6 — 83%,0% — 0 of 2,3.0,0,2.0,0,19,12,0,5,10,22,509,621,9,12,25,13,16,18,20,6,0,4,8,11,18,19,69,77
32.0,Sat,2020-07-11,17:15,Lazio,Sassuolo,0.6,2.0,1–2,,Marco Di Bello,2019-2020,Marco Parolo,Gian Marco Ferrari,(3-5-2),(4-2-3-1),37%,63%,300 of 385 — 78%,86% — 561 of 649,1 of 10 — 10%,17% — 3 of 18,1 of 3 — 33%,0% — 0 of 1,4.0,0,2.0,0,13,7,1,5,8,11,474,749,10,15,7,11,10,11,13,10,2,1,21,9,15,14,52,63
32.0,Sat,2020-07-11,19:30,Brescia,Roma,1.2,2.8,0–3,,Giampaolo Calvarese,2019-2020,Ernesto Torregrossa,Lorenzo Pellegrini,(4-3-3),(3-4-3),40%,60%,282 of 367 — 77%,87% — 480 of 549,4 of 11 — 36%,32% — 6 of 19,3 of 6 — 50%,100% — 4 of 4,1.0,0,2.0,0,19,16,3,8,19,25,460,665,15,18,6,9,9,11,13,19,2,1,10,6,23,11,59,58
32.0,Sat,2020-07-11,21:45,Juventus,Atalanta,2.0,0.7,2–2,,Piero Giacomelli,2019-2020,Leonardo Bonucci,Papu Gómez,(4-3-3),(3-4-1-2),49%,51%,504 of 588 — 86%,86% — 523 of 611,3 of 7 — 43%,15% — 2 of 13,0 of 2 — 0%,100% — 3 of 3,3.0,0,2.0,0,11,18,2,4,9,15,688,702,12,19,11,14,6,8,13,9,1,0,9,6,14,19,58,57
32.0,Sun,2020-07-12,17:15,Genoa,SPAL,2.6,0.1,2–0,,Marco Guida,2019-2020,Davide Biraschi,Sergio Floccari,(4-3-2-1),(4-4-2),55%,45%,407 of 527 — 77%,71% — 308 of 434,7 of 15 — 47%,0% — 0 of 3,0 of 0 — %,71% — 5 of 7,1.0,0,2.0,0,15,19,7,2,21,11,630,547,12,25,12,10,23,14,10,21,0,2,8,8,20,23,82,67
32.0,Sun,2020-07-12,19:30,Parma,Bologna,1.3,0.6,2–2,,Maurizio Mariani,2019-2020,Bruno Alves,Danilo Larangeira,(4-4-1-1),(4-2-3-1),51%,49%,395 of 495 — 80%,83% — 395 of 477,4 of 16 — 25%,46% — 6 of 13,4 of 6 — 66%,50% — 2 of 4,1.0,0,1.0,0,16,24,6,2,26,5,608,606,20,19,14,15,8,12,6,23,2,2,2,15,27,18,64,49
32.0,Sun,2020-07-12,19:30,Fiorentina,Hellas Verona,1.8,0.8,1–1,,Daniele Chiffi,2019-2020,Germán Pezzella,Miguel Veloso,(3-4-3),(3-4-3),51%,49%,363 of 493 — 74%,70% — 327 of 466,2 of 14 — 14%,43% — 3 of 7,2 of 3 — 66%,50% — 1 of 2,3.0,0,2.0,0,15,14,6,8,31,14,625,597,14,20,8,12,18,24,18,28,1,3,8,10,18,26,73,81
32.0,Sun,2020-07-12,19:30,Udinese,Sampdoria,0.8,0.8,1–3,,Paolo Valeri,2019-2020,Kevin Lasagna,Fabio Quagliarella,(3-5-2),(4-4-1-1),47%,53%,384 of 489 — 79%,82% — 441 of 541,4 of 11 — 36%,44% — 7 of 16,4 of 7 — 57%,75% — 3 of 4,1.0,0,4.0,0,16,10,10,7,28,29,595,653,19,14,9,10,14,17,27,29,0,0,6,7,13,20,59,67
32.0,Sun,2020-07-12,19:30,Cagliari,Lecce,2.0,1.3,0–0,,Daniele Orsato,2019-2020,Radja Nainggolan,Marco Mancosu,(3-5-2),(4-3-2-1),53%,47%,443 of 541 — 82%,82% — 388 of 473,5 of 19 — 26%,38% — 8 of 21,8 of 8 — 100%,100% — 5 of 5,1.0,0,1.0,0,10,7,6,7,31,16,643,600,14,13,3,13,10,16,13,33,4,3,9,11,22,18,50,67
32.0,Sun,2020-07-12,21:45,Napoli,Milan,2.0,1.3,2–2,,Federico La Penna,2019-2020,Lorenzo Insigne,Alessio Romagnoli,(4-3-3),(4-2-3-1),51%,49%,508 of 587 — 87%,87% — 494 of 569,7 of 17 — 41%,50% — 2 of 4,1 of 2 — 50%,71% — 5 of 7,1.0,0,5.5,0,9,18,7,2,20,8,665,646,8,9,4,10,6,6,9,16,3,0,2,8,11,13,49,54
32.0,Mon,2020-07-13,21:45,Inter,Torino,2.3,1.5,3–1,,Davide Massa,2019-2020,Samir Handanović,Andrea Belotti,(3-4-1-2),(3-4-3),60%,40%,503 of 584 — 86%,80% — 307 of 386,10 of 24 — 42%,27% — 3 of 11,2 of 3 — 66%,70% — 7 of 10,5.0,0,3.0,0,21,18,9,2,27,15,684,497,16,17,5,17,9,14,9,23,2,0,4,13,15,11,56,65
33.0,Tue,2020-07-14,21:45,Atalanta,Brescia,1.8,1.0,6–2,,Gianluca Manganiello,2019-2020,Marten de Roon,Ernesto Torregrossa,(3-4-1-2),(4-4-2),68%,32%,748 of 834 — 90%,74% — 292 of 394,7 of 14 — 50%,67% — 4 of 6,2 of 4 — 50%,14% — 1 of 7,0.0,0,0.0,0,11,10,1,1,15,11,932,480,14,19,16,16,17,6,10,14,1,0,3,9,18,28,49,64
33.0,Wed,2020-07-15,19:30,Milan,Parma,2.3,1.0,3–1,,Massimiliano Irrati,2019-2020,Alessio Romagnoli,Bruno Alves,(4-2-3-1),(4-3-3),56%,44%,487 of 571 — 85%,82% — 361 of 441,7 of 26 — 27%,25% — 3 of 12,2 of 3 — 66%,57% — 4 of 7,1.0,0,2.0,0,9,10,7,6,19,11,674,537,15,12,16,13,11,5,10,16,6,1,5,14,12,17,49,73
33.0,Wed,2020-07-15,19:30,Sampdoria,Cagliari,1.4,0.6,3–0,,Luca Pairetto,2019-2020,Albin Ekdal,Fabio Pisacane,(4-4-2),(3-5-2),48%,52%,452 of 542 — 83%,85% — 499 of 584,4 of 11 — 36%,13% — 2 of 15,2 of 2 — 100%,25% — 1 of 4,0.0,0,2.0,0,13,15,4,3,23,30,634,675,7,13,7,10,8,12,25,20,2,1,9,6,15,18,60,53
33.0,Wed,2020-07-15,19:30,Bologna,Napoli,0.7,0.6,1–1,,Marco Piccinini,2019-2020,Rodrigo Palacio,Elseid Hysaj,(4-2-3-1),(4-3-3),48%,52%,446 of 533 — 84%,84% — 488 of 582,1 of 13 — 8%,33% — 3 of 9,2 of 3 — 66%,0% — 0 of 1,1.0,0,1.0,0,20,9,8,4,18,12,636,677,10,12,14,10,11,12,10,19,3,1,7,12,17,16,51,46
33.0,Wed,2020-07-15,21:45,Lecce,Fiorentina,0.6,2.2,1–3,,Marco Guida,2019-2020,Marco Mancosu,Germán Pezzella,(4-3-2-1),(3-5-2),49%,51%,436 of 515 — 85%,86% — 466 of 540,2 of 10 — 20%,54% — 7 of 13,4 of 7 — 57%,50% — 1 of 2,3.0,0,2.0,0,15,7,6,5,15,6,594,631,11,12,9,6,6,4,11,21,3,0,7,8,7,19,46,61
33.0,Wed,2020-07-15,21:45,Udinese,Lazio,1.2,0.8,0–0,,Rosario Abisso,2019-2020,Kevin Lasagna,Marco Parolo,(3-5-2),(3-5-2),42%,58%,366 of 437 — 84%,84% — 503 of 597,5 of 14 — 36%,13% — 2 of 16,2 of 2 — 100%,100% — 5 of 5,2.0,0,3.0,0,12,11,4,5,18,23,549,673,15,11,14,6,12,8,24,9,1,1,13,13,6,15,65,56
33.0,Wed,2020-07-15,21:45,Roma,Hellas Verona,2.3,1.1,2–1,,Fabio Maresca,2019-2020,Edin Džeko,Miguel Veloso,(3-4-3),(3-4-3),35%,65%,228 of 332 — 69%,80% — 502 of 624,4 of 19 — 21%,14% — 1 of 7,0 of 1 — 0%,75% — 3 of 4,4.0,0,3.0,0,14,6,7,6,13,19,451,720,15,14,17,8,24,21,25,14,0,4,5,10,15,26,81,80
33.0,Wed,2020-07-15,21:45,Sassuolo,Juventus,2.5,2.6,3–3,,Paolo Valeri,2019-2020,Francesco Magnanelli,Giorgio Chiellini,(4-2-3-1),(4-3-3),57%,43%,546 of 629 — 87%,81% — 379 of 467,10 of 22 — 45%,24% — 5 of 21,2 of 5 — 40%,70% — 7 of 10,4.0,0,4.0,0,14,13,3,9,13,24,744,583,11,18,11,10,7,10,17,12,0,1,9,7,15,14,54,50
33.0,Thu,2020-07-16,19:30,Torino,Genoa,1.0,1.0,3–0,,Gianluca Rocchi,2019-2020,Andrea Belotti,Davide Biraschi,(3-4-1-2),(3-4-1-2),43%,57%,286 of 385 — 74%,78% — 392 of 505,5 of 12 — 42%,36% — 5 of 14,5 of 5 — 100%,40% — 2 of 5,2.0,0,2.0,0,20,18,8,4,17,29,514,615,19,16,7,7,29,22,33,13,1,1,10,7,17,22,76,79
33.0,Thu,2020-07-16,21:45,SPAL,Inter,0.8,2.2,0–4,,Antonio Giua,2019-2020,Francesco Vicari,Samir Handanović,(4-4-2),(3-4-1-2),39%,61%,292 of 381 — 77%,83% — 498 of 597,0 of 12 — 0%,38% — 6 of 16,2 of 6 — 33%,% — 0 of 0,2.0,0,3.0,0,10,9,0,7,5,23,484,692,8,13,17,10,17,12,23,8,0,1,8,12,14,24,60,62
34.0,Sat,2020-07-18,17:15,Hellas Verona,Atalanta,0.9,1.7,1–1,,Rosario Abisso,2019-2020,Miguel Veloso,Papu Gómez,(3-4-3),(3-4-3),46%,54%,270 of 399 — 68%,74% — 353 of 476,8 of 15 — 53%,33% — 7 of 21,6 of 7 — 85%,87% — 7 of 8,2.0,0,2.0,0,15,15,7,5,13,18,513,585,11,14,8,6,15,34,22,14,4,1,14,4,18,21,79,56
34.0,Sat,2020-07-18,19:30,Cagliari,Sassuolo,0.4,0.5,1–1,,Giovanni Ayroldi,2019-2020,Luca Ceppitelli,Manuel Locatelli,(3-5-2),(4-3-3),24%,76%,168 of 245 — 69%,90% — 713 of 793,1 of 2 — 50%,17% — 2 of 12,1 of 2 — 50%,0% — 0 of 1,5.5,0,2.0,0,14,15,0,9,4,18,350,886,20,19,12,5,5,15,19,2,2,3,9,4,14,17,49,55
34.0,Sat,2020-07-18,21:45,Milan,Bologna,2.4,0.5,5–1,,Davide Massa,2019-2020,Alessio Romagnoli,Andrea Poli,(4-2-3-1),(4-2-3-1),51%,49%,392 of 493 — 80%,79% — 369 of 469,12 of 23 — 52%,43% — 3 of 7,2 of 3 — 66%,58% — 7 of 12,2.0,0,1.0,0,19,14,7,2,11,14,627,587,22,13,7,20,19,9,15,13,0,2,6,7,16,14,59,38
34.0,Sun,2020-07-19,17:15,Parma,Sampdoria,1.2,2.0,2–3,,Giampaolo Calvarese,2019-2020,Simone Iacoponi,Fabio Quagliarella,(4-3-3),(4-4-1-1),57%,43%,437 of 535 — 82%,78% — 312 of 399,5 of 17 — 29%,20% — 4 of 20,1 of 4 — 25%,80% — 4 of 5,0.0,0,1.0,0,13,11,4,6,17,22,635,513,10,22,6,15,12,17,12,25,3,0,11,12,17,18,77,62
34.0,Sun,2020-07-19,19:30,Napoli,Udinese,1.3,0.8,2–1,,Daniele Chiffi,2019-2020,Lorenzo Insigne,Kevin Lasagna,(4-3-3),(3-5-2),68%,32%,785 of 868 — 90%,79% — 325 of 412,9 of 24 — 38%,50% — 2 of 4,1 of 2 — 50%,77% — 7 of 9,3.0,0,2.0,0,13,17,2,3,8,5,951,501,10,11,4,10,8,8,6,15,0,4,3,8,24,12,61,71
34.0,Sun,2020-07-19,19:30,Genoa,Lecce,0.4,1.8,2–1,,Daniele Doveri,2019-2020,Domenico Criscito,Marco Mancosu,(4-4-2),(4-3-2-1),47%,53%,398 of 483 — 82%,83% — 448 of 539,3 of 10 — 30%,6% — 1 of 16,0 of 1 — 0%,66% — 2 of 3,2.0,0,3.0,0,12,10,3,8,11,27,570,630,13,14,7,7,6,23,18,17,2,2,17,4,11,17,63,56
34.0,Sun,2020-07-19,19:30,Brescia,SPAL,1.3,1.7,2–1,,Eugenio Abbattista,2019-2020,Ernesto Torregrossa,Francesco Vicari,(4-4-2),(4-4-2),52%,48%,341 of 442 — 77%,78% — 317 of 405,3 of 17 — 18%,40% — 6 of 15,5 of 6 — 83%,33% — 1 of 3,2.0,0,2.0,0,10,14,7,4,24,15,526,504,9,9,11,16,9,18,14,19,2,2,10,17,25,11,88,69
34.0,Sun,2020-07-19,19:30,Fiorentina,Torino,1.3,0.5,2–0,,Maurizio Mariani,2019-2020,Germán Pezzella,Andrea Belotti,(3-5-2),(3-4-1-2),47%,53%,389 of 478 — 81%,84% — 454 of 540,4 of 17 — 24%,0% — 0 of 7,0 of 0 — %,75% — 3 of 4,1.0,0,2.0,0,8,11,4,1,9,23,590,669,15,31,8,14,10,8,15,10,0,1,9,9,28,18,52,80
34.0,Sun,2020-07-19,21:45,Roma,Inter,1.2,1.5,2–2,,Marco Di Bello,2019-2020,Edin Džeko,Samir Handanović,(3-4-3),(3-4-1-2),43%,57%,332 of 409 — 81%,85% — 464 of 549,3 of 7 — 43%,29% — 2 of 7,1 of 2 — 50%,33% — 1 of 3,1.0,0,1.0,0,18,13,8,5,20,12,507,620,12,8,9,8,6,7,19,14,0,4,6,7,6,25,61,63
34.0,Mon,2020-07-20,21:45,Juventus,Lazio,3.3,1.4,2–1,,Daniele Orsato,2019-2020,Leonardo Bonucci,Marco Parolo,(4-3-3),(3-1-4-2),55%,45%,503 of 576 — 87%,85% — 408 of 478,6 of 18 — 33%,22% — 2 of 9,2 of 2 — 100%,83% — 5 of 6,3.0,0,1.0,0,18,15,4,7,12,11,656,573,11,11,7,13,16,7,15,9,1,1,3,6,20,9,56,52
35.0,Tue,2020-07-21,19:30,Atalanta,Bologna,1.5,0.5,1–0,,Federico La Penna,2019-2020,Papu Gómez,Rodrigo Palacio,(3-4-1-2),(4-2-3-1),46%,54%,362 of 469 — 77%,78% — 429 of 547,7 of 19 — 37%,18% — 2 of 11,2 of 2 — 100%,85% — 6 of 7,4.0,0,2.0,0,19,14,6,4,20,14,602,659,20,22,15,13,23,11,15,13,0,1,9,8,20,22,60,71
35.0,Tue,2020-07-21,21:45,Sassuolo,Milan,1.2,2.3,1–2,,Luca Pairetto,2019-2020,Domenico Berardi,Alessio Romagnoli,(4-2-3-1),(4-2-3-1),50%,50%,423 of 504 — 84%,88% — 442 of 505,2 of 10 — 20%,44% — 7 of 16,5 of 7 — 71%,100% — 2 of 2,4.5,0,4.0,0,12,24,5,3,9,12,591,608,13,20,10,9,1,10,6,7,2,0,7,8,10,19,44,63
35.0,Wed,2020-07-22,19:30,Parma,Napoli,2.0,1.6,2–1,,Antonio Giua,2019-2020,Bruno Alves,Lorenzo Insigne,(4-1-4-1),(4-3-3),31%,69%,270 of 345 — 78%,91% — 687 of 754,0 of 6 — 0%,17% — 3 of 18,3 of 3 — 100%,% — 0 of 0,3.0,0,1.0,0,8,12,3,3,11,13,442,850,17,12,9,15,3,6,15,9,0,0,11,6,11,16,58,43
35.0,Wed,2020-07-22,21:45,Torino,Hellas Verona,0.8,1.4,1–1,,Paolo Valeri,2019-2020,Andrea Belotti,Miguel Veloso,(3-4-1-2),(3-4-3),43%,57%,281 of 406 — 69%,75% — 399 of 530,3 of 9 — 33%,44% — 4 of 9,4 of 4 — 100%,66% — 2 of 3,4.0,0,2.0,0,18,16,5,4,19,15,523,628,18,7,21,10,31,25,15,15,0,1,8,8,17,18,102,94
35.0,Wed,2020-07-22,21:45,Sampdoria,Genoa,1.1,1.1,1–2,,Marco Guida,2019-2020,Albin Ekdal,Domenico Criscito,(4-4-2),(4-4-2),52%,48%,413 of 544 — 76%,78% — 390 of 500,5 of 16 — 31%,57% — 4 of 7,3 of 4 — 75%,80% — 4 of 5,4.0,0,2.0,0,13,13,5,0,23,11,627,598,8,6,10,11,20,21,9,15,2,4,4,9,22,21,67,79
35.0,Wed,2020-07-22,21:45,Lecce,Brescia,2.7,1.0,3–1,,Fabio Maresca,2019-2020,Marco Mancosu,Ernesto Torregrossa,(4-1-4-1),(4-4-2),55%,45%,490 of 582 — 84%,79% — 382 of 483,11 of 17 — 65%,19% — 3 of 16,2 of 3 — 66%,72% — 8 of 11,2.0,0,1.0,0,11,11,5,10,14,24,702,597,14,15,12,15,14,12,19,14,2,1,12,5,19,19,64,69
35.0,Wed,2020-07-22,21:45,SPAL,Roma,0.8,1.6,1–6,,Gianluca Manganiello,2019-2020,Mirko Valdifiori,Lorenzo Pellegrini,(4-1-4-1),(3-4-3),46%,54%,381 of 454 — 84%,89% — 482 of 541,3 of 11 — 27%,50% — 9 of 18,3 of 9 — 33%,66% — 2 of 3,1.0,1,0.0,0,10,11,3,1,10,11,543,637,17,9,10,11,11,5,8,9,3,2,7,9,13,11,54,52
35.0,Wed,2020-07-22,21:45,Inter,Fiorentina,2.4,1.0,0–0,,Piero Giacomelli,2019-2020,Samir Handanović,Germán Pezzella,(3-4-1-2),(3-5-2),61%,39%,453 of 558 — 81%,80% — 280 of 351,6 of 19 — 32%,38% — 3 of 8,3 of 3 — 100%,100% — 6 of 6,1.0,0,3.0,0,13,13,11,2,40,6,642,488,17,13,7,9,16,6,3,51,5,1,5,10,25,19,71,64
35.0,Thu,2020-07-23,19:30,Udinese,Juventus,1.1,0.7,2–1,,Massimiliano Irrati,2019-2020,Rodrigo De Paul,Paulo Dybala,(3-5-2),(4-3-3),40%,60%,388 of 460 — 84%,89% — 617 of 697,4 of 11 — 36%,24% — 5 of 21,4 of 5 — 80%,50% — 2 of 4,2.0,0,2.0,0,9,8,3,7,13,19,585,797,22,15,12,12,9,6,22,16,1,1,11,6,17,17,70,57
35.0,Thu,2020-07-23,21:45,Lazio,Cagliari,1.6,0.6,2–1,,Marco Piccinini,2019-2020,Marco Parolo,João Pedro,(3-5-2),(3-5-2),64%,36%,491 of 613 — 80%,72% — 245 of 340,11 of 19 — 58%,50% — 4 of 8,3 of 4 — 75%,81% — 9 of 11,3.0,0,1.0,0,13,12,13,3,34,13,699,468,7,14,13,15,20,29,7,41,1,0,9,6,23,20,100,57
36.0,Fri,2020-07-24,21:45,Milan,Atalanta,0.5,2.0,1–1,,Daniele Doveri,2019-2020,Gianluigi Donnarumma,Papu Gómez,(4-2-3-1),(5-3-2),48%,52%,303 of 415 — 73%,73% — 335 of 456,2 of 10 — 20%,20% — 3 of 15,2 of 3 — 66%,50% — 1 of 2,1.0,0,1.0,0,17,13,3,7,11,21,540,563,17,16,8,12,25,22,26,18,2,3,5,6,23,21,86,70
36.0,Sat,2020-07-25,17:15,Brescia,Parma,1.7,1.6,1–2,,Lorenzo Maggioni,2019-2020,Daniele Gastaldello,Simone Iacoponi,(4-4-2),(4-3-3),43%,57%,315 of 393 — 80%,85% — 454 of 531,7 of 12 — 58%,43% — 6 of 14,4 of 6 — 66%,85% — 6 of 7,4.0,0,0.0,0,15,13,5,3,19,16,489,622,16,13,4,5,8,6,18,13,0,2,8,7,29,18,61,56
36.0,Sat,2020-07-25,19:30,Genoa,Inter,0.5,2.1,0–3,,Davide Massa,2019-2020,Domenico Criscito,Samir Handanović,(3-5-2),(3-4-1-2),44%,56%,345 of 448 — 77%,84% — 468 of 560,2 of 9 — 22%,33% — 4 of 12,1 of 4 — 25%,100% — 2 of 2,2.0,0,3.0,0,12,15,4,6,22,16,544,682,13,18,16,11,17,18,16,20,0,2,11,7,18,19,72,44
36.0,Sat,2020-07-25,21:45,Napoli,Sassuolo,2.1,0.6,2–0,,Gianluca Aureliano,2019-2020,Lorenzo Insigne,Francesco Magnanelli,(4-3-3),(4-2-3-1),50%,50%,459 of 529 — 87%,86% — 449 of 524,8 of 21 — 38%,29% — 2 of 7,2 of 2 — 100%,75% — 6 of 8,1.0,0,3.0,0,4,10,7,4,18,10,613,599,8,8,13,13,7,2,4,11,1,6,5,10,17,14,41,39
36.0,Sun,2020-07-26,17:15,Bologna,Lecce,2.6,2.2,3–2,,Giampaolo Calvarese,2019-2020,Rodrigo Palacio,Marco Mancosu,(4-2-3-1),(4-3-2-1),55%,45%,486 of 560 — 87%,80% — 364 of 454,10 of 28 — 36%,36% — 9 of 25,7 of 9 — 77%,70% — 7 of 10,1.0,0,1.0,0,15,8,9,6,17,30,669,553,7,9,8,15,10,17,25,9,4,2,13,12,6,12,53,60
36.0,Sun,2020-07-26,19:30,Hellas Verona,Lazio,1.8,2.3,1–5,,Manuel Volpi,2019-2020,Miguel Veloso,Marco Parolo,(3-4-3),(3-5-2),56%,44%,395 of 500 — 79%,75% — 296 of 393,3 of 16 — 19%,36% — 4 of 11,1 of 4 — 25%,100% — 3 of 3,2.0,0,2.0,0,16,7,8,5,32,12,592,510,16,17,6,9,19,17,13,29,1,1,5,7,23,22,59,62
36.0,Sun,2020-07-26,19:30,Cagliari,Udinese,1.4,1.0,0–1,,Fabrizio Pasqua,2019-2020,Luca Ceppitelli,Kevin Lasagna,(3-4-1-2),(3-5-2),49%,51%,382 of 465 — 82%,83% — 396 of 476,6 of 16 — 38%,40% — 6 of 15,5 of 6 — 83%,100% — 6 of 6,2.0,0,1.0,0,10,17,4,8,20,22,553,570,9,13,9,9,9,18,13,14,3,1,6,12,16,14,53,75
36.0,Sun,2020-07-26,19:30,SPAL,Torino,0.4,1.7,1–1,,Rosario Abisso,2019-2020,Francesco Vicari,Andrea Belotti,(3-5-2),(3-4-1-2),56%,44%,422 of 509 — 83%,81% — 327 of 405,1 of 7 — 14%,30% — 6 of 20,5 of 6 — 83%,0% — 0 of 1,2.0,0,3.0,0,11,17,0,10,14,25,593,497,9,11,6,7,11,12,16,15,1,1,11,10,18,13,67,74
36.0,Sun,2020-07-26,19:30,Roma,Fiorentina,2.7,0.8,2–1,,Daniele Chiffi,2019-2020,Edin Džeko,Germán Pezzella,(3-4-3),(3-5-2),60%,40%,465 of 552 — 84%,78% — 293 of 375,4 of 20 — 20%,10% — 1 of 10,0 of 1 — 0%,100% — 4 of 4,1.0,0,4.0,0,13,14,8,3,12,11,648,484,15,17,13,13,10,5,9,16,2,2,3,6,25,22,30,67
36.0,Sun,2020-07-26,21:45,Juventus,Sampdoria,3.0,1.7,2–0,,Francesco Fourneau,2019-2020,Leonardo Bonucci,Fabio Quagliarella,(4-3-3),(4-4-2),62%,38%,596 of 677 — 88%,80% — 331 of 412,6 of 15 — 40%,36% — 5 of 14,5 of 5 — 100%,66% — 4 of 6,4.0,0,6.5,0,17,13,4,5,16,19,754,502,9,12,12,11,6,8,10,16,3,1,8,8,14,16,61,53
37.0,Tue,2020-07-28,19:30,Parma,Atalanta,1.7,1.4,1–2,,Luca Pairetto,2019-2020,Bruno Alves,Papu Gómez,(4-3-3),(3-4-1-2),43%,57%,315 of 408 — 77%,84% — 456 of 542,3 of 14 — 21%,29% — 4 of 14,2 of 4 — 50%,66% — 2 of 3,2.0,0,1.0,0,17,16,3,3,10,12,526,645,20,11,11,7,6,10,14,21,3,2,14,3,21,19,62,48
37.0,Tue,2020-07-28,21:45,Inter,Napoli,0.6,1.1,2–0,,Paolo Valeri,2019-2020,Samir Handanović,Lorenzo Insigne,(3-4-1-2),(4-3-3),42%,58%,390 of 459 — 85%,87% — 556 of 639,6 of 8 — 75%,11% — 2 of 18,2 of 2 — 100%,66% — 4 of 6,4.0,0,1.0,0,16,8,3,9,8,29,537,713,3,9,7,8,5,9,28,7,4,1,9,2,19,12,58,60
37.0,Wed,2020-07-29,19:30,Sassuolo,Genoa,2.6,1.1,5–0,,Fabio Maresca,2019-2020,Domenico Berardi,Davide Biraschi,(4-2-3-1),(4-4-2),54%,46%,489 of 562 — 87%,83% — 393 of 474,8 of 18 — 44%,17% — 2 of 12,2 of 2 — 100%,37% — 3 of 8,1.0,0,1.0,0,11,5,2,3,4,14,652,560,11,13,12,9,3,10,13,13,1,2,9,10,13,14,44,62
37.0,Wed,2020-07-29,19:30,Lazio,Brescia,3.5,0.7,2–0,,Luca Massimi,2019-2020,Marco Parolo,Daniele Gastaldello,(3-5-2),(4-4-2),61%,39%,506 of 597 — 85%,77% — 298 of 389,12 of 29 — 41%,15% — 2 of 13,2 of 2 — 100%,83% — 10 of 12,1.0,0,2.0,0,12,10,5,6,19,17,706,506,13,6,9,11,14,12,18,21,2,0,9,15,15,12,53,75
37.0,Wed,2020-07-29,19:30,Udinese,Lecce,1.2,2.2,1–2,,Daniele Orsato,2019-2020,Rodrigo De Paul,Marco Mancosu,(3-5-2),(4-3-2-1),46%,54%,393 of 462 — 85%,87% — 464 of 534,3 of 10 — 30%,46% — 6 of 13,5 of 6 — 83%,66% — 2 of 3,1.0,0,4.0,0,12,11,5,5,14,26,554,624,15,15,7,6,13,9,13,10,1,2,7,10,22,23,39,69
37.0,Wed,2020-07-29,19:30,Sampdoria,Milan,2.3,2.7,1–4,,Fabrizio Pasqua,2019-2020,Fabio Quagliarella,Gianluigi Donnarumma,(4-4-1-1),(4-2-3-1),43%,57%,351 of 446 — 79%,83% — 494 of 593,5 of 18 — 28%,45% — 9 of 20,5 of 9 — 55%,80% — 4 of 5,1.0,0,1.0,0,5,6,4,6,24,13,550,694,8,10,19,14,13,13,18,20,2,3,11,13,12,15,61,63
37.0,Wed,2020-07-29,19:30,Hellas Verona,SPAL,2.0,0.7,3–0,,Simone Sozza,2019-2020,Miguel Veloso,Mattia Valoti,(3-4-3),(4-5-1),54%,46%,426 of 520 — 82%,82% — 365 of 444,10 of 17 — 59%,36% — 5 of 14,5 of 5 — 100%,70% — 7 of 10,1.0,0,1.0,0,15,13,7,1,30,6,588,533,7,8,9,5,11,22,3,20,3,1,8,8,10,13,72,48
37.0,Wed,2020-07-29,21:45,Torino,Roma,0.9,2.1,2–3,,Marco Piccinini,2019-2020,Nicolas Nkoulou,Edin Džeko,(3-4-3),(3-4-3),51%,49%,444 of 522 — 85%,84% — 428 of 507,4 of 9 — 44%,36% — 5 of 14,3 of 5 — 60%,50% — 2 of 4,2.0,0,3.0,0,8,17,4,8,15,17,612,588,10,11,14,12,11,12,19,10,1,3,8,4,9,19,62,47
37.0,Wed,2020-07-29,21:45,Fiorentina,Bologna,2.1,1.4,4–0,,Marco Di Bello,2019-2020,Germán Pezzella,Danilo Larangeira,(3-4-3),(4-2-3-1),47%,53%,375 of 462 — 81%,83% — 436 of 525,6 of 14 — 43%,17% — 2 of 12,2 of 2 — 100%,33% — 2 of 6,2.0,0,1.0,0,14,11,3,5,19,12,561,616,19,15,9,11,9,12,11,8,1,3,9,9,16,14,55,41
37.0,Wed,2020-07-29,21:45,Cagliari,Juventus,1.1,1.7,2–0,,Davide Ghersini,2019-2020,Luca Ceppitelli,Leonardo Bonucci,(3-4-1-2),(4-3-3),34%,66%,256 of 341 — 75%,87% — 574 of 661,5 of 11 — 45%,29% — 10 of 34,10 of 10 — 100%,60% — 3 of 5,2.0,0,1.0,0,13,12,1,9,6,29,450,763,15,11,11,5,15,14,21,4,1,4,12,4,17,19,75,62
38.0,Sat,2020-08-01,18:00,Brescia,Sampdoria,1.7,1.9,1–1,,Michael Fabbri,2019-2020,Daniele Gastaldello,Fabio Quagliarella,(4-4-2),(4-4-2),52%,48%,389 of 479 — 81%,81% — 358 of 442,3 of 15 — 20%,29% — 5 of 17,4 of 5 — 80%,100% — 3 of 3,1.0,0,5.5,0,9,17,5,4,23,21,580,540,12,10,11,5,5,15,18,23,2,1,10,7,17,14,55,62
38.0,Sat,2020-08-01,20:45,Juventus,Roma,1.2,1.7,1–3,,Gianluca Rocchi,2019-2020,Leonardo Bonucci,Diego Perotti,(4-3-3),(3-4-3),57%,43%,543 of 617 — 88%,85% — 395 of 464,2 of 11 — 18%,45% — 5 of 11,3 of 5 — 60%,50% — 1 of 2,1.0,0,4.0,0,10,11,6,5,16,10,708,567,17,20,7,16,8,3,5,14,2,0,9,10,23,11,48,61
38.0,Sat,2020-08-01,20:45,Napoli,Lazio,1.7,1.2,3–1,,Giampaolo Calvarese,2019-2020,José Callejón,Marco Parolo,(4-3-3),(3-5-2),56%,44%,531 of 598 — 89%,86% — 405 of 473,5 of 12 — 42%,38% — 3 of 8,2 of 3 — 66%,60% — 3 of 5,3.0,0,2.0,0,10,11,2,2,8,10,675,554,11,12,8,8,4,6,5,15,1,1,7,7,15,15,44,51
38.0,Sat,2020-08-01,20:45,Milan,Cagliari,2.7,0.2,3–0,,Marco Serra,2019-2020,Gianluigi Donnarumma,Luca Ceppitelli,(4-2-3-1),(3-5-2),63%,37%,587 of 671 — 87%,76% — 299 of 392,4 of 14 — 29%,20% — 1 of 5,1 of 1 — 100%,50% — 2 of 4,1.0,0,3.0,0,16,7,7,6,29,17,764,487,10,20,9,12,10,4,18,23,2,0,5,8,16,11,57,56
38.0,Sat,2020-08-01,20:45,Atalanta,Inter,1.2,0.7,0–2,,Piero Giacomelli,2019-2020,Papu Gómez,Samir Handanović,(3-4-3),(3-4-1-2),53%,47%,488 of 586 — 83%,80% — 410 of 514,1 of 13 — 8%,27% — 3 of 11,1 of 3 — 33%,100% — 1 of 1,2.0,0,3.0,0,11,12,7,1,25,6,699,634,19,14,19,18,10,11,11,16,2,1,3,9,18,24,69,62
38.0,Sun,2020-08-02,18:00,SPAL,Fiorentina,0.5,2.3,1–3,,Alessandro Prontera,2019-2020,Francesco Vicari,Federico Chiesa,(4-4-1-1),(3-5-2),51%,49%,408 of 480 — 85%,86% — 396 of 463,4 of 8 — 50%,33% — 9 of 27,7 of 9 — 77%,75% — 3 of 4,1.0,0,1.0,0,6,14,3,10,15,22,581,560,19,9,10,6,6,9,17,7,0,2,16,6,7,13,41,42
38.0,Sun,2020-08-02,20:45,Genoa,Hellas Verona,0.8,1.1,3–0,,Massimiliano Irrati,2019-2020,Domenico Criscito,Miguel Veloso,(3-5-2),(3-4-3),34%,66%,223 of 322 — 69%,81% — 506 of 624,4 of 4 — 100%,6% — 1 of 18,1 of 1 — 100%,25% — 1 of 4,5.5,1,0.0,1,9,12,4,9,8,43,430,680,15,7,8,6,10,18,34,5,0,2,16,1,18,23,77,66
38.0,Sun,2020-08-02,20:45,Lecce,Parma,2.7,3.2,3–4,,Maurizio Mariani,2019-2020,Marco Mancosu,Bruno Alves,(4-3-2-1),(4-2-3-1),51%,49%,464 of 556 — 83%,85% — 454 of 534,7 of 16 — 44%,53% — 10 of 19,7 of 10 — 70%,57% — 4 of 7,0.0,0,2.0,0,3,7,5,4,30,12,662,643,18,14,17,7,10,8,9,30,1,2,8,7,19,14,64,70
38.0,Sun,2020-08-02,20:45,Bologna,Torino,0.9,1.9,1–1,,Antonio Di Martino,2019-2020,Rodrigo Palacio,Andrea Belotti,(4-2-3-1),(3-4-1-2),56%,44%,409 of 501 — 82%,80% — 309 of 387,5 of 19 — 26%,60% — 9 of 15,8 of 9 — 88%,80% — 4 of 5,3.0,0,3.0,0,15,16,7,3,19,17,597,510,16,14,9,12,10,18,12,18,1,2,3,15,21,17,54,70
38.0,Sun,2020-08-02,20:45,Sassuolo,Udinese,1.3,1.7,0–1,,Daniel Amabile,2019-2020,Domenico Berardi,Kevin Lasagna,(4-2-3-1),(3-5-2),69%,31%,606 of 698 — 87%,75% — 233 of 312,10 of 23 — 43%,17% — 2 of 12,1 of 2 — 50%,100% — 10 of 10,1.0,0,1.0,0,9,11,6,7,15,18,788,425,15,12,2,13,11,6,11,23,1,0,5,12,21,11,53,53
