Wk,Day,Date,Time,Home,Away,xG,xG.1,Score,Attendance,Referee,season,t1_captain,t2_captain,t1_formation,t2_formation,t1_possession,t2_possession,t1_passing,t2_passing,t1_shots,t2_shots,t1_saves,t2_saves,t1_yellow_cards,t1_red_cards,t2_yellow_cards,t2_red_cards,t1_fouls,t2_fouls,t1_corners,t2_corners,t1_crosses,t2_crosses,t1_touches,t2_touches,t1_tackles,t2_tackles,t1_interceptions,t2_interceptions,t1_aerials_won,t2_aerials_won,t1_clearances,t2_clearances,t1_offsides,t2_offsides,t1_goal_kicks,t2_goal_kicks,t1_throw_ins,t2_throw_ins,t1_long_balls,t2_long_balls
1.0,Sat,2022-08-13,18:30,Milan,Udinese,2.3,0.5,4–2,70197.0,Livio Marinelli,2022-2023,Davide Calabria,Roberto Pereyra,(4-2-3-1),(3-5-2),59%,41%,457 of 549 — 83%,80% — 303 of 379,4 of 13 — 31%,44% — 4 of 9,2 of 4 — 50%,25% — 1 of 4,1.0,0.0,4.0,0.0,16,13,5,1,21,11,625,492,23,13,8,11,5,12,5,21,0,1,7,11,21,14,77,53
1.0,Sat,2022-08-13,18:30,Sampdoria,Atalanta,1.0,2.2,0–2,20047.0,Federico Dionisi,2022-2023,Bartosz Bereszyński,Rafael Tolói,(4-1-4-1),(3-4-1-2),55%,45%,394 of 505 — 78%,77% — 313 of 408,1 of 11 — 9%,33% — 3 of 9,1 of 3 — 33%,100% — 1 of 1,4.0,0.0,6.0,0.0,13,21,3,2,19,9,587,513,18,19,11,11,16,8,5,19,1,2,7,10,23,18,68,76
1.0,Sat,2022-08-13,20:45,Lecce,Inter,0.7,2.1,1–2,25353.0,Alessandro Prontera,2022-2023,Morten Hjulmand,Samir Handanović,(4-3-3),(3-5-2),30%,70%,205 of 288 — 71%,83% — 555 of 665,4 of 10 — 40%,47% — 9 of 19,7 of 9 — 77%,75% — 3 of 4,4.0,0.0,2.0,0.0,21,19,6,8,13,32,400,752,9,11,13,8,14,14,39,9,2,3,7,6,11,22,62,72
1.0,Sat,2022-08-13,20:45,Monza,Torino,1.4,2.1,1–2,10739.0,Maurizio Mariani,2022-2023,Andrea Barberis,Ricardo Rodríguez,(3-5-2),(3-4-3),54%,46%,394 of 488 — 81%,78% — 326 of 416,4 of 15 — 27%,46% — 6 of 13,4 of 6 — 66%,75% — 3 of 4,1.0,0.0,2.0,0.0,6,17,2,7,14,16,589,524,13,14,11,5,8,7,14,10,1,5,4,10,16,14,69,52
1.0,Sun,2022-08-14,18:30,Fiorentina,Cremonese,2.0,1.3,3–2,34461.0,Juan Sacchi,2022-2023,Cristiano Biraghi,Matteo Bianchetti,(4-3-3),(3-4-1-2),74%,26%,540 of 626 — 86%,60% — 132 of 219,11 of 28 — 39%,31% — 4 of 13,2 of 4 — 50%,72% — 8 of 11,0.0,0.0,3.0,1.0,10,19,11,4,35,13,731,334,12,24,6,7,27,13,11,25,1,1,3,9,15,10,117,54
1.0,Sun,2022-08-14,18:30,Lazio,Bologna,0.7,1.5,2–1,45000.0,Luca Massimi,2022-2023,Ciro Immobile,Roberto Soriano,(4-3-3),(3-4-1-2),42%,58%,275 of 347 — 79%,85% — 416 of 489,6 of 9 — 67%,20% — 2 of 10,2 of 2 — 100%,83% — 5 of 6,2.0,1.0,7.5,0.0,11,18,3,2,10,10,441,595,15,13,4,8,7,9,10,18,3,2,5,5,21,18,54,61
1.0,Sun,2022-08-14,20:45,Spezia,Empoli,0.5,0.7,1–0,8360.0,Daniele Chiffi,2022-2023,Emmanuel Gyasi,Filippo Bandinelli,(3-5-2),(4-3-1-2),41%,59%,292 of 400 — 73%,77% — 452 of 586,2 of 9 — 22%,28% — 5 of 18,5 of 5 — 100%,50% — 1 of 2,2.0,0.0,1.0,0.0,15,8,6,4,21,28,541,696,23,14,17,10,3,9,32,15,3,1,8,7,18,32,72,80
1.0,Sun,2022-08-14,20:45,Salernitana,Roma,0.6,2.4,0–1,26006.0,Simone Sozza,2022-2023,Federico Fazio,Lorenzo Pellegrini,(3-5-2),(3-4-3),51%,49%,397 of 480 — 83%,82% — 370 of 453,2 of 13 — 15%,20% — 4 of 20,3 of 4 — 75%,100% — 2 of 2,3.0,0.0,2.0,0.0,18,9,4,2,11,9,575,562,16,17,9,9,7,11,12,9,1,3,11,8,13,19,59,59
1.0,Mon,2022-08-15,18:30,Hellas Verona,Napoli,1.1,2.4,2–5,16967.0,Michael Fabbri,2022-2023,Davide Faraoni,Giovanni Di Lorenzo,(3-5-2),(4-3-3),34%,66%,196 of 286 — 69%,84% — 468 of 558,3 of 6 — 50%,32% — 8 of 25,3 of 8 — 37%,33% — 1 of 3,2.0,0.0,2.0,0.0,15,6,4,8,14,20,388,665,19,11,9,12,9,20,20,11,1,2,14,5,11,17,61,55
1.0,Mon,2022-08-15,20:45,Juventus,Sassuolo,2.0,0.9,3–0,38725.0,Antonio Rapuano,2022-2023,Leonardo Bonucci,Gian Marco Ferrari,(4-4-2),(4-3-3),42%,58%,347 of 421 — 82%,88% — 502 of 571,3 of 13 — 23%,37% — 7 of 19,7 of 7 — 100%,33% — 1 of 3,1.0,0.0,3.0,0.0,7,5,3,2,11,14,511,649,10,9,12,7,5,7,18,10,4,2,8,13,14,21,63,63
2.0,Sat,2022-08-20,18:30,Torino,Lazio,0.7,0.8,0–0,16530.0,Marco Piccinini,2022-2023,Ricardo Rodríguez,Ciro Immobile,(3-4-3),(4-3-3),54%,46%,431 of 527 — 82%,77% — 348 of 450,1 of 10 — 10%,29% — 2 of 7,2 of 2 — 100%,100% — 1 of 1,0.0,0.0,5.0,0.0,11,12,6,4,16,9,609,526,7,17,8,6,18,16,10,17,4,0,4,14,19,12,74,82
2.0,Sat,2022-08-20,18:30,Udinese,Salernitana,1.1,1.5,0–0,17054.0,Gianluca Aureliano,2022-2023,Roberto Pereyra,Federico Fazio,(3-5-2),(3-5-2),48%,52%,312 of 422 — 74%,79% — 367 of 465,2 of 15 — 13%,35% — 6 of 17,6 of 6 — 100%,100% — 2 of 2,2.0,1.0,4.0,0.0,9,12,6,6,11,26,532,599,18,15,7,14,12,11,22,17,0,1,10,9,32,21,67,82
2.0,Sat,2022-08-20,20:45,Sassuolo,Lecce,0.6,0.5,1–0,9219.0,Andrea Colombo,2022-2023,Gian Marco Ferrari,Morten Hjulmand,(4-3-3),(4-3-3),59%,41%,474 of 559 — 85%,78% — 309 of 394,3 of 12 — 25%,14% — 1 of 7,1 of 1 — 100%,66% — 2 of 3,5.0,0.0,1.0,0.0,14,12,5,4,13,20,634,506,4,18,8,10,7,11,13,23,0,4,11,7,30,17,77,71
2.0,Sat,2022-08-20,20:45,Inter,Spezia,2.1,0.5,3–0,71212.0,Davide Ghersini,2022-2023,Samir Handanović,Emmanuel Gyasi,(3-5-2),(3-5-2),54%,46%,472 of 551 — 86%,83% — 388 of 466,8 of 19 — 42%,0% — 0 of 2,0 of 0 — %,62% — 5 of 8,0.0,0.0,0.0,0.0,11,7,10,4,21,11,655,564,17,14,8,7,5,6,8,17,5,1,7,10,18,27,83,42
2.0,Sun,2022-08-21,18:30,Napoli,Monza,2.0,0.1,4–0,36559.0,Francesco Fourneau,2022-2023,Giovanni Di Lorenzo,Andrea Barberis,(4-3-3),(3-5-2),54%,46%,462 of 525 — 88%,83% — 371 of 448,5 of 22 — 23%,25% — 1 of 4,1 of 1 — 100%,20% — 1 of 5,2.0,0.0,1.0,0.0,11,13,10,4,18,17,636,535,12,17,4,8,11,4,18,14,1,0,4,9,13,17,49,34
2.0,Sun,2022-08-21,18:30,Empoli,Fiorentina,0.4,0.7,0–0,10411.0,Matteo Marchetti,2022-2023,Filippo Bandinelli,Giacomo Bonaventura,(4-3-1-2),(4-3-3),37%,63%,231 of 315 — 73%,84% — 452 of 539,2 of 4 — 50%,11% — 2 of 19,2 of 2 — 100%,100% — 2 of 2,1.0,1.0,3.0,0.0,13,11,1,9,6,29,422,630,14,15,14,7,12,7,26,9,1,1,13,3,13,22,44,75
2.0,Sun,2022-08-21,20:45,Bologna,Hellas Verona,0.8,1.9,1–1,17725.0,Matteo Marcenaro,2022-2023,Roberto Soriano,Davide Faraoni,(3-4-1-2),(3-5-2),52%,48%,284 of 394 — 72%,67% — 240 of 357,5 of 17 — 29%,16% — 3 of 19,2 of 3 — 66%,80% — 4 of 5,3.0,1.0,3.0,0.0,10,14,9,8,16,26,513,474,12,13,5,13,11,18,26,17,1,5,9,11,22,16,80,70
2.0,Sun,2022-08-21,20:45,Atalanta,Milan,0.5,1.3,1–1,19216.0,Fabio Maresca,2022-2023,Rafael Tolói,Davide Calabria,(3-4-3),(4-2-3-1),40%,60%,304 of 387 — 79%,84% — 481 of 570,2 of 11 — 18%,39% — 7 of 18,6 of 7 — 85%,50% — 1 of 2,4.0,0.0,3.0,0.0,15,6,4,6,14,19,487,665,14,10,7,7,11,13,20,6,0,3,13,11,15,23,74,73
2.0,Mon,2022-08-22,18:30,Roma,Cremonese,2.7,0.7,1–0,60859.0,Luca Massimi,2022-2023,Lorenzo Pellegrini,Vlad Chiricheș,(3-4-3),(3-4-1-2),49%,51%,328 of 425 — 77%,76% — 340 of 445,11 of 27 — 41%,21% — 3 of 14,3 of 3 — 100%,90% — 10 of 11,0.0,0.0,3.0,0.0,7,14,5,6,14,27,552,551,16,19,6,16,20,6,20,10,1,1,14,6,18,16,74,62
2.0,Mon,2022-08-22,20:45,Sampdoria,Juventus,0.9,0.8,0–0,27573.0,Rosario Abisso,2022-2023,Bartosz Bereszyński,Juan Cuadrado,(4-1-4-1),(4-3-3),48%,52%,361 of 437 — 83%,85% — 402 of 475,1 of 9 — 11%,40% — 4 of 10,4 of 4 — 100%,100% — 1 of 1,3.0,0.0,2.0,0.0,8,14,3,4,6,14,504,560,5,18,7,4,13,11,12,10,1,3,9,9,24,13,56,58
3.0,Fri,2022-08-26,18:30,Monza,Udinese,1.5,1.7,1–2,9955.0,Marco Di Bello,2022-2023,Carlos Augusto,Roberto Pereyra,(3-5-2),(3-5-2),56%,44%,448 of 511 — 88%,81% — 328 of 404,5 of 10 — 50%,27% — 4 of 15,2 of 4 — 50%,80% — 4 of 5,3.0,0.0,2.0,0.0,16,10,3,5,13,12,619,502,12,22,7,9,11,11,15,10,4,4,9,7,19,19,55,55
3.0,Fri,2022-08-26,20:45,Lazio,Inter,1.1,1.5,3–1,52500.0,Michael Fabbri,2022-2023,Ciro Immobile,Samir Handanović,(4-3-3),(3-5-2),48%,52%,456 of 528 — 86%,88% — 507 of 579,7 of 11 — 64%,37% — 7 of 19,6 of 7 — 85%,57% — 4 of 7,2.0,0.0,1.0,0.0,5,12,2,4,10,23,623,674,17,15,7,6,8,13,20,9,0,0,9,5,9,13,68,42
3.0,Sat,2022-08-27,18:30,Juventus,Roma,0.6,1.3,1–1,41003.0,Massimiliano Irrati,2022-2023,Juan Cuadrado,Lorenzo Pellegrini,(4-2-3-1),(3-4-3),57%,43%,467 of 559 — 84%,80% — 342 of 425,3 of 14 — 21%,50% — 4 of 8,3 of 4 — 75%,66% — 2 of 3,2.0,0.0,2.0,0.0,16,7,4,5,30,9,663,541,18,12,6,16,15,13,13,33,0,1,4,9,23,20,45,60
3.0,Sat,2022-08-27,18:30,Cremonese,Torino,0.8,1.7,1–2,11572.0,Paolo Valeri,2022-2023,Matteo Bianchetti,Ricardo Rodríguez,(3-4-1-2),(3-4-3),53%,47%,292 of 427 — 68%,67% — 260 of 386,6 of 16 — 38%,36% — 5 of 14,3 of 5 — 60%,83% — 5 of 6,0.0,0.0,3.0,0.0,9,21,3,3,25,12,565,519,21,11,10,13,23,22,21,28,1,0,6,10,21,23,85,87
3.0,Sat,2022-08-27,20:45,Spezia,Sassuolo,1.2,2.8,2–2,6500.0,Francesco Cosso,2022-2023,Emmanuel Gyasi,Gian Marco Ferrari,(3-5-2),(4-3-3),43%,57%,330 of 440 — 75%,82% — 489 of 594,1 of 6 — 17%,38% — 8 of 21,6 of 8 — 75%,0% — 0 of 1,3.5,0.0,1.0,0.0,17,10,2,6,10,22,544,703,14,15,5,9,6,15,26,13,3,1,13,5,20,25,72,74
3.0,Sat,2022-08-27,20:45,Milan,Bologna,1.9,0.5,2–0,70430.0,Gianluca Manganiello,2022-2023,Davide Calabria,Gary Medel,(4-2-3-1),(3-5-2),48%,52%,377 of 464 — 81%,81% — 408 of 502,7 of 19 — 37%,0% — 0 of 8,0 of 0 — %,71% — 5 of 7,2.0,0.0,1.0,0.0,13,9,5,1,19,4,574,606,21,21,13,5,12,4,2,15,2,2,8,9,18,16,70,73
3.0,Sun,2022-08-28,18:30,Salernitana,Sampdoria,1.7,1.8,4–0,19116.0,Davide Massa,2022-2023,Federico Fazio,Omar Colley,(3-5-2),(4-1-4-1),45%,55%,327 of 422 — 77%,83% — 436 of 525,6 of 9 — 67%,35% — 6 of 17,6 of 6 — 100%,33% — 2 of 6,2.0,0.0,2.0,0.0,19,14,6,3,20,12,511,640,13,23,11,6,9,13,9,17,1,4,8,4,10,17,67,55
3.0,Sun,2022-08-28,18:30,Hellas Verona,Atalanta,0.5,0.8,0–1,16106.0,Alessandro Prontera,2022-2023,Miguel Veloso,Rafael Tolói,(3-5-2),(3-4-3),49%,51%,291 of 413 — 70%,70% — 296 of 424,2 of 14 — 14%,47% — 7 of 15,6 of 7 — 85%,100% — 2 of 2,3.0,0.0,3.0,0.0,15,7,7,6,17,16,534,538,17,15,9,12,12,19,16,21,2,0,9,16,19,23,89,92
3.0,Sun,2022-08-28,20:45,Fiorentina,Napoli,0.5,1.7,0–0,32286.0,Livio Marinelli,2022-2023,Cristiano Biraghi,Giovanni Di Lorenzo,(4-3-3),(4-2-3-1),48%,52%,409 of 497 — 82%,84% — 455 of 540,5 of 10 — 50%,15% — 2 of 13,2 of 2 — 100%,100% — 5 of 5,2.0,0.0,3.0,0.0,12,14,2,3,11,11,614,652,24,20,7,11,6,14,14,11,1,2,5,6,11,24,68,53
3.0,Sun,2022-08-28,20:45,Lecce,Empoli,0.9,0.4,1–1,23941.0,Alberto Santoro,2022-2023,Morten Hjulmand,Filippo Bandinelli,(4-3-3),(4-3-1-2),41%,59%,256 of 360 — 71%,79% — 410 of 519,5 of 15 — 33%,33% — 3 of 9,2 of 3 — 66%,80% — 4 of 5,1.0,0.0,2.0,0.0,10,5,3,5,27,15,479,630,15,11,12,7,14,15,14,27,4,1,6,11,25,27,72,69
4.0,Tue,2022-08-30,18:30,Sassuolo,Milan,1.1,0.7,0–0,18053.0,Giovanni Ayroldi,2022-2023,Gian Marco Ferrari,Theo Hernández,(4-3-3),(4-2-3-1),38%,62%,217 of 309 — 70%,79% — 398 of 507,2 of 7 — 29%,18% — 2 of 11,2 of 2 — 100%,100% — 2 of 2,5.0,0.0,2.0,0.0,14,13,3,8,12,23,406,585,9,10,5,4,18,8,28,11,3,1,8,7,20,29,68,73
4.0,Tue,2022-08-30,20:45,Inter,Cremonese,2.2,1.2,3–1,70750.0,Francesco Fourneau,2022-2023,Samir Handanović,Matteo Bianchetti,(3-5-2),(3-4-1-2),53%,47%,433 of 510 — 85%,78% — 353 of 451,7 of 18 — 39%,36% — 4 of 11,3 of 4 — 75%,57% — 4 of 7,0.0,0.0,3.0,0.0,6,14,6,6,18,19,626,546,10,16,12,10,15,6,26,15,2,2,10,12,20,22,85,53
4.0,Tue,2022-08-30,20:45,Roma,Monza,1.8,0.9,3–0,60669.0,Marco Piccinini,2022-2023,Lorenzo Pellegrini,Matteo Pessina,(3-4-3),(3-5-2),40%,60%,349 of 419 — 83%,90% — 570 of 635,8 of 15 — 53%,8% — 1 of 13,1 of 1 — 100%,62% — 5 of 8,0.0,0.0,3.0,0.0,10,7,5,4,8,22,508,738,19,11,9,10,7,6,12,9,2,1,14,4,16,13,54,41
4.0,Wed,2022-08-31,18:30,Sampdoria,Lazio,0.8,1.5,1–1,18499.0,Gianluca Aureliano,2022-2023,Fabio Quagliarella,Ciro Immobile,(4-1-4-1),(4-3-3),44%,56%,440 of 523 — 84%,86% — 565 of 654,3 of 10 — 30%,46% — 6 of 13,5 of 6 — 83%,66% — 2 of 3,0.0,0.0,2.0,0.0,11,10,5,7,18,18,617,740,6,9,8,4,14,6,16,13,2,2,5,5,13,11,57,51
4.0,Wed,2022-08-31,18:30,Udinese,Fiorentina,1.3,0.7,1–0,19684.0,Maurizio Mariani,2022-2023,Roberto Pereyra,Lorenzo Venuti,(3-5-2),(4-3-3),27%,73%,177 of 263 — 67%,88% — 633 of 720,3 of 8 — 38%,17% — 2 of 12,2 of 2 — 100%,66% — 2 of 3,1.0,0.0,2.0,0.0,13,10,3,7,7,20,373,819,21,10,9,3,16,13,22,13,5,0,8,6,16,29,65,89
4.0,Wed,2022-08-31,18:30,Empoli,Hellas Verona,1.1,0.6,1–1,7269.0,Marco Serra,2022-2023,Filippo Bandinelli,Davide Faraoni,(4-3-1-2),(3-5-2),52%,48%,285 of 408 — 70%,69% — 263 of 381,4 of 16 — 25%,33% — 3 of 9,2 of 3 — 66%,75% — 3 of 4,0.0,0.0,4.0,0.0,5,22,7,10,23,25,531,507,18,24,10,6,13,18,22,27,2,1,6,7,27,22,81,67
4.0,Wed,2022-08-31,20:45,Juventus,Spezia,0.9,0.2,2–0,35709.0,Andrea Colombo,2022-2023,Juan Cuadrado,Emmanuel Gyasi,(4-3-3),(3-5-2),50%,50%,413 of 504 — 82%,79% — 395 of 499,3 of 15 — 20%,0% — 0 of 9,0 of 0 — %,33% — 1 of 3,0.0,0.0,2.0,0.0,11,10,7,3,12,18,628,613,22,21,12,6,10,16,23,13,1,2,5,9,23,31,92,64
4.0,Wed,2022-08-31,20:45,Napoli,Lecce,1.7,1.1,1–1,37573.0,Matteo Marcenaro,2022-2023,Giovanni Di Lorenzo,Morten Hjulmand,(4-2-3-1),(4-1-4-1),71%,29%,609 of 717 — 85%,71% — 212 of 300,7 of 19 — 37%,38% — 3 of 8,2 of 3 — 66%,85% — 6 of 7,1.0,0.0,4.0,0.0,7,20,6,4,24,10,826,443,20,26,7,18,20,12,14,34,4,3,6,13,32,17,61,67
4.0,Thu,2022-09-01,20:45,Bologna,Salernitana,1.8,1.4,1–1,19787.0,Davide Ghersini,2022-2023,Gary Medel,Federico Fazio,(3-5-2),(3-5-2),47%,53%,307 of 418 — 73%,74% — 348 of 472,3 of 10 — 30%,20% — 4 of 20,3 of 4 — 75%,100% — 3 of 3,2.0,0.0,2.0,0.0,10,11,1,8,16,27,547,591,15,13,11,7,19,16,26,23,1,0,12,8,24,20,61,72
4.0,Thu,2022-09-01,20:45,Atalanta,Torino,2.9,0.4,3–1,17928.0,Marco Di Bello,2022-2023,Rafael Tolói,Ricardo Rodríguez,(3-4-3),(3-4-3),41%,59%,276 of 393 — 70%,79% — 444 of 563,3 of 10 — 30%,25% — 2 of 8,1 of 2 — 50%,66% — 2 of 3,1.0,0.0,3.0,0.0,14,13,7,2,14,10,502,676,13,17,10,11,30,19,20,18,5,3,10,3,16,19,65,80
5.0,Sat,2022-09-03,15:00,Fiorentina,Juventus,2.1,0.9,1–1,36550.0,Daniele Doveri,2022-2023,Cristiano Biraghi,Juan Cuadrado,(4-3-3),(4-3-3),60%,40%,463 of 538 — 86%,84% — 305 of 364,4 of 16 — 25%,25% — 1 of 4,0 of 1 — 0%,75% — 3 of 4,1.0,0.0,3.0,0.0,13,12,10,2,41,8,625,466,17,11,10,14,11,7,4,23,0,1,2,12,16,12,57,50
5.0,Sat,2022-09-03,18:00,Milan,Inter,1.3,1.8,3–2,75475.0,Daniele Chiffi,2022-2023,Davide Calabria,Samir Handanović,(4-2-3-1),(3-5-2),47%,53%,333 of 406 — 82%,80% — 361 of 454,5 of 21 — 24%,31% — 5 of 16,3 of 5 — 60%,40% — 2 of 5,5.0,0.0,2.0,0.0,10,12,2,5,10,15,517,526,11,8,12,8,17,7,14,3,2,2,3,12,10,24,68,63
5.0,Sat,2022-09-03,20:45,Lazio,Napoli,0.3,2.1,1–2,39000.0,Simone Sozza,2022-2023,Ciro Immobile,Giovanni Di Lorenzo,(4-3-3),(4-2-3-1),39%,61%,340 of 421 — 81%,87% — 581 of 667,2 of 8 — 25%,37% — 7 of 19,5 of 7 — 71%,50% — 1 of 2,4.0,0.0,0.0,0.0,12,14,6,8,10,22,533,761,14,17,10,3,3,8,18,13,0,1,7,9,13,19,39,75
5.0,Sun,2022-09-04,12:30,Cremonese,Sassuolo,0.4,1.5,0–0,9105.0,Luca Pairetto,2022-2023,Vlad Chiricheș,Gian Marco Ferrari,(3-4-1-2),(4-3-3),46%,54%,327 of 427 — 77%,80% — 408 of 508,0 of 10 — 0%,41% — 7 of 17,7 of 7 — 100%,% — 0 of 0,1.0,0.0,1.0,0.0,16,6,2,3,19,18,524,615,18,13,12,7,8,8,18,24,3,2,9,11,17,28,64,73
5.0,Sun,2022-09-04,15:00,Spezia,Bologna,0.9,0.9,2–2,7555.0,Antonio Giua,2022-2023,Emmanuel Gyasi,Lorenzo De Silvestri,(3-5-2),(3-4-1-2),45%,55%,304 of 408 — 75%,78% — 392 of 504,5 of 15 — 33%,46% — 6 of 13,4 of 6 — 66%,80% — 4 of 5,4.0,0.0,1.0,0.0,12,5,7,2,24,10,523,620,11,21,10,11,12,7,17,24,0,5,12,10,25,26,73,73
5.0,Sun,2022-09-04,18:00,Hellas Verona,Sampdoria,2.5,0.8,2–1,16675.0,Paolo Valeri,2022-2023,Miguel Veloso,Fabio Quagliarella,(3-5-2),(4-3-1-2),49%,51%,252 of 397 — 63%,66% — 273 of 411,9 of 17 — 53%,27% — 3 of 11,2 of 3 — 66%,88% — 8 of 9,2.0,0.0,2.0,0.0,16,11,7,2,22,12,507,534,20,16,6,12,33,27,18,21,4,2,9,10,17,29,81,94
5.0,Sun,2022-09-04,20:45,Udinese,Roma,1.2,0.8,4–0,24108.0,Fabio Maresca,2022-2023,Roberto Pereyra,Lorenzo Pellegrini,(3-5-2),(3-4-3),43%,57%,333 of 413 — 81%,85% — 475 of 556,5 of 11 — 45%,17% — 2 of 12,2 of 2 — 100%,20% — 1 of 5,3.0,0.0,2.0,0.0,16,13,3,7,11,16,510,644,18,8,7,7,8,5,15,9,0,2,9,7,10,21,56,62
5.0,Mon,2022-09-05,18:30,Salernitana,Empoli,1.3,0.9,2–2,18173.0,Rosario Abisso,2022-2023,Federico Fazio,Sebastiano Luperto,(3-5-2),(4-3-1-2),51%,49%,369 of 470 — 79%,76% — 335 of 443,4 of 15 — 27%,45% — 5 of 11,3 of 5 — 60%,50% — 2 of 4,3.0,0.0,2.0,0.0,7,9,6,7,26,20,588,549,21,19,11,4,17,11,23,25,4,1,7,6,17,25,70,61
5.0,Mon,2022-09-05,18:30,Monza,Atalanta,0.6,1.9,0–2,11970.0,Juan Sacchi,2022-2023,Matteo Pessina,Rafael Tolói,(3-5-2),(4-2-3-1),59%,41%,482 of 597 — 81%,75% — 317 of 420,3 of 10 — 30%,46% — 6 of 13,5 of 6 — 83%,100% — 3 of 3,1.0,0.0,1.0,0.0,9,10,4,9,14,19,705,536,16,14,13,14,16,10,16,17,0,1,5,10,18,25,61,71
5.0,Mon,2022-09-05,20:45,Torino,Lecce,1.1,0.3,1–0,19087.0,Manuel Volpi,2022-2023,Ricardo Rodríguez,Morten Hjulmand,(3-4-1-2),(4-1-4-1),59%,41%,423 of 523 — 81%,69% — 255 of 370,4 of 13 — 31%,22% — 2 of 9,2 of 2 — 100%,75% — 3 of 4,2.0,0.0,1.0,0.0,16,8,4,4,14,15,637,485,14,27,13,13,22,20,19,13,2,2,4,10,22,21,69,77
6.0,Sat,2022-09-10,15:00,Napoli,Spezia,2.2,0.5,1–0,32839.0,Alberto Santoro,2022-2023,Giovanni Di Lorenzo,Emmanuel Gyasi,(4-3-3),(3-5-2),63%,37%,496 of 570 — 87%,75% — 247 of 330,6 of 28 — 21%,10% — 1 of 10,1 of 1 — 100%,83% — 5 of 6,1.0,0.0,2.0,0.0,6,14,10,5,21,10,680,440,13,15,10,5,10,10,14,21,5,1,3,14,20,13,42,64
6.0,Sat,2022-09-10,18:00,Inter,Torino,1.5,0.7,1–0,69134.0,Giovanni Ayroldi,2022-2023,Samir Handanović,Ricardo Rodríguez,(3-5-2),(3-4-3),57%,43%,440 of 540 — 81%,75% — 309 of 412,3 of 16 — 19%,78% — 7 of 9,7 of 7 — 100%,66% — 2 of 3,1.0,0.0,2.0,0.0,8,17,6,5,25,17,652,519,17,13,9,12,13,10,14,21,1,1,5,15,16,17,63,61
6.0,Sat,2022-09-10,20:45,Sampdoria,Milan,0.7,1.7,1–2,23049.0,Michael Fabbri,2022-2023,Bartosz Bereszyński,Davide Calabria,(4-1-4-1),(4-2-3-1),57%,43%,443 of 523 — 85%,79% — 310 of 394,4 of 10 — 40%,21% — 3 of 14,2 of 3 — 66%,75% — 3 of 4,5.0,0.0,3.5,0.0,12,10,2,4,15,10,620,486,14,19,3,12,11,8,11,14,0,2,7,4,18,12,53,62
6.0,Sun,2022-09-11,12:30,Atalanta,Cremonese,0.7,0.6,1–1,18252.0,Andrea Colombo,2022-2023,Rafael Tolói,Vlad Chiricheș,(3-4-3),(3-4-3),58%,42%,378 of 506 — 75%,64% — 236 of 366,6 of 14 — 43%,57% — 4 of 7,3 of 4 — 75%,83% — 5 of 6,3.0,0.0,5.0,0.0,9,17,3,3,14,7,632,487,13,25,15,20,27,16,9,20,2,0,5,7,24,20,74,76
6.0,Sun,2022-09-11,15:00,Bologna,Fiorentina,0.6,1.3,2–1,18901.0,Daniele Orsato,2022-2023,Roberto Soriano,Cristiano Biraghi,(3-5-2),(4-3-3),39%,61%,251 of 333 — 75%,82% — 422 of 513,4 of 12 — 33%,15% — 2 of 13,1 of 2 — 50%,50% — 2 of 4,1.0,0.0,5.5,0.0,8,13,6,8,15,36,445,606,20,14,5,9,9,8,24,12,3,0,7,6,17,27,71,71
6.0,Sun,2022-09-11,15:00,Sassuolo,Udinese,0.5,2.1,1–3,8694.0,Giacomo Camplone,2022-2023,Gian Marco Ferrari,Roberto Pereyra,(4-3-3),(3-5-2),33%,67%,199 of 295 — 67%,87% — 516 of 594,2 of 5 — 40%,24% — 4 of 17,1 of 4 — 25%,50% — 1 of 2,1.0,1.0,3.0,0.0,7,16,5,6,11,18,376,694,17,12,5,11,10,10,12,14,0,5,18,4,21,12,66,68
6.0,Sun,2022-09-11,15:00,Lecce,Monza,0.9,0.1,1–1,23391.0,Luca Pairetto,2022-2023,Morten Hjulmand,Matteo Pessina,(4-3-3),(3-5-2),53%,47%,329 of 427 — 77%,74% — 286 of 385,3 of 7 — 43%,50% — 1 of 2,0 of 1 — 0%,66% — 2 of 3,3.0,0.0,3.0,0.0,18,22,8,5,27,19,523,480,14,15,6,5,10,12,15,25,1,0,4,10,20,19,77,64
6.0,Sun,2022-09-11,18:00,Lazio,Hellas Verona,1.1,0.3,2–0,38000.0,Massimiliano Irrati,2022-2023,Ciro Immobile,Miguel Veloso,(4-3-3),(3-4-1-2),59%,41%,430 of 540 — 80%,68% — 250 of 370,6 of 15 — 40%,14% — 1 of 7,1 of 1 — 100%,66% — 4 of 6,2.0,0.0,5.0,0.0,5,23,3,5,12,21,643,460,10,15,8,6,15,6,16,14,3,3,12,8,19,19,72,73
6.0,Sun,2022-09-11,20:45,Juventus,Salernitana,1.9,1.6,2–2,35097.0,Matteo Marcenaro,2022-2023,Leonardo Bonucci,Federico Fazio,(4-3-3),(3-5-2),61%,39%,531 of 624 — 85%,75% — 303 of 405,6 of 22 — 27%,40% — 4 of 10,3 of 4 — 75%,66% — 4 of 6,6.5,1.0,4.0,1.0,13,15,8,2,26,9,736,511,9,14,14,10,11,14,8,19,6,2,5,16,11,18,72,69
6.0,Mon,2022-09-12,20:45,Empoli,Roma,1.1,3.0,1–2,4560.0,Livio Marinelli,2022-2023,Filippo Bandinelli,Lorenzo Pellegrini,(4-3-1-2),(3-4-3),52%,48%,363 of 464 — 78%,76% — 320 of 420,3 of 20 — 15%,50% — 6 of 12,4 of 6 — 66%,66% — 2 of 3,3.0,1.0,1.0,0.0,13,12,7,7,31,15,591,560,23,27,8,6,11,11,17,25,0,0,6,9,28,33,60,61
7.0,Fri,2022-09-16,20:45,Salernitana,Lecce,1.2,1.5,1–2,19488.0,Daniele Doveri,2022-2023,Pasquale Mazzocchi,Morten Hjulmand,(3-5-2),(4-3-3),58%,42%,457 of 553 — 83%,77% — 312 of 406,4 of 8 — 50%,31% — 4 of 13,2 of 4 — 50%,100% — 4 of 4,1.0,0.0,3.0,0.0,9,11,4,5,17,18,646,504,11,16,8,10,11,7,17,20,6,0,8,6,29,18,62,76
7.0,Sat,2022-09-17,15:00,Bologna,Empoli,1.6,1.6,0–1,15670.0,Manuel Volpi,2022-2023,Roberto Soriano,Filippo Bandinelli,(4-2-3-1),(4-3-1-2),61%,39%,360 of 466 — 77%,66% — 196 of 299,3 of 16 — 19%,42% — 5 of 12,4 of 5 — 80%,100% — 3 of 3,2.0,0.0,3.0,0.0,11,16,5,8,25,22,585,416,14,18,7,7,12,8,15,24,4,0,6,10,32,19,60,61
7.0,Sat,2022-09-17,18:00,Spezia,Sampdoria,0.7,0.9,2–1,10000.0,Simone Sozza,2022-2023,Emmanuel Gyasi,Bartosz Bereszyński,(3-5-2),(4-1-4-1),52%,48%,312 of 435 — 72%,70% — 287 of 409,3 of 6 — 50%,73% — 8 of 11,7 of 8 — 87%,66% — 2 of 3,4.0,0.0,5.0,0.0,17,14,3,6,22,15,563,532,32,15,6,14,25,18,26,12,4,1,4,6,30,33,81,78
7.0,Sat,2022-09-17,20:45,Torino,Sassuolo,0.7,0.4,0–1,14822.0,Niccolò Baroni,2022-2023,Alessandro Buongiorno,Gian Marco Ferrari,(3-4-1-2),(4-3-3),57%,43%,469 of 558 — 84%,76% — 319 of 421,3 of 12 — 25%,50% — 5 of 10,4 of 5 — 80%,100% — 3 of 3,4.0,0.0,1.0,0.0,13,7,4,3,12,13,672,516,15,15,10,8,20,8,15,15,3,0,4,9,16,23,60,77
7.0,Sun,2022-09-18,12:30,Udinese,Inter,1.6,1.1,3–1,22475.0,Paolo Valeri,2022-2023,Roberto Pereyra,Samir Handanović,(3-5-2),(3-5-2),44%,56%,274 of 375 — 73%,77% — 364 of 471,6 of 20 — 30%,25% — 4 of 16,3 of 4 — 75%,66% — 4 of 6,3.0,0.0,4.0,0.0,11,13,7,4,14,24,507,588,21,16,11,6,10,15,21,16,1,2,10,7,24,19,73,55
7.0,Sun,2022-09-18,15:00,Monza,Juventus,2.5,0.9,1–0,12878.0,Fabio Maresca,2022-2023,Matteo Pessina,Danilo,(3-4-3),(4-3-3),60%,40%,502 of 595 — 84%,76% — 302 of 398,4 of 17 — 24%,20% — 2 of 10,2 of 2 — 100%,75% — 3 of 4,2.0,0.0,1.0,1.0,16,17,5,3,20,18,696,488,11,8,13,10,13,16,15,16,6,0,8,13,19,20,56,74
7.0,Sun,2022-09-18,15:00,Cremonese,Lazio,1.3,3.1,0–4,12991.0,Daniele Orsato,2022-2023,Vlad Chiricheș,Ciro Immobile,(3-4-1-2),(4-3-3),45%,55%,330 of 426 — 77%,82% — 421 of 516,3 of 18 — 17%,38% — 5 of 13,2 of 5 — 40%,100% — 3 of 3,1.0,0.0,1.0,0.0,12,9,8,5,24,7,538,631,10,16,14,8,10,8,6,18,3,0,10,15,26,14,77,70
7.0,Sun,2022-09-18,15:00,Fiorentina,Hellas Verona,2.4,0.6,2–0,32216.0,Antonio Rapuano,2022-2023,Cristiano Biraghi,Darko Lazović,(4-2-3-1),(3-4-1-2),44%,56%,216 of 331 — 65%,69% — 293 of 427,8 of 14 — 57%,13% — 1 of 8,1 of 1 — 100%,75% — 6 of 8,4.0,0.0,4.0,0.0,18,17,7,3,18,18,460,536,19,18,8,6,19,20,23,19,2,4,12,5,18,25,90,82
7.0,Sun,2022-09-18,18:00,Roma,Atalanta,2.4,0.2,0–1,61335.0,Daniele Chiffi,2022-2023,Lorenzo Pellegrini,Rafael Tolói,(3-4-3),(3-4-3),56%,44%,439 of 535 — 82%,73% — 304 of 418,5 of 21 — 24%,25% — 1 of 4,0 of 1 — 0%,100% — 5 of 5,0.0,0.0,7.0,0.0,9,19,5,1,21,8,655,538,13,23,18,14,17,10,11,20,1,0,8,17,28,25,76,84
7.0,Sun,2022-09-18,20:45,Milan,Napoli,2.6,1.4,1–2,72573.0,Maurizio Mariani,2022-2023,Davide Calabria,Giovanni Di Lorenzo,(4-2-3-1),(4-3-3),51%,49%,385 of 481 — 80%,81% — 369 of 454,5 of 22 — 23%,38% — 3 of 8,2 of 3 — 66%,80% — 4 of 5,4.0,0.0,3.0,0.0,18,11,9,4,20,9,593,571,16,18,6,6,24,12,8,32,1,0,6,9,27,13,74,69
8.0,Sat,2022-10-01,15:00,Napoli,Torino,1.6,1.0,3–1,35953.0,Luca Massimi,2022-2023,Giovanni Di Lorenzo,Ricardo Rodríguez,(4-3-3),(3-4-3),49%,51%,396 of 486 — 81%,80% — 401 of 503,7 of 15 — 47%,19% — 3 of 16,2 of 3 — 66%,57% — 4 of 7,0.0,0.0,2.0,0.0,4,17,4,4,7,22,598,599,15,20,11,4,15,15,19,4,0,0,6,7,20,15,54,57
8.0,Sat,2022-10-01,18:00,Inter,Roma,1.0,1.0,1–2,75389.0,Davide Massa,2022-2023,Samir Handanović,Lorenzo Pellegrini,(3-5-2),(3-4-3),58%,42%,501 of 592 — 85%,84% — 360 of 431,2 of 15 — 13%,30% — 3 of 10,1 of 3 — 33%,50% — 1 of 2,4.0,0.0,3.0,0.0,15,14,5,1,20,7,663,526,11,13,6,11,12,7,7,24,1,0,6,9,21,18,63,49
8.0,Sat,2022-10-01,20:45,Empoli,Milan,1.1,2.3,1–3,15497.0,Gianluca Aureliano,2022-2023,Sebastiano Luperto,Davide Calabria,(4-3-1-2),(4-2-3-1),43%,57%,226 of 316 — 72%,76% — 323 of 427,4 of 16 — 25%,32% — 6 of 19,3 of 6 — 50%,75% — 3 of 4,3.0,0.0,2.0,0.0,15,10,3,7,13,21,449,547,17,19,12,6,6,9,26,14,2,3,9,6,16,24,61,91
8.0,Sun,2022-10-02,12:30,Lazio,Spezia,2.3,1.1,4–0,41000.0,Juan Sacchi,2022-2023,Ciro Immobile,Emmanuel Gyasi,(4-3-3),(3-5-2),61%,39%,543 of 620 — 88%,78% — 312 of 402,6 of 12 — 50%,7% — 1 of 14,1 of 1 — 100%,33% — 2 of 6,0.0,0.0,2.0,0.0,3,14,3,6,12,13,719,487,15,11,5,5,10,12,24,13,2,6,8,7,21,19,48,42
8.0,Sun,2022-10-02,15:00,Sampdoria,Monza,0.1,1.4,0–3,19806.0,Giovanni Ayroldi,2022-2023,Bartosz Bereszyński,Matteo Pessina,(4-1-4-1),(3-4-3),50%,50%,324 of 446 — 73%,76% — 338 of 443,1 of 3 — 33%,46% — 6 of 13,3 of 6 — 50%,100% — 1 of 1,2.0,0.0,2.0,0.0,16,24,2,4,17,16,536,559,13,21,6,11,11,19,16,19,3,5,7,6,23,21,65,92
8.0,Sun,2022-10-02,15:00,Lecce,Cremonese,1.0,1.6,1–1,23377.0,Livio Marinelli,2022-2023,Morten Hjulmand,Daniel Ciofani,(4-1-4-1),(4-2-3-1),54%,46%,332 of 452 — 73%,66% — 249 of 380,0 of 5 — 0%,25% — 3 of 12,3 of 3 — 100%,% — 0 of 0,3.0,0.0,1.0,0.0,11,15,1,8,13,25,563,481,12,25,4,10,13,8,17,22,0,3,19,6,32,26,71,76
8.0,Sun,2022-10-02,15:00,Sassuolo,Salernitana,3.2,0.5,5–0,15786.0,Maria Sole Ferrieri Caputi,2022-2023,Gian Marco Ferrari,Pasquale Mazzocchi,(4-3-3),(3-5-2),44%,56%,389 of 459 — 85%,83% — 486 of 589,10 of 16 — 63%,17% — 1 of 6,1 of 1 — 100%,60% — 6 of 10,1.0,0.0,1.0,0.0,10,8,1,2,7,22,568,675,11,15,9,5,7,9,26,13,1,3,11,7,19,21,66,58
8.0,Sun,2022-10-02,18:00,Atalanta,Fiorentina,1.3,0.7,1–0,18265.0,Massimiliano Irrati,2022-2023,Rafael Tolói,Cristiano Biraghi,(3-4-1-2),(4-3-3),39%,61%,278 of 374 — 74%,83% — 493 of 597,5 of 10 — 50%,31% — 5 of 16,5 of 5 — 100%,80% — 4 of 5,2.0,0.0,2.0,0.0,12,10,1,5,9,28,504,723,17,23,4,6,14,19,27,13,2,0,12,7,26,22,75,103
8.0,Sun,2022-10-02,20:45,Juventus,Bologna,1.8,0.4,3–0,34662.0,Rosario Abisso,2022-2023,Leonardo Bonucci,Roberto Soriano,(4-4-2),(4-2-3-1),48%,52%,405 of 495 — 82%,83% — 443 of 536,6 of 17 — 35%,11% — 1 of 9,1 of 1 — 100%,50% — 3 of 6,0.0,0.0,1.0,0.0,11,15,2,4,19,16,599,625,11,13,2,9,6,9,10,20,1,1,9,12,17,21,57,61
8.0,Mon,2022-10-03,20:45,Hellas Verona,Udinese,0.3,1.8,1–2,15352.0,Daniele Minelli,2022-2023,Miguel Veloso,Roberto Pereyra,(3-4-1-2),(3-5-2),32%,68%,175 of 276 — 63%,84% — 493 of 586,2 of 7 — 29%,38% — 8 of 21,6 of 8 — 75%,50% — 1 of 2,3.0,0.0,3.0,0.0,15,11,4,9,20,12,376,712,8,16,8,12,7,18,20,18,4,1,11,4,16,17,61,47
9.0,Sat,2022-10-08,15:00,Sassuolo,Inter,1.2,2.3,1–2,17574.0,Simone Sozza,2022-2023,Gian Marco Ferrari,Danilo D'Ambrosio,(4-3-3),(3-5-2),52%,48%,452 of 537 — 84%,84% — 412 of 489,3 of 15 — 20%,25% — 4 of 16,2 of 4 — 50%,66% — 2 of 3,3.0,0.0,2.0,0.0,14,17,6,5,18,20,611,584,4,17,6,5,13,11,12,22,0,1,9,12,19,15,78,70
9.0,Sat,2022-10-08,18:00,Milan,Juventus,2.2,0.8,2–0,75530.0,Daniele Orsato,2022-2023,Theo Hernández,Leonardo Bonucci,(4-3-2-1),(4-4-2),40%,60%,283 of 397 — 71%,83% — 489 of 586,3 of 21 — 14%,30% — 3 of 10,3 of 3 — 100%,33% — 1 of 3,2.0,0.0,3.0,0.0,7,7,9,3,19,11,503,697,16,15,8,11,15,15,9,16,1,0,6,13,27,22,73,69
9.0,Sat,2022-10-08,20:45,Bologna,Sampdoria,0.8,0.6,1–1,20871.0,Marco Piccinini,2022-2023,Gary Medel,Bartosz Bereszyński,(4-2-3-1),(4-1-4-1),51%,49%,332 of 444 — 75%,69% — 299 of 432,3 of 10 — 30%,33% — 3 of 9,2 of 3 — 66%,66% — 2 of 3,2.0,0.0,3.0,0.0,17,21,2,5,19,19,571,538,18,22,11,4,12,20,21,17,5,1,6,6,28,29,62,72
9.0,Sun,2022-10-09,12:30,Torino,Empoli,2.4,0.2,1–1,16793.0,Francesco Fourneau,2022-2023,Ricardo Rodríguez,Filippo Bandinelli,(3-4-3),(4-3-1-2),66%,34%,497 of 584 — 85%,72% — 212 of 296,7 of 20 — 35%,33% — 2 of 6,1 of 2 — 50%,85% — 6 of 7,2.0,0.0,4.0,0.0,15,9,6,1,37,5,662,388,7,6,7,2,18,11,6,27,3,1,6,15,30,17,87,61
9.0,Sun,2022-10-09,15:00,Udinese,Atalanta,1.0,2.1,2–2,24671.0,Daniele Doveri,2022-2023,Roberto Pereyra,Marten de Roon,(3-5-2),(3-4-1-2),59%,41%,454 of 550 — 83%,76% — 292 of 384,2 of 10 — 20%,50% — 4 of 8,3 of 4 — 75%,0% — 0 of 2,2.0,0.0,3.0,0.0,11,12,5,3,12,11,675,503,18,27,8,9,10,7,13,17,0,1,8,11,30,19,54,59
9.0,Sun,2022-10-09,15:00,Salernitana,Hellas Verona,1.1,0.9,2–1,15922.0,Davide Ghersini,2022-2023,Ivan Radovanović,Miguel Veloso,(3-5-2),(3-4-3),40%,60%,246 of 348 — 71%,77% — 395 of 512,4 of 14 — 29%,17% — 2 of 12,1 of 2 — 50%,50% — 2 of 4,2.0,1.0,3.0,1.0,9,15,1,6,8,27,478,599,25,13,5,5,18,17,29,7,1,3,8,8,15,20,74,66
9.0,Sun,2022-10-09,15:00,Monza,Spezia,0.7,0.5,2–0,12094.0,Daniele Perenzoni,2022-2023,Matteo Pessina,Emmanuel Gyasi,(3-4-3),(3-5-2),47%,53%,339 of 446 — 76%,79% — 389 of 493,4 of 7 — 57%,10% — 1 of 10,1 of 1 — 100%,50% — 2 of 4,3.0,0.0,2.0,0.0,10,20,3,6,9,17,548,580,19,16,11,13,15,15,16,8,3,4,9,4,21,27,70,73
9.0,Sun,2022-10-09,18:00,Cremonese,Napoli,0.8,4.1,1–4,14238.0,Rosario Abisso,2022-2023,Matteo Bianchetti,Giovanni Di Lorenzo,(4-2-3-1),(4-3-3),31%,69%,199 of 290 — 69%,88% — 578 of 654,1 of 12 — 8%,45% — 9 of 20,6 of 9 — 66%,0% — 0 of 1,2.0,0.0,0.0,0.0,18,6,5,2,13,11,386,757,21,17,5,2,13,18,14,18,4,1,13,7,15,15,71,48
9.0,Sun,2022-10-09,20:45,Roma,Lecce,3.2,0.3,2–1,64018.0,Alessandro Prontera,2022-2023,Lorenzo Pellegrini,Morten Hjulmand,(3-4-3),(4-3-3),66%,34%,508 of 592 — 86%,71% — 219 of 310,5 of 19 — 26%,50% — 3 of 6,2 of 3 — 66%,80% — 4 of 5,2.0,0.0,1.0,1.0,12,11,13,4,31,7,713,415,16,18,8,8,14,8,11,22,1,1,2,9,18,23,71,56
9.0,Mon,2022-10-10,20:45,Fiorentina,Lazio,2.2,1.6,0–4,30574.0,Fabio Maresca,2022-2023,Cristiano Biraghi,Ciro Immobile,(4-3-3),(4-3-3),62%,38%,480 of 578 — 83%,75% — 269 of 359,3 of 25 — 12%,60% — 6 of 10,2 of 6 — 33%,100% — 3 of 3,4.0,0.0,1.0,0.0,17,9,9,2,35,6,687,484,18,11,14,12,18,7,7,30,4,2,3,16,20,17,77,61
10.0,Sat,2022-10-15,15:00,Empoli,Monza,1.8,1.3,1–0,7258.0,Antonio Rapuano,2022-2023,Filippo Bandinelli,Matteo Pessina,(4-3-1-2),(3-4-3),36%,64%,259 of 348 — 74%,83% — 506 of 612,5 of 11 — 45%,25% — 4 of 16,4 of 4 — 100%,80% — 4 of 5,5.0,0.0,3.0,1.0,17,14,2,9,12,37,469,714,26,27,13,12,9,12,26,2,1,1,12,8,21,25,53,103
10.0,Sat,2022-10-15,18:00,Torino,Juventus,0.6,2.1,0–1,22269.0,Maurizio Mariani,2022-2023,Ricardo Rodríguez,Juan Cuadrado,(3-4-3),(3-5-2),53%,47%,425 of 518 — 82%,78% — 360 of 459,2 of 15 — 13%,57% — 8 of 14,7 of 8 — 87%,100% — 2 of 2,2.0,0.0,0.0,0.0,11,8,3,6,14,18,636,585,13,22,8,10,6,16,15,14,0,0,4,15,19,15,56,85
10.0,Sat,2022-10-15,20:45,Atalanta,Sassuolo,2.5,0.8,2–1,17772.0,Matteo Marcenaro,2022-2023,Marten de Roon,Gian Marco Ferrari,(3-4-1-2),(4-3-3),48%,52%,430 of 533 — 81%,81% — 459 of 570,4 of 16 — 25%,27% — 3 of 11,2 of 3 — 66%,50% — 2 of 4,1.0,0.0,4.0,0.0,10,8,3,3,15,18,640,674,15,16,13,10,16,5,9,12,3,2,8,12,25,20,59,94
10.0,Sun,2022-10-16,12:30,Inter,Salernitana,1.7,0.4,2–0,75452.0,Juan Sacchi,2022-2023,Milan Škriniar,Pasquale Mazzocchi,(3-5-2),(5-3-2),61%,39%,491 of 572 — 86%,78% — 289 of 372,6 of 16 — 38%,38% — 3 of 8,3 of 3 — 100%,66% — 4 of 6,0.0,0.0,1.0,0.0,12,14,6,4,23,12,667,457,9,11,8,7,12,4,13,21,0,4,8,14,11,21,83,51
10.0,Sun,2022-10-16,15:00,Spezia,Cremonese,1.5,2.1,2–2,8400.0,Gianluca Manganiello,2022-2023,Emmanuel Gyasi,Matteo Bianchetti,(4-3-3),(4-2-3-1),54%,46%,321 of 466 — 69%,66% — 262 of 395,6 of 15 — 40%,17% — 4 of 24,2 of 4 — 50%,66% — 4 of 6,2.0,0.0,0.0,0.0,12,11,6,8,20,23,613,560,13,29,15,15,15,23,29,27,3,2,11,4,29,18,73,69
10.0,Sun,2022-10-16,15:00,Lazio,Udinese,0.8,0.9,0–0,45000.0,Andrea Colombo,2022-2023,Ciro Immobile,Roberto Pereyra,(4-3-3),(3-5-2),54%,46%,416 of 522 — 80%,80% — 350 of 438,3 of 8 — 38%,17% — 2 of 12,2 of 2 — 100%,100% — 3 of 3,1.0,0.0,4.0,0.0,8,11,7,3,16,11,617,558,18,19,9,10,9,10,11,21,0,1,7,6,31,29,63,71
10.0,Sun,2022-10-16,18:00,Napoli,Bologna,2.6,1.3,3–2,50000.0,Francesco Cosso,2022-2023,Giovanni Di Lorenzo,Gary Medel,(4-3-3),(4-3-3),49%,51%,444 of 535 — 83%,83% — 470 of 563,11 of 31 — 35%,19% — 3 of 16,1 of 3 — 33%,72% — 8 of 11,0.0,0.0,4.0,0.0,6,10,6,4,18,14,663,705,15,29,4,10,16,6,8,17,2,1,9,12,27,18,58,78
10.0,Sun,2022-10-16,20:45,Hellas Verona,Milan,2.1,1.9,1–2,22904.0,Davide Massa,2022-2023,Miguel Veloso,Theo Hernández,(3-4-3),(4-2-3-1),46%,54%,257 of 377 — 68%,75% — 325 of 434,4 of 19 — 21%,38% — 6 of 16,5 of 6 — 83%,75% — 3 of 4,3.0,0.0,2.0,0.0,7,9,9,3,22,11,498,575,9,20,12,11,24,24,19,25,0,1,7,9,22,21,62,68
10.0,Mon,2022-10-17,18:30,Sampdoria,Roma,0.2,1.8,0–1,20803.0,Marco Di Bello,2022-2023,Bartosz Bereszyński,Lorenzo Pellegrini,(4-4-2),(3-4-1-2),59%,41%,372 of 491 — 76%,70% — 243 of 345,1 of 8 — 13%,50% — 3 of 6,3 of 3 — 100%,100% — 1 of 1,4.0,0.0,3.0,0.0,20,20,4,3,19,14,583,477,16,12,11,15,11,13,12,33,0,3,8,8,20,20,62,77
10.0,Mon,2022-10-17,20:45,Lecce,Fiorentina,1.1,0.5,1–1,24925.0,Luca Massimi,2022-2023,Gabriel Strefezza,Cristiano Biraghi,(4-3-3),(4-4-1-1),41%,59%,230 of 342 — 67%,74% — 367 of 495,2 of 6 — 33%,50% — 5 of 10,4 of 5 — 80%,50% — 1 of 2,6.5,0.0,4.0,0.0,15,16,2,8,16,20,467,602,21,17,7,7,11,24,25,10,3,2,10,9,18,25,89,84
11.0,Fri,2022-10-21,20:45,Juventus,Empoli,3.5,0.7,4–0,37771.0,Michael Fabbri,2022-2023,Leonardo Bonucci,Filippo Bandinelli,(3-5-2),(4-3-1-2),42%,58%,349 of 424 — 82%,86% — 498 of 577,7 of 21 — 33%,33% — 4 of 12,4 of 4 — 100%,42% — 3 of 7,2.0,0.0,2.0,0.0,13,11,6,4,25,16,538,676,13,15,11,9,11,8,19,18,2,1,8,8,15,22,76,43
11.0,Sat,2022-10-22,15:00,Salernitana,Spezia,1.6,0.9,1–0,17260.0,Daniele Chiffi,2022-2023,Federico Fazio,Emmanuel Gyasi,(3-5-2),(3-5-2),44%,56%,274 of 363 — 75%,78% — 355 of 458,4 of 17 — 24%,14% — 2 of 14,2 of 2 — 100%,75% — 3 of 4,2.0,0.0,4.0,0.0,9,8,4,7,17,20,486,564,25,17,10,7,17,9,19,12,1,2,11,12,22,22,60,70
11.0,Sat,2022-10-22,18:00,Milan,Monza,1.1,1.2,4–1,72938.0,Livio Marinelli,2022-2023,Theo Hernández,Matteo Pessina,(4-2-3-1),(3-4-3),49%,51%,411 of 496 — 83%,84% — 433 of 515,7 of 12 — 58%,38% — 6 of 16,5 of 6 — 83%,42% — 3 of 7,1.0,0.0,1.0,0.0,18,9,2,2,9,9,593,618,17,20,6,5,9,10,7,10,0,0,6,8,20,26,89,53
11.0,Sat,2022-10-22,20:45,Fiorentina,Inter,1.3,2.4,3–4,36699.0,Paolo Valeri,2022-2023,Cristiano Biraghi,Milan Škriniar,(4-3-3),(3-5-2),58%,42%,430 of 533 — 81%,72% — 275 of 383,3 of 9 — 33%,86% — 6 of 7,3 of 6 — 50%,33% — 1 of 3,4.0,0.0,3.0,0.0,15,14,1,2,16,11,641,494,10,16,7,13,13,16,13,21,0,4,4,8,26,18,70,77
11.0,Sun,2022-10-23,12:30,Udinese,Torino,2.0,1.5,1–2,20711.0,Matteo Marchetti,2022-2023,Roberto Pereyra,Alessandro Buongiorno,(3-5-2),(3-4-3),56%,44%,373 of 472 — 79%,76% — 286 of 378,4 of 15 — 27%,46% — 6 of 13,4 of 6 — 66%,75% — 3 of 4,2.0,0.0,4.0,0.0,12,16,7,4,22,10,576,496,19,19,5,9,23,11,14,25,1,0,8,10,30,8,63,69
11.0,Sun,2022-10-23,15:00,Bologna,Lecce,1.8,0.4,2–0,24206.0,Simone Sozza,2022-2023,Gary Medel,Morten Hjulmand,(4-2-3-1),(4-2-3-1),54%,46%,346 of 464 — 75%,73% — 294 of 402,4 of 8 — 50%,50% — 4 of 8,4 of 4 — 100%,75% — 3 of 4,5.0,0.0,2.0,0.0,12,14,9,4,23,12,562,514,14,11,11,10,9,14,15,21,1,1,8,6,25,27,72,54
11.0,Sun,2022-10-23,18:00,Atalanta,Lazio,0.8,0.9,0–2,18988.0,Rosario Abisso,2022-2023,Marten de Roon,Sergej Milinković-Savić,(3-4-1-2),(4-3-3),47%,53%,435 of 537 — 81%,85% — 515 of 604,0 of 7 — 0%,42% — 5 of 12,3 of 5 — 60%,% — 0 of 0,5.5,0.0,2.0,0.0,15,9,5,8,24,12,625,723,15,20,7,12,5,4,11,18,1,0,5,11,23,23,59,63
11.0,Sun,2022-10-23,20:45,Roma,Napoli,0.3,0.9,0–1,61633.0,Massimiliano Irrati,2022-2023,Lorenzo Pellegrini,Giovanni Di Lorenzo,(3-5-2),(4-3-3),40%,60%,289 of 390 — 74%,84% — 485 of 576,0 of 6 — 0%,42% — 5 of 12,4 of 5 — 80%,% — 0 of 0,3.0,0.0,4.0,0.0,14,12,3,4,10,15,492,681,25,18,8,7,13,12,23,12,3,0,4,6,16,30,81,50
11.0,Mon,2022-10-24,18:30,Cremonese,Sampdoria,2.0,1.3,0–1,13021.0,Fabio Maresca,2022-2023,Matteo Bianchetti,Bartosz Bereszyński,(3-5-2),(4-2-3-1),52%,48%,321 of 446 — 72%,72% — 294 of 407,3 of 20 — 15%,50% — 4 of 8,3 of 4 — 75%,100% — 3 of 3,3.0,0.0,4.0,0.0,16,15,5,1,25,12,558,523,15,17,10,13,20,20,15,21,4,2,9,13,29,22,75,80
11.0,Mon,2022-10-24,20:45,Sassuolo,Hellas Verona,1.5,1.4,2–1,11368.0,Alberto Santoro,2022-2023,Andrea Consigli,Miguel Veloso,(4-3-3),(3-4-1-2),51%,49%,339 of 442 — 77%,76% — 327 of 432,3 of 14 — 21%,38% — 5 of 13,4 of 5 — 80%,33% — 1 of 3,1.0,0.0,3.0,0.0,7,19,4,5,9,25,552,534,16,15,10,9,10,20,17,7,2,4,12,6,13,22,75,79
12.0,Sat,2022-10-29,15:00,Napoli,Sassuolo,2.1,1.0,4–0,45000.0,Antonio Rapuano,2022-2023,Giovanni Di Lorenzo,Gian Marco Ferrari,(4-3-3),(4-3-3),67%,33%,643 of 715 — 90%,79% — 283 of 358,6 of 18 — 33%,60% — 6 of 10,6 of 6 — 100%,33% — 2 of 6,0.0,0.0,4.5,0.0,5,6,11,5,21,15,821,461,18,13,7,8,5,7,19,18,3,0,6,14,20,19,53,50
12.0,Sat,2022-10-29,18:00,Lecce,Juventus,0.2,0.6,0–1,25860.0,Daniele Chiffi,2022-2023,Morten Hjulmand,Juan Cuadrado,(4-2-3-1),(4-4-1-1),36%,64%,229 of 345 — 66%,81% — 486 of 601,0 of 5 — 0%,38% — 5 of 13,4 of 5 — 80%,% — 0 of 0,3.0,0.0,5.0,0.0,16,13,7,7,17,25,456,710,18,13,6,6,21,17,34,27,2,0,7,7,19,25,65,83
12.0,Sat,2022-10-29,20:45,Inter,Sampdoria,2.0,0.5,3–0,73311.0,Luca Massimi,2022-2023,Milan Škriniar,Bartosz Bereszyński,(3-5-2),(4-4-1-1),51%,49%,426 of 528 — 81%,78% — 393 of 501,8 of 17 — 47%,22% — 2 of 9,2 of 2 — 100%,62% — 5 of 8,1.0,0.0,6.0,0.0,4,13,3,3,16,26,641,599,14,16,10,13,18,7,24,11,1,0,10,11,13,19,65,82
12.0,Sun,2022-10-30,12:30,Empoli,Atalanta,0.8,3.0,0–2,8740.0,Giovanni Ayroldi,2022-2023,Filippo Bandinelli,Rafael Tolói,(4-3-3),(3-5-2),53%,47%,392 of 495 — 79%,82% — 364 of 445,3 of 13 — 23%,26% — 5 of 19,3 of 5 — 60%,100% — 3 of 3,2.0,0.0,1.0,0.0,10,13,7,2,21,10,600,568,18,19,6,15,4,17,11,19,4,2,7,6,31,17,51,65
12.0,Sun,2022-10-30,15:00,Spezia,Fiorentina,1.2,2.1,1–2,10500.0,Davide Massa,2022-2023,Emmanuel Gyasi,Cristiano Biraghi,(3-5-2),(4-3-3),50%,50%,247 of 363 — 68%,70% — 254 of 365,6 of 10 — 60%,19% — 5 of 27,3 of 5 — 60%,83% — 5 of 6,5.0,1.0,3.0,0.0,19,14,5,5,17,14,474,499,9,18,3,12,22,31,21,19,2,1,11,5,25,20,74,83
12.0,Sun,2022-10-30,15:00,Cremonese,Udinese,0.7,1.0,0–0,12810.0,Massimiliano Irrati,2022-2023,Matteo Bianchetti,Roberto Pereyra,(3-4-1-2),(3-5-2),42%,58%,295 of 406 — 73%,81% — 461 of 570,2 of 13 — 15%,23% — 3 of 13,3 of 3 — 100%,100% — 2 of 2,1.0,0.0,0.0,0.0,8,9,7,4,29,13,541,692,29,15,11,6,11,12,18,19,2,3,8,9,27,18,62,65
12.0,Sun,2022-10-30,18:00,Lazio,Salernitana,1.9,1.5,1–3,40000.0,Gianluca Manganiello,2022-2023,Danilo Cataldi,Federico Fazio,(4-4-2),(3-5-2),61%,39%,609 of 705 — 86%,79% — 360 of 453,4 of 13 — 31%,60% — 6 of 10,3 of 6 — 50%,75% — 3 of 4,3.0,0.0,3.0,0.0,10,7,4,5,21,12,793,559,16,16,6,5,5,11,13,22,3,4,6,5,18,12,63,71
12.0,Sun,2022-10-30,20:45,Torino,Milan,0.6,1.1,2–1,26133.0,Rosario Abisso,2022-2023,Alessandro Buongiorno,Theo Hernández,(3-4-3),(4-2-3-1),44%,56%,261 of 363 — 72%,78% — 365 of 468,4 of 7 — 57%,8% — 1 of 12,0 of 1 — 0%,50% — 2 of 4,5.0,0.0,2.0,0.0,11,16,6,1,13,10,471,580,10,27,6,2,12,20,8,12,3,0,13,7,21,24,73,83
12.0,Mon,2022-10-31,18:30,Hellas Verona,Roma,0.3,3.1,1–3,24000.0,Juan Sacchi,2022-2023,Miguel Veloso,Lorenzo Pellegrini,(3-4-3),(3-5-2),33%,67%,199 of 288 — 69%,84% — 499 of 591,3 of 7 — 43%,43% — 6 of 14,3 of 6 — 50%,66% — 2 of 3,3.0,1.0,1.0,0.0,9,9,2,4,9,15,376,696,14,22,8,8,9,8,14,16,0,0,5,5,19,19,50,57
12.0,Mon,2022-10-31,20:45,Monza,Bologna,1.2,1.3,1–2,11388.0,Luca Pairetto,2022-2023,Matteo Pessina,Gary Medel,(3-4-1-2),(3-4-3),56%,44%,477 of 566 — 84%,81% — 364 of 452,2 of 8 — 25%,50% — 5 of 10,3 of 5 — 60%,100% — 2 of 2,4.0,0.0,2.0,0.0,13,18,4,5,18,18,648,540,11,12,8,12,9,3,11,14,2,0,7,6,27,12,62,64
13.0,Fri,2022-11-04,20:45,Udinese,Lecce,1.7,0.7,1–1,21834.0,Francesco Fourneau,2022-2023,Roberto Pereyra,Morten Hjulmand,(3-5-2),(4-3-3),57%,43%,384 of 508 — 76%,67% — 257 of 384,5 of 16 — 31%,11% — 1 of 9,0 of 1 — 0%,80% — 4 of 5,2.0,0.0,3.0,0.0,12,18,3,2,14,14,657,531,16,28,7,14,17,16,21,21,2,0,8,5,30,30,76,91
13.0,Sat,2022-11-05,15:00,Salernitana,Cremonese,1.3,1.7,2–2,16780.0,Matteo Marchetti,2022-2023,Federico Fazio,Cristian Buonaiuto,(3-5-2),(3-4-1-2),51%,49%,371 of 465 — 80%,74% — 332 of 447,2 of 10 — 20%,36% — 4 of 11,2 of 4 — 50%,0% — 0 of 2,2.0,0.0,2.0,0.0,14,10,2,2,9,16,575,541,6,25,5,5,20,18,24,16,0,6,4,7,17,22,59,47
13.0,Sat,2022-11-05,15:00,Empoli,Sassuolo,1.2,0.6,1–0,7834.0,Ermanno Feliciani,2022-2023,Filippo Bandinelli,Gian Marco Ferrari,(4-3-1-2),(4-3-3),47%,53%,376 of 467 — 81%,82% — 432 of 525,1 of 17 — 6%,30% — 3 of 10,3 of 3 — 100%,0% — 0 of 1,2.0,0.0,0.0,0.0,11,11,3,6,14,26,593,648,33,17,3,2,9,7,22,12,4,0,12,11,24,30,72,93
13.0,Sat,2022-11-05,18:00,Atalanta,Napoli,2.0,1.3,1–2,19363.0,Maurizio Mariani,2022-2023,Rafael Tolói,Giovanni Di Lorenzo,(3-4-1-2),(4-3-3),47%,53%,399 of 511 — 78%,82% — 476 of 583,3 of 15 — 20%,71% — 5 of 7,3 of 5 — 60%,100% — 3 of 3,5.0,0.0,1.0,0.0,10,9,5,2,16,9,619,691,22,12,11,4,11,13,7,19,2,2,7,10,27,29,69,64
13.0,Sat,2022-11-05,20:45,Milan,Spezia,2.2,1.6,2–1,71099.0,Michael Fabbri,2022-2023,Theo Hernández,Mehdi Bourabia,(4-2-3-1),(3-5-2),58%,42%,356 of 471 — 76%,65% — 221 of 339,10 of 23 — 43%,38% — 5 of 13,4 of 5 — 80%,80% — 8 of 10,7.5,0.0,4.0,0.0,12,13,3,6,19,12,604,480,21,18,6,10,24,17,19,25,0,0,9,6,20,25,80,62
13.0,Sun,2022-11-06,12:30,Bologna,Torino,2.0,1.0,2–1,23168.0,Antonio Giua,2022-2023,Gary Medel,Alessandro Buongiorno,(3-4-3),(3-4-3),56%,44%,411 of 546 — 75%,73% — 313 of 431,5 of 9 — 56%,17% — 1 of 6,1 of 1 — 100%,60% — 3 of 5,3.0,0.0,3.0,0.0,14,17,3,1,12,8,623,527,14,13,7,11,10,13,9,15,1,5,4,11,26,21,73,85
13.0,Sun,2022-11-06,15:00,Sampdoria,Fiorentina,0.8,0.9,0–2,19226.0,Livio Marinelli,2022-2023,Bartosz Bereszyński,Cristiano Biraghi,(5-3-2),(4-3-3),49%,51%,365 of 479 — 76%,77% — 378 of 491,2 of 14 — 14%,60% — 3 of 5,1 of 3 — 33%,100% — 2 of 2,1.0,0.0,0.0,0.0,10,18,4,4,21,13,572,595,12,18,8,9,21,11,13,19,2,2,3,12,30,21,70,91
13.0,Sun,2022-11-06,15:00,Monza,Hellas Verona,1.3,0.4,2–0,11723.0,Francesco Cosso,2022-2023,Matteo Pessina,Miguel Veloso,(3-4-3),(3-4-3),74%,26%,575 of 680 — 85%,59% — 139 of 236,3 of 14 — 21%,29% — 2 of 7,2 of 2 — 100%,33% — 1 of 3,3.0,0.0,1.0,1.0,10,10,5,2,21,11,788,341,23,8,3,15,20,13,12,24,1,2,8,16,13,22,64,63
13.0,Sun,2022-11-06,18:00,Roma,Lazio,0.5,0.6,0–1,62847.0,Daniele Orsato,2022-2023,Lorenzo Pellegrini,Danilo Cataldi,(3-4-3),(4-3-3),59%,41%,498 of 615 — 81%,75% — 315 of 419,2 of 8 — 25%,60% — 3 of 5,2 of 3 — 66%,100% — 2 of 2,2.0,0.0,3.0,0.0,18,14,4,2,25,5,720,547,22,21,9,6,12,19,6,28,3,2,1,13,29,13,93,74
13.0,Sun,2022-11-06,20:45,Juventus,Inter,0.9,1.2,2–0,40093.0,Daniele Doveri,2022-2023,Danilo,Milan Škriniar,(3-5-1-1),(3-5-2),47%,53%,408 of 498 — 82%,83% — 472 of 572,3 of 8 — 38%,29% — 4 of 14,4 of 4 — 100%,33% — 1 of 3,1.0,0.0,3.0,0.0,16,13,2,8,8,31,604,660,12,10,10,10,8,15,24,6,1,1,10,4,8,16,76,62
14.0,Tue,2022-11-08,18:30,Napoli,Empoli,2.0,0.3,2–0,36000.0,Luca Pairetto,2022-2023,Giovanni Di Lorenzo,Filippo Bandinelli,(4-3-3),(4-3-1-2),74%,26%,644 of 749 — 86%,68% — 182 of 266,3 of 17 — 18%,17% — 1 of 6,1 of 1 — 100%,66% — 2 of 3,1.0,0.0,7.5,0.0,12,16,5,0,36,2,828,385,10,16,6,7,7,9,3,30,0,1,6,10,27,18,62,52
14.0,Tue,2022-11-08,18:30,Spezia,Udinese,2.0,0.6,1–1,6900.0,Marco Piccinini,2022-2023,Daniele Verde,Roberto Pereyra,(3-5-2),(3-5-2),49%,51%,342 of 469 — 73%,80% — 383 of 480,6 of 21 — 29%,20% — 2 of 10,1 of 2 — 50%,83% — 5 of 6,3.0,0.0,3.0,0.0,12,12,9,0,25,9,583,615,25,13,5,7,11,18,17,35,1,4,6,9,27,24,72,59
14.0,Tue,2022-11-08,20:45,Cremonese,Milan,0.3,1.0,0–0,14610.0,Antonio Rapuano,2022-2023,Daniel Ciofani,Ismaël Bennacer,(3-5-2),(3-4-1-2),29%,71%,167 of 272 — 61%,84% — 573 of 682,1 of 6 — 17%,31% — 5 of 16,5 of 5 — 100%,100% — 1 of 1,4.0,0.0,3.0,0.0,16,10,2,4,10,24,388,783,21,16,5,9,9,17,31,15,2,2,9,8,21,19,71,70
14.0,Wed,2022-11-09,18:30,Sassuolo,Roma,1.2,0.7,1–1,16665.0,Giovanni Ayroldi,2022-2023,Gian Marco Ferrari,Gianluca Mancini,(4-3-3),(3-4-3),46%,54%,363 of 443 — 82%,84% — 434 of 517,7 of 15 — 47%,36% — 4 of 11,3 of 4 — 75%,85% — 6 of 7,5.0,0.0,3.0,0.0,14,13,3,2,12,17,545,615,18,31,5,11,8,8,12,5,0,6,9,7,15,18,65,68
14.0,Wed,2022-11-09,18:30,Lecce,Atalanta,1.1,1.5,2–1,23797.0,Gianluca Aureliano,2022-2023,Morten Hjulmand,Marten de Roon,(4-3-3),(3-4-3),39%,61%,238 of 372 — 64%,75% — 436 of 579,3 of 15 — 20%,33% — 4 of 12,3 of 4 — 75%,33% — 1 of 3,1.0,0.0,2.0,0.0,11,12,4,3,17,17,520,713,23,21,12,13,17,26,26,15,1,2,4,12,27,36,80,58
14.0,Wed,2022-11-09,20:45,Fiorentina,Salernitana,2.8,0.5,2–1,27329.0,Federico La Penna,2022-2023,Cristiano Biraghi,Pasquale Mazzocchi,(4-2-3-1),(3-5-2),58%,42%,510 of 606 — 84%,75% — 328 of 438,7 of 18 — 39%,25% — 1 of 4,0 of 1 — 0%,71% — 5 of 7,0.0,0.0,1.0,0.0,10,11,4,3,13,13,705,539,15,17,5,10,17,11,8,16,4,3,3,13,24,19,66,87
14.0,Wed,2022-11-09,20:45,Inter,Bologna,2.6,0.7,6–1,69312.0,Andrea Colombo,2022-2023,Milan Škriniar,Gary Medel,(3-5-2),(4-2-3-1),57%,43%,491 of 576 — 85%,79% — 342 of 434,6 of 12 — 50%,40% — 4 of 10,3 of 4 — 75%,16% — 1 of 6,1.0,0.0,5.0,0.0,10,11,4,4,15,14,657,495,8,5,5,11,6,3,15,14,2,0,6,7,15,15,58,61
14.0,Wed,2022-11-09,20:45,Torino,Sampdoria,0.5,0.5,2–0,15593.0,Davide Massa,2022-2023,Ricardo Rodríguez,Bartosz Bereszyński,(3-4-3),(3-5-2),51%,49%,366 of 482 — 76%,73% — 337 of 461,5 of 8 — 63%,9% — 1 of 11,1 of 1 — 100%,60% — 3 of 5,1.0,0.0,3.0,0.0,14,21,4,3,11,23,589,568,15,17,12,12,22,15,22,14,4,4,9,2,24,24,70,83
14.0,Thu,2022-11-10,18:30,Hellas Verona,Juventus,1.2,1.1,0–1,21934.0,Marco Di Bello,2022-2023,Paweł Dawidowicz,Leonardo Bonucci,(3-4-3),(3-5-2),44%,56%,271 of 368 — 74%,79% — 375 of 477,2 of 15 — 13%,27% — 3 of 11,2 of 3 — 66%,100% — 2 of 2,3.0,0.0,2.0,1.0,14,13,5,4,26,19,475,589,16,17,7,10,24,18,15,24,1,0,5,11,17,20,63,77
14.0,Thu,2022-11-10,20:45,Lazio,Monza,1.5,0.5,1–0,36000.0,Alberto Santoro,2022-2023,Sergej Milinković-Savić,Matteo Pessina,(4-3-3),(3-4-3),47%,53%,468 of 528 — 89%,89% — 536 of 604,4 of 12 — 33%,0% — 0 of 8,0 of 0 — %,75% — 3 of 4,2.0,0.0,1.0,0.0,15,14,4,3,20,15,622,682,9,15,9,8,9,5,14,15,0,1,9,10,14,17,50,65
15.0,Fri,2022-11-11,20:45,Empoli,Cremonese,2.2,1.3,2–0,8077.0,Federico Dionisi,2022-2023,Filippo Bandinelli,Cristian Buonaiuto,(4-1-2-1-2),(3-5-2),49%,51%,372 of 473 — 79%,76% — 370 of 490,6 of 13 — 46%,25% — 5 of 20,5 of 5 — 100%,66% — 4 of 6,1.0,0.0,2.0,0.0,9,14,4,9,10,36,624,609,21,18,9,11,17,14,45,15,1,1,9,7,18,24,62,58
15.0,Sat,2022-11-12,15:00,Napoli,Udinese,1.5,0.7,3–2,51000.0,Giovanni Ayroldi,2022-2023,Giovanni Di Lorenzo,Roberto Pereyra,(4-3-3),(3-5-2),63%,37%,583 of 685 — 85%,79% — 317 of 403,5 of 15 — 33%,40% — 4 of 10,2 of 4 — 50%,40% — 2 of 5,2.0,0.0,3.0,0.0,12,13,5,3,15,14,792,536,22,14,8,8,12,10,17,21,0,1,3,6,24,17,49,51
15.0,Sat,2022-11-12,18:00,Sampdoria,Lecce,0.7,0.6,0–2,20211.0,Daniele Doveri,2022-2023,Bartosz Bereszyński,Morten Hjulmand,(3-4-1-2),(4-3-3),57%,43%,287 of 453 — 63%,58% — 199 of 346,2 of 11 — 18%,27% — 3 of 11,1 of 3 — 33%,100% — 2 of 2,2.0,0.0,3.0,0.0,14,19,9,0,27,10,558,471,12,15,8,14,47,27,8,30,6,5,9,6,22,21,85,83
15.0,Sat,2022-11-12,20:45,Bologna,Sassuolo,0.8,0.8,3–0,20811.0,Ivan Pezzuto,2022-2023,Roberto Soriano,Gian Marco Ferrari,(4-2-3-1),(4-3-3),51%,49%,441 of 534 — 83%,81% — 413 of 511,4 of 8 — 50%,33% — 3 of 9,3 of 3 — 100%,25% — 1 of 4,1.0,0.0,0.0,0.0,12,6,4,6,12,20,631,590,19,8,11,9,9,3,24,10,2,1,5,7,19,30,60,73
15.0,Sun,2022-11-13,12:30,Atalanta,Inter,1.8,2.2,2–3,19353.0,Daniele Chiffi,2022-2023,Hans Hateboer,Milan Škriniar,(4-2-3-1),(3-5-2),47%,53%,349 of 453 — 77%,80% — 408 of 512,6 of 17 — 35%,21% — 3 of 14,1 of 3 — 33%,83% — 5 of 6,0.0,0.0,3.0,0.0,10,11,5,4,18,26,555,633,15,18,8,4,18,13,19,18,1,0,10,11,27,17,72,81
15.0,Sun,2022-11-13,15:00,Hellas Verona,Spezia,2.1,0.8,1–2,18000.0,Fabio Maresca,2022-2023,Miguel Veloso,Emmanuel Gyasi,(3-4-3),(3-5-2),45%,55%,222 of 359 — 62%,65% — 292 of 446,5 of 18 — 28%,56% — 9 of 16,7 of 9 — 77%,80% — 4 of 5,2.0,0.0,4.0,0.0,13,21,2,10,20,25,499,561,7,10,13,6,39,29,26,20,4,0,5,14,24,24,77,86
15.0,Sun,2022-11-13,15:00,Roma,Torino,1.7,0.9,1–1,61168.0,Antonio Rapuano,2022-2023,Gianluca Mancini,Alessandro Buongiorno,(3-4-3),(3-4-3),48%,52%,366 of 490 — 75%,79% — 419 of 529,4 of 12 — 33%,20% — 2 of 10,1 of 2 — 50%,75% — 3 of 4,3.0,0.0,2.0,0.0,13,10,7,0,20,8,592,653,14,15,15,12,20,7,13,24,0,1,6,9,24,23,82,67
15.0,Sun,2022-11-13,15:00,Monza,Salernitana,2.4,0.2,3–0,12372.0,Antonio Giua,2022-2023,Matteo Pessina,Pasquale Mazzocchi,(3-4-3),(3-5-2),57%,43%,527 of 601 — 88%,82% — 374 of 455,6 of 18 — 33%,0% — 0 of 5,0 of 0 — %,66% — 4 of 6,0.0,0.0,3.5,0.0,9,11,6,1,15,16,697,552,12,13,11,6,7,11,17,16,4,1,8,6,15,19,60,60
15.0,Sun,2022-11-13,18:00,Milan,Fiorentina,1.5,0.5,2–1,73007.0,Simone Sozza,2022-2023,Theo Hernández,Cristiano Biraghi,(4-2-3-1),(4-2-3-1),50%,50%,350 of 460 — 76%,76% — 342 of 451,2 of 12 — 17%,36% — 4 of 11,3 of 4 — 75%,50% — 1 of 2,1.0,0.0,4.0,0.0,13,11,5,7,20,22,589,560,17,21,10,6,15,16,21,25,3,2,6,5,26,12,85,75
15.0,Sun,2022-11-13,20:45,Juventus,Lazio,1.6,0.4,3–0,38729.0,Davide Massa,2022-2023,Danilo,Sergej Milinković-Savić,(3-5-2),(4-3-3),41%,59%,412 of 503 — 82%,87% — 623 of 714,9 of 13 — 69%,30% — 3 of 10,3 of 3 — 100%,66% — 6 of 9,2.0,0.0,1.0,0.0,10,8,2,6,14,14,595,812,20,14,13,14,8,10,9,9,1,1,6,4,20,15,97,47
16.0,Wed,2023-01-04,12:30,Salernitana,Milan,0.7,2.7,1–2,29541.0,Francesco Fourneau,2022-2023,Federico Fazio,Davide Calabria,(3-5-2),(4-2-3-1),44%,56%,262 of 354 — 74%,78% — 350 of 446,1 of 8 — 13%,63% — 10 of 16,8 of 10 — 80%,0% — 0 of 1,4.0,0.0,1.0,0.0,21,13,6,2,17,12,471,564,22,21,8,10,8,15,18,12,1,4,5,6,17,20,57,61
16.0,Wed,2023-01-04,12:30,Sassuolo,Sampdoria,1.8,1.3,1–2,8000.0,Fabio Maresca,2022-2023,Gian Marco Ferrari,Emil Audero,(4-3-3),(3-4-1-2),67%,33%,493 of 604 — 82%,69% — 209 of 302,3 of 15 — 20%,44% — 4 of 9,2 of 4 — 50%,100% — 3 of 3,2.0,0.0,3.0,0.0,16,19,9,1,25,10,708,435,18,19,4,14,15,22,11,25,1,6,7,13,23,19,63,62
16.0,Wed,2023-01-04,14:30,Torino,Hellas Verona,0.4,0.9,1–1,15000.0,Federico Dionisi,2022-2023,Ricardo Rodríguez,Darko Lazović,(3-4-3),(3-4-3),67%,33%,495 of 637 — 78%,62% — 196 of 316,3 of 9 — 33%,20% — 2 of 10,1 of 2 — 50%,66% — 2 of 3,1.0,0.0,1.0,0.0,7,17,6,3,20,13,719,439,11,12,4,6,19,25,12,35,2,0,5,11,27,13,94,80
16.0,Wed,2023-01-04,14:30,Spezia,Atalanta,1.5,2.1,2–2,7417.0,Antonio Giua,2022-2023,Emmanuel Gyasi,Rafael Tolói,(3-5-2),(3-4-1-2),36%,64%,233 of 355 — 66%,79% — 511 of 644,3 of 7 — 43%,16% — 3 of 19,1 of 3 — 33%,33% — 1 of 3,3.0,0.0,3.0,0.0,11,11,3,8,11,36,497,775,28,23,12,14,12,19,32,16,1,1,15,6,24,25,76,95
16.0,Wed,2023-01-04,16:30,Roma,Bologna,1.5,0.7,1–0,62092.0,Alberto Santoro,2022-2023,Lorenzo Pellegrini,Roberto Soriano,(3-4-1-2),(4-2-3-1),39%,61%,318 of 411 — 77%,83% — 535 of 644,3 of 13 — 23%,9% — 1 of 11,1 of 1 — 100%,100% — 3 of 3,2.0,0.0,3.0,0.0,10,10,3,3,7,14,515,740,13,20,10,3,14,8,19,8,1,1,10,5,21,23,54,75
16.0,Wed,2023-01-04,16:30,Lecce,Lazio,1.3,0.7,2–1,26084.0,Livio Marinelli,2022-2023,Morten Hjulmand,Ciro Immobile,(4-3-3),(4-3-3),41%,59%,297 of 431 — 69%,79% — 495 of 624,4 of 11 — 36%,25% — 2 of 8,1 of 2 — 50%,50% — 2 of 4,3.0,0.0,2.0,0.0,16,13,4,3,20,11,553,752,19,16,15,12,7,19,19,30,3,2,8,5,30,30,74,49
16.0,Wed,2023-01-04,18:30,Fiorentina,Monza,1.6,1.7,1–1,31190.0,Ermanno Feliciani,2022-2023,Cristiano Biraghi,Matteo Pessina,(4-2-3-1),(3-4-3),52%,48%,372 of 467 — 80%,77% — 325 of 424,6 of 22 — 27%,30% — 3 of 10,2 of 3 — 66%,83% — 5 of 6,1.0,0.0,3.0,0.0,11,13,9,1,28,10,564,531,15,15,10,7,10,8,6,25,1,4,8,13,19,19,69,66
16.0,Wed,2023-01-04,18:30,Cremonese,Juventus,0.9,1.6,0–1,14896.0,Giovanni Ayroldi,2022-2023,Matteo Bianchetti,Danilo,(3-4-1-2),(3-5-1-1),45%,55%,269 of 388 — 69%,79% — 377 of 479,3 of 13 — 23%,42% — 8 of 19,7 of 8 — 87%,100% — 3 of 3,5.0,0.0,3.0,0.0,12,12,3,8,17,19,500,623,17,25,10,3,18,14,16,32,2,2,13,8,35,30,54,82
16.0,Wed,2023-01-04,20:45,Inter,Napoli,1.4,0.9,1–0,75470.0,Simone Sozza,2022-2023,Milan Škriniar,Giovanni Di Lorenzo,(3-5-2),(4-3-3),36%,64%,291 of 381 — 76%,85% — 564 of 663,1 of 6 — 17%,22% — 2 of 9,2 of 2 — 100%,0% — 0 of 1,3.0,0.0,2.0,0.0,12,7,5,4,15,17,494,762,21,9,13,11,13,10,18,14,4,2,7,6,20,34,61,80
16.0,Wed,2023-01-04,20:45,Udinese,Empoli,1.9,0.4,1–1,19237.0,Marco Serra,2022-2023,Roberto Pereyra,Sebastiano Luperto,(3-5-2),(4-3-1-2),60%,40%,470 of 558 — 84%,77% — 288 of 372,3 of 21 — 14%,17% — 1 of 6,0 of 1 — 0%,66% — 2 of 3,2.0,0.0,4.5,0.0,15,14,8,1,38,4,670,490,25,22,5,3,11,3,11,27,0,2,6,13,19,16,59,53
17.0,Sat,2023-01-07,15:00,Fiorentina,Sassuolo,2.2,1.6,2–1,29695.0,Gianluca Manganiello,2022-2023,Cristiano Biraghi,Gian Marco Ferrari,(4-2-3-1),(4-3-3),53%,47%,343 of 456 — 75%,74% — 297 of 402,3 of 14 — 21%,20% — 3 of 15,3 of 3 — 100%,66% — 2 of 3,4.0,0.0,3.0,0.0,14,9,6,3,18,7,538,504,13,23,5,7,17,9,6,18,1,1,10,15,23,18,82,72
17.0,Sat,2023-01-07,18:00,Juventus,Udinese,2.4,0.5,1–0,39536.0,Matteo Marchetti,2022-2023,Danilo,Roberto Pereyra,(3-5-1-1),(3-5-2),51%,49%,419 of 511 — 82%,83% — 410 of 495,4 of 14 — 29%,27% — 3 of 11,3 of 3 — 100%,75% — 3 of 4,1.0,0.0,2.0,0.0,16,13,6,4,22,21,609,608,19,14,4,6,15,6,17,27,3,0,11,10,20,17,53,72
17.0,Sat,2023-01-07,20:45,Monza,Inter,1.5,1.7,2–2,13622.0,Juan Sacchi,2022-2023,Matteo Pessina,Milan Škriniar,(3-4-3),(3-5-2),54%,46%,455 of 557 — 82%,80% — 373 of 467,4 of 13 — 31%,27% — 3 of 11,1 of 3 — 33%,75% — 3 of 4,0.0,0.0,3.0,0.0,14,20,3,5,19,19,650,577,17,11,6,8,11,6,11,16,0,3,7,6,22,17,76,66
17.0,Sun,2023-01-08,12:30,Salernitana,Torino,0.8,2.2,1–1,16300.0,Andrea Colombo,2022-2023,Federico Fazio,Alessandro Buongiorno,(3-1-4-2),(3-4-3),38%,62%,234 of 349 — 67%,79% — 446 of 565,4 of 11 — 36%,35% — 8 of 23,7 of 8 — 87%,75% — 3 of 4,2.0,0.0,3.0,0.0,10,15,6,7,17,26,460,663,11,7,8,3,8,22,24,14,1,1,14,7,13,25,80,75
17.0,Sun,2023-01-08,15:00,Spezia,Lecce,0.9,1.1,0–0,7300.0,Daniele Chiffi,2022-2023,Emmanuel Gyasi,Gabriel Strefezza,(3-5-2),(4-3-3),57%,43%,349 of 499 — 70%,63% — 232 of 370,2 of 10 — 20%,27% — 4 of 15,4 of 4 — 100%,100% — 2 of 2,0.0,0.0,1.0,0.0,14,15,5,7,20,23,621,512,10,18,8,9,15,13,21,30,1,1,8,13,44,32,84,97
17.0,Sun,2023-01-08,15:00,Lazio,Empoli,0.9,0.6,2–2,31000.0,Ivan Pezzuto,2022-2023,Ciro Immobile,Sebastiano Luperto,(4-3-3),(4-3-2-1),54%,46%,543 of 629 — 86%,87% — 467 of 536,4 of 18 — 22%,40% — 2 of 5,0 of 2 — 0%,50% — 2 of 4,4.0,0.0,1.0,0.0,17,10,10,3,22,13,711,642,18,13,2,6,7,5,9,19,2,1,4,10,10,11,68,42
17.0,Sun,2023-01-08,18:00,Sampdoria,Napoli,0.6,3.2,0–2,24490.0,Rosario Abisso,2022-2023,Emil Audero,Giovanni Di Lorenzo,(3-4-1-2),(4-3-3),34%,66%,268 of 361 — 74%,90% — 627 of 699,2 of 9 — 22%,27% — 6 of 22,5 of 6 — 83%,100% — 2 of 2,3.0,1.0,2.0,0.0,15,12,2,5,12,15,462,807,22,12,7,4,12,11,24,11,0,4,14,7,16,11,62,55
17.0,Sun,2023-01-08,20:45,Milan,Roma,0.9,1.2,2–2,74103.0,Davide Massa,2022-2023,Davide Calabria,Lorenzo Pellegrini,(4-2-3-1),(3-4-3),60%,40%,459 of 542 — 85%,78% — 277 of 355,5 of 12 — 42%,25% — 3 of 12,1 of 3 — 33%,60% — 3 of 5,4.0,0.0,6.0,0.0,19,13,3,4,15,16,643,464,27,11,10,9,9,10,15,19,0,1,7,8,16,22,59,50
17.0,Mon,2023-01-09,18:30,Hellas Verona,Cremonese,1.5,0.8,2–0,3804.0,Maurizio Mariani,2022-2023,Darko Lazović,Matteo Bianchetti,(3-4-3),(4-2-3-1),47%,53%,310 of 435 — 71%,71% — 345 of 483,4 of 9 — 44%,36% — 5 of 14,5 of 5 — 100%,50% — 2 of 4,3.0,0.0,4.0,0.0,16,11,3,5,11,18,575,593,17,20,11,6,40,20,29,10,2,1,6,6,31,23,82,88
17.0,Mon,2023-01-09,20:45,Bologna,Atalanta,0.5,0.5,1–2,16953.0,Marco Di Bello,2022-2023,Roberto Soriano,Rafael Tolói,(4-2-3-1),(3-4-1-2),51%,49%,454 of 582 — 78%,79% — 443 of 564,3 of 12 — 25%,43% — 3 of 7,1 of 3 — 33%,66% — 2 of 3,3.0,0.0,2.0,0.0,16,15,4,0,17,18,695,678,20,17,11,18,9,15,14,20,1,1,8,9,28,23,67,65
18.0,Fri,2023-01-13,20:45,Napoli,Juventus,2.1,1.3,5–1,60000.0,Daniele Doveri,2022-2023,Giovanni Di Lorenzo,Danilo,(4-3-3),(3-5-2),60%,40%,527 of 603 — 87%,80% — 325 of 406,10 of 14 — 71%,18% — 2 of 11,1 of 2 — 50%,50% — 5 of 10,0.0,0.0,1.0,0.0,10,9,2,5,13,17,719,524,26,27,8,9,3,13,15,13,1,0,6,3,19,19,49,48
18.0,Sat,2023-01-14,15:00,Cremonese,Monza,0.7,2.2,2–3,11519.0,Davide Massa,2022-2023,Matteo Bianchetti,Matteo Pessina,(3-4-3),(3-4-3),50%,50%,326 of 471 — 69%,74% — 343 of 465,7 of 11 — 64%,29% — 2 of 7,0 of 2 — 0%,71% — 5 of 7,2.0,0.0,4.0,0.0,12,12,4,2,25,11,593,602,25,16,8,13,18,18,14,29,5,2,7,6,33,27,84,87
18.0,Sat,2023-01-14,18:00,Lecce,Milan,1.4,1.4,2–2,25942.0,Daniele Orsato,2022-2023,Morten Hjulmand,Davide Calabria,(4-3-3),(4-2-3-1),35%,65%,199 of 308 — 65%,78% — 444 of 566,3 of 17 — 18%,42% — 5 of 12,3 of 5 — 60%,66% — 2 of 3,1.0,0.0,2.0,0.0,11,12,8,4,18,14,449,692,23,22,16,7,14,24,20,16,0,3,11,8,16,41,73,81
18.0,Sat,2023-01-14,20:45,Inter,Hellas Verona,0.7,0.3,1–0,70734.0,Michael Fabbri,2022-2023,Milan Škriniar,Darko Lazović,(3-5-2),(3-4-3),57%,43%,453 of 554 — 82%,74% — 316 of 426,3 of 11 — 27%,17% — 1 of 6,1 of 1 — 100%,66% — 2 of 3,0.0,0.0,3.0,0.0,11,13,3,4,17,21,669,531,20,12,1,8,14,19,28,15,0,1,9,8,28,23,81,75
18.0,Sun,2023-01-15,12:30,Sassuolo,Lazio,0.7,2.7,0–2,10000.0,Luca Pairetto,2022-2023,Domenico Berardi,Ciro Immobile,(4-2-3-1),(4-1-4-1),50%,50%,479 of 582 — 82%,85% — 501 of 589,2 of 12 — 17%,18% — 2 of 11,1 of 2 — 50%,100% — 2 of 2,5.0,0.0,3.0,0.0,17,10,7,3,17,8,669,701,19,24,9,13,5,11,12,17,0,3,10,9,22,17,74,67
18.0,Sun,2023-01-15,15:00,Torino,Spezia,1.0,1.5,0–1,15113.0,Davide Ghersini,2022-2023,Alessandro Buongiorno,Emmanuel Gyasi,(3-4-3),(3-5-2),67%,33%,512 of 653 — 78%,66% — 212 of 320,4 of 11 — 36%,33% — 4 of 12,4 of 4 — 100%,100% — 4 of 4,3.0,0.0,3.0,0.0,13,12,7,2,27,11,746,459,9,22,4,8,18,24,11,27,3,1,9,8,26,16,83,79
18.0,Sun,2023-01-15,15:00,Udinese,Bologna,1.9,2.0,1–2,20486.0,Manuel Volpi,2022-2023,Roberto Pereyra,Adama Soumaoro,(3-5-2),(4-3-3),51%,49%,321 of 426 — 75%,74% — 300 of 408,4 of 20 — 20%,13% — 2 of 15,0 of 2 — 0%,75% — 3 of 4,1.0,0.0,3.0,0.0,10,17,6,4,21,14,545,529,13,25,7,4,6,5,17,26,3,3,14,10,21,19,75,56
18.0,Sun,2023-01-15,18:00,Atalanta,Salernitana,2.9,1.0,8–2,18499.0,Gianluca Aureliano,2022-2023,Rafael Tolói,Federico Fazio,(3-4-3),(3-4-1-2),57%,43%,487 of 565 — 86%,78% — 330 of 423,11 of 17 — 65%,29% — 2 of 7,0 of 2 — 0%,36% — 4 of 11,1.0,0.0,0.0,0.0,10,12,5,2,11,8,665,521,13,16,13,10,8,10,1,24,1,2,5,2,16,17,44,64
18.0,Sun,2023-01-15,20:45,Roma,Fiorentina,0.9,0.4,2–0,61327.0,Antonio Giua,2022-2023,Lorenzo Pellegrini,Cristiano Biraghi,(3-4-1-2),(4-2-3-1),52%,48%,419 of 488 — 86%,83% — 380 of 458,4 of 10 — 40%,29% — 2 of 7,2 of 2 — 100%,50% — 2 of 4,3.0,0.0,5.5,0.0,15,12,5,9,13,15,569,534,18,10,6,1,10,4,15,10,3,1,4,7,17,17,55,67
18.0,Mon,2023-01-16,20:45,Empoli,Sampdoria,1.4,0.9,1–0,10364.0,Alberto Santoro,2022-2023,Filippo Bandinelli,Emil Audero,(4-3-1-2),(3-4-1-2),50%,50%,376 of 464 — 81%,78% — 356 of 458,5 of 16 — 31%,44% — 7 of 16,7 of 7 — 100%,80% — 4 of 5,5.0,0.0,6.0,0.0,15,16,3,3,12,25,593,574,20,21,7,9,15,8,20,7,2,0,7,10,23,21,67,69
19.0,Sat,2023-01-21,15:00,Hellas Verona,Lecce,0.5,0.8,2–0,19955.0,Federico La Penna,2022-2023,Darko Lazović,Morten Hjulmand,(3-4-3),(4-3-3),42%,58%,233 of 364 — 64%,73% — 363 of 500,4 of 11 — 36%,33% — 3 of 9,3 of 3 — 100%,50% — 2 of 4,3.0,0.0,0.0,0.0,15,12,5,4,15,23,490,631,31,23,11,6,35,23,23,16,2,1,9,7,22,28,91,81
19.0,Sat,2023-01-21,18:00,Salernitana,Napoli,0.4,1.4,0–2,18555.0,Daniele Chiffi,2022-2023,Norbert Gyömbér,Giovanni Di Lorenzo,(4-5-1),(4-3-3),26%,74%,198 of 299 — 66%,87% — 729 of 834,2 of 5 — 40%,44% — 4 of 9,2 of 4 — 50%,100% — 2 of 2,2.0,0.0,2.0,0.0,14,15,3,4,9,23,376,927,10,11,8,6,11,14,23,7,4,3,14,2,16,11,62,46
19.0,Sat,2023-01-21,20:45,Fiorentina,Torino,1.2,0.6,0–1,29281.0,Federico Dionisi,2022-2023,Cristiano Biraghi,Ricardo Rodríguez,(4-2-3-1),(3-4-3),62%,38%,509 of 615 — 83%,73% — 274 of 377,5 of 19 — 26%,33% — 3 of 9,2 of 3 — 66%,100% — 5 of 5,2.0,0.0,2.0,0.0,9,23,5,3,29,9,710,481,13,16,6,11,18,14,6,21,2,6,2,10,22,11,79,64
19.0,Sun,2023-01-22,12:30,Sampdoria,Udinese,1.3,1.3,0–1,18642.0,Maurizio Mariani,2022-2023,Emil Audero,Rodrigo Becão,(3-4-1-2),(3-5-2),54%,46%,359 of 458 — 78%,74% — 285 of 383,1 of 9 — 11%,36% — 5 of 14,4 of 5 — 80%,100% — 1 of 1,3.0,0.0,1.0,0.0,15,17,6,6,24,15,565,498,27,15,4,5,12,17,15,26,4,1,5,7,20,20,60,71
19.0,Sun,2023-01-22,15:00,Monza,Sassuolo,1.5,1.5,1–1,10200.0,Alessandro Prontera,2022-2023,Matteo Pessina,Gian Marco Ferrari,(3-4-3),(4-2-3-1),61%,39%,443 of 560 — 79%,76% — 271 of 357,3 of 14 — 21%,8% — 1 of 13,0 of 1 — 0%,66% — 2 of 3,2.0,0.0,2.0,0.0,17,18,10,4,32,11,668,501,15,17,9,10,11,11,11,37,3,0,7,10,24,23,54,65
19.0,Sun,2023-01-22,18:00,Spezia,Roma,0.2,2.0,0–2,9153.0,Simone Sozza,2022-2023,Emmanuel Gyasi,Gianluca Mancini,(3-4-3),(3-4-3),52%,48%,437 of 550 — 79%,78% — 403 of 514,0 of 8 — 0%,23% — 3 of 13,1 of 3 — 33%,% — 0 of 0,3.0,0.0,1.0,0.0,17,11,4,0,13,4,673,627,22,18,7,10,14,12,11,15,0,1,6,8,27,21,58,68
19.0,Sun,2023-01-22,20:45,Juventus,Atalanta,1.9,1.0,3–3,33565.0,Livio Marinelli,2022-2023,Danilo,Rafael Tolói,(3-5-1-1),(3-4-3),47%,53%,417 of 528 — 79%,82% — 484 of 588,7 of 14 — 50%,29% — 4 of 14,1 of 4 — 25%,71% — 5 of 7,1.0,0.0,2.0,0.0,9,6,6,4,21,13,644,690,17,18,8,13,14,8,17,22,2,0,8,7,17,10,58,45
19.0,Mon,2023-01-23,18:30,Bologna,Cremonese,1.1,1.7,1–1,15587.0,Matteo Marchetti,2022-2023,Roberto Soriano,Daniel Ciofani,(4-3-3),(3-5-2),68%,32%,564 of 687 — 82%,63% — 202 of 323,8 of 21 — 38%,13% — 1 of 8,1 of 1 — 100%,100% — 8 of 8,2.0,0.0,5.0,0.0,11,13,4,1,19,18,790,439,15,13,9,12,17,13,18,24,3,1,8,13,30,19,69,61
19.0,Mon,2023-01-23,20:45,Inter,Empoli,1.4,0.8,0–1,65476.0,Antonio Rapuano,2022-2023,Milan Škriniar,Filippo Bandinelli,(3-5-2),(4-3-1-2),49%,51%,415 of 526 — 79%,83% — 456 of 548,1 of 16 — 6%,62% — 8 of 13,7 of 8 — 87%,100% — 1 of 1,5.5,0.0,3.0,0.0,13,16,2,3,30,11,629,672,23,11,11,4,14,14,9,39,0,0,5,11,17,20,82,62
19.0,Tue,2023-01-24,20:45,Lazio,Milan,3.1,0.7,4–0,47000.0,Marco Di Bello,2022-2023,Sergej Milinković-Savić,Davide Calabria,(4-3-3),(4-2-3-1),50%,50%,434 of 522 — 83%,83% — 438 of 527,4 of 9 — 44%,30% — 3 of 10,3 of 3 — 100%,25% — 1 of 4,1.0,0.0,2.0,0.0,14,11,3,4,6,9,628,630,26,16,11,14,8,7,6,3,1,2,3,5,17,18,42,52
20.0,Fri,2023-01-27,18:30,Bologna,Spezia,1.6,0.5,2–0,17213.0,Luca Massimi,2022-2023,Roberto Soriano,Emmanuel Gyasi,(4-2-3-1),(3-4-1-2),57%,43%,482 of 601 — 80%,72% — 323 of 447,6 of 18 — 33%,67% — 4 of 6,4 of 4 — 100%,66% — 4 of 6,2.0,0.0,2.0,0.0,8,16,5,5,13,14,718,567,20,18,18,7,9,8,14,22,4,2,4,7,22,22,72,59
20.0,Fri,2023-01-27,20:45,Lecce,Salernitana,1.4,0.9,1–2,24446.0,Davide Massa,2022-2023,Morten Hjulmand,Antonio Candreva,(4-3-3),(4-3-3),59%,41%,465 of 590 — 79%,67% — 274 of 409,4 of 15 — 27%,60% — 6 of 10,4 of 6 — 66%,75% — 3 of 4,2.0,0.0,4.0,0.0,14,11,4,4,30,13,720,519,22,21,8,12,23,17,19,17,2,2,5,17,19,32,74,73
20.0,Sat,2023-01-28,15:00,Empoli,Torino,0.6,1.0,2–2,8029.0,Matteo Marcenaro,2022-2023,Filippo Bandinelli,Ricardo Rodríguez,(4-3-1-2),(3-4-1-2),47%,53%,328 of 431 — 76%,77% — 377 of 490,4 of 11 — 36%,25% — 4 of 16,2 of 4 — 50%,50% — 2 of 4,2.0,0.0,0.0,0.0,12,9,5,5,15,14,563,608,15,17,9,9,14,14,19,16,1,1,8,7,29,26,83,73
20.0,Sat,2023-01-28,18:00,Cremonese,Inter,1.0,2.3,1–2,14554.0,Maurizio Mariani,2022-2023,Daniel Ciofani,Lautaro Martínez,(3-5-2),(3-5-2),35%,65%,273 of 357 — 76%,85% — 554 of 652,3 of 12 — 25%,33% — 10 of 30,8 of 10 — 80%,66% — 2 of 3,0.0,0.0,2.0,0.0,7,12,2,14,13,37,478,751,8,16,12,9,6,19,36,11,0,3,12,9,12,15,59,75
20.0,Sat,2023-01-28,20:45,Atalanta,Sampdoria,1.8,0.8,2–0,19095.0,Daniele Doveri,2022-2023,Rafael Tolói,Emil Audero,(3-4-3),(3-4-3),61%,39%,587 of 678 — 87%,72% — 308 of 427,5 of 21 — 24%,33% — 5 of 15,5 of 5 — 100%,60% — 3 of 5,0.0,0.0,2.0,0.0,17,11,7,4,17,17,813,539,15,23,9,4,24,9,21,15,1,1,7,12,17,27,43,67
20.0,Sun,2023-01-29,12:30,Milan,Sassuolo,0.6,2.2,2–5,70428.0,Antonio Giua,2022-2023,Davide Calabria,Andrea Consigli,(4-2-3-1),(4-2-3-1),60%,40%,357 of 476 — 75%,71% — 221 of 311,5 of 9 — 56%,75% — 6 of 8,2 of 6 — 33%,60% — 3 of 5,7.0,0.0,4.0,0.0,13,8,2,3,23,10,560,426,21,18,6,10,13,10,7,26,5,3,1,10,26,20,78,66
20.0,Sun,2023-01-29,15:00,Juventus,Monza,1.6,1.2,0–2,39393.0,Gianluca Aureliano,2022-2023,Danilo,Matteo Pessina,(3-5-2),(3-4-3),46%,54%,381 of 481 — 79%,83% — 472 of 567,8 of 22 — 36%,100% — 3 of 3,1 of 3 — 33%,100% — 8 of 8,0.0,0.0,2.0,0.0,12,10,12,1,37,5,599,699,13,22,7,9,17,10,9,30,3,2,1,7,22,21,67,67
20.0,Sun,2023-01-29,18:00,Lazio,Fiorentina,0.9,1.3,1–1,43000.0,Andrea Colombo,2022-2023,Sergej Milinković-Savić,Cristiano Biraghi,(4-3-3),(4-3-3),45%,55%,400 of 506 — 79%,82% — 519 of 630,1 of 13 — 8%,35% — 6 of 17,5 of 6 — 83%,0% — 0 of 1,2.0,0.0,3.0,0.0,12,17,3,4,12,13,613,725,20,11,13,11,12,13,18,13,1,2,10,9,13,19,65,70
20.0,Sun,2023-01-29,20:45,Napoli,Roma,1.0,0.8,2–1,48791.0,Daniele Orsato,2022-2023,Giovanni Di Lorenzo,Lorenzo Pellegrini,(4-3-3),(3-4-3),56%,44%,536 of 635 — 84%,77% — 377 of 489,6 of 11 — 55%,27% — 3 of 11,2 of 3 — 66%,66% — 4 of 6,1.0,0.0,2.0,0.0,8,14,3,8,11,20,766,611,18,19,2,15,13,9,20,11,0,0,4,7,21,21,57,75
20.0,Mon,2023-01-30,20:45,Udinese,Hellas Verona,1.8,0.8,1–1,17276.0,Luca Pairetto,2022-2023,Rodrigo Becão,Darko Lazović,(3-5-2),(3-4-3),55%,45%,344 of 450 — 76%,72% — 263 of 365,7 of 26 — 27%,20% — 2 of 10,2 of 2 — 100%,85% — 6 of 7,1.0,0.0,3.0,0.0,9,11,14,6,24,12,605,515,25,22,7,13,17,23,24,20,0,2,5,6,25,21,69,78
21.0,Sat,2023-02-04,15:00,Cremonese,Lecce,0.6,1.5,0–2,11189.0,Daniele Orsato,2022-2023,Daniel Ciofani,Morten Hjulmand,(3-5-2),(4-3-3),58%,42%,441 of 564 — 78%,67% — 278 of 412,3 of 12 — 25%,44% — 4 of 9,2 of 4 — 50%,100% — 3 of 3,1.0,0.0,2.0,0.0,12,15,4,8,15,25,679,525,16,22,7,12,23,21,19,16,2,1,8,7,27,25,89,84
21.0,Sat,2023-02-04,18:00,Roma,Empoli,1.2,1.7,2–0,60908.0,Federico Dionisi,2022-2023,Lorenzo Pellegrini,Filippo Bandinelli,(3-4-3),(4-3-1-2),45%,55%,350 of 442 — 79%,82% — 453 of 551,6 of 12 — 50%,18% — 2 of 11,2 of 2 — 100%,66% — 4 of 6,2.0,0.0,1.0,0.0,10,18,7,7,16,21,555,645,23,6,15,4,11,8,25,18,3,0,14,5,14,22,69,49
21.0,Sat,2023-02-04,20:45,Sassuolo,Atalanta,1.3,0.5,1–0,12611.0,Matteo Marcenaro,2022-2023,Andrea Consigli,Rafael Tolói,(4-3-3),(3-5-2),53%,47%,475 of 563 — 84%,80% — 400 of 500,8 of 18 — 44%,29% — 2 of 7,2 of 2 — 100%,87% — 7 of 8,5.0,0.0,1.0,2.0,12,13,2,7,14,23,675,601,17,13,3,7,12,14,28,14,0,2,8,6,18,24,60,62
21.0,Sun,2023-02-05,12:30,Spezia,Napoli,0.4,1.9,0–3,8700.0,Marco Di Bello,2022-2023,Daniele Verde,Giovanni Di Lorenzo,(3-5-2),(4-3-3),31%,69%,211 of 302 — 70%,84% — 574 of 684,3 of 9 — 33%,36% — 4 of 11,2 of 4 — 50%,100% — 3 of 3,3.0,0.0,2.0,0.0,19,18,3,6,9,20,424,769,21,22,12,13,4,15,26,11,1,4,3,10,7,23,39,53
21.0,Sun,2023-02-05,15:00,Torino,Udinese,1.7,0.5,1–0,16820.0,Alessandro Prontera,2022-2023,Alessandro Buongiorno,Rodrigo Becão,(3-4-3),(3-5-2),56%,44%,423 of 506 — 84%,74% — 292 of 397,4 of 11 — 36%,27% — 3 of 11,3 of 3 — 100%,75% — 3 of 4,1.0,0.0,2.0,0.0,13,8,6,5,14,23,627,493,10,21,6,7,10,10,25,13,3,1,6,11,15,13,51,62
21.0,Sun,2023-02-05,18:00,Fiorentina,Bologna,1.3,1.8,1–2,30546.0,Luca Pairetto,2022-2023,Cristiano Biraghi,Roberto Soriano,(4-3-3),(4-2-3-1),62%,38%,440 of 568 — 77%,70% — 247 of 352,6 of 17 — 35%,50% — 5 of 10,4 of 5 — 80%,83% — 5 of 6,2.0,0.0,4.0,0.0,10,25,5,3,25,5,692,488,12,19,9,18,15,13,6,35,3,1,6,12,27,16,65,57
21.0,Sun,2023-02-05,20:45,Inter,Milan,0.9,0.3,1–0,75584.0,Davide Massa,2022-2023,Lautaro Martínez,Davide Calabria,(3-5-2),(3-5-2),64%,36%,509 of 631 — 81%,74% — 262 of 356,4 of 15 — 27%,0% — 0 of 4,0 of 0 — %,75% — 3 of 4,2.0,0.0,5.0,0.0,13,14,8,0,30,7,712,458,13,10,8,3,15,17,9,28,2,1,4,13,23,18,70,64
21.0,Mon,2023-02-06,18:30,Hellas Verona,Lazio,1.2,0.9,1–1,20329.0,Giovanni Ayroldi,2022-2023,Darko Lazović,Ciro Immobile,(3-4-1-2),(4-3-3),36%,64%,232 of 353 — 66%,78% — 482 of 615,4 of 15 — 27%,22% — 2 of 9,1 of 2 — 50%,75% — 3 of 4,4.0,0.0,1.0,0.0,16,12,6,5,17,18,476,717,16,13,7,6,11,23,20,16,0,2,9,10,19,17,91,66
21.0,Mon,2023-02-06,20:45,Monza,Sampdoria,2.1,1.2,2–2,11950.0,Daniele Chiffi,2022-2023,Matteo Pessina,Emil Audero,(3-4-3),(3-4-3),72%,28%,595 of 714 — 83%,67% — 190 of 282,4 of 16 — 25%,55% — 6 of 11,4 of 6 — 66%,75% — 3 of 4,2.0,0.0,4.0,0.0,12,12,9,3,34,8,816,415,12,21,4,8,16,12,9,38,0,0,3,7,33,12,71,57
21.0,Tue,2023-02-07,20:45,Salernitana,Juventus,0.8,2.2,0–3,26945.0,Antonio Rapuano,2022-2023,Antonio Candreva,Danilo,(4-3-3),(3-5-2),53%,47%,494 of 595 — 83%,84% — 447 of 530,1 of 10 — 10%,25% — 4 of 16,2 of 4 — 50%,100% — 1 of 1,1.0,0.0,1.0,0.0,9,12,6,3,26,13,692,643,22,10,10,8,7,10,11,29,0,3,8,10,15,16,69,67
22.0,Fri,2023-02-10,20:45,Milan,Torino,1.3,0.8,1–0,68268.0,Giovanni Ayroldi,2022-2023,Theo Hernández,Ricardo Rodríguez,(3-4-3),(3-4-3),46%,54%,335 of 441 — 76%,80% — 417 of 519,4 of 9 — 44%,17% — 2 of 12,2 of 2 — 100%,75% — 3 of 4,1.0,0.0,4.0,0.0,10,20,3,8,11,20,568,641,28,19,10,7,20,14,19,11,1,0,9,5,18,29,73,72
22.0,Sat,2023-02-11,15:00,Empoli,Spezia,1.6,1.5,2–2,7871.0,Antonio Giua,2022-2023,Filippo Bandinelli,Emmanuel Gyasi,(4-3-1-2),(3-5-2),64%,36%,525 of 617 — 85%,75% — 258 of 345,8 of 25 — 32%,25% — 2 of 8,1 of 2 — 50%,75% — 6 of 8,1.0,1.0,6.5,0.0,10,13,7,3,25,9,718,454,16,10,6,9,6,21,10,34,3,1,7,14,23,19,54,71
22.0,Sat,2023-02-11,18:00,Lecce,Roma,0.5,1.9,1–1,25200.0,Gianluca Aureliano,2022-2023,Morten Hjulmand,Lorenzo Pellegrini,(4-3-3),(3-4-3),42%,58%,263 of 381 — 69%,75% — 394 of 526,3 of 8 — 38%,36% — 4 of 11,4 of 4 — 100%,100% — 3 of 3,4.0,0.0,1.0,0.0,24,8,3,7,18,15,524,654,24,17,7,7,16,21,28,11,2,0,6,7,15,30,72,77
22.0,Sat,2023-02-11,20:45,Lazio,Atalanta,0.9,2.8,0–2,41000.0,Daniele Orsato,2022-2023,Ciro Immobile,Rafael Tolói,(4-3-3),(3-5-2),60%,40%,578 of 707 — 82%,77% — 362 of 473,5 of 13 — 38%,43% — 10 of 23,8 of 10 — 80%,100% — 5 of 5,1.0,0.0,2.0,0.0,12,14,5,7,13,12,817,612,18,11,10,12,13,11,11,32,0,0,7,3,26,21,69,61
22.0,Sun,2023-02-12,12:30,Udinese,Sassuolo,1.6,0.7,2–2,20912.0,Ivan Pezzuto,2022-2023,Rodrigo Becão,Andrea Consigli,(3-5-1-1),(4-3-3),47%,53%,364 of 439 — 83%,86% — 419 of 488,7 of 17 — 41%,17% — 1 of 6,0 of 1 — 0%,71% — 5 of 7,2.0,0.0,2.0,0.0,12,8,10,7,26,21,551,599,23,12,6,9,13,11,17,24,3,0,11,9,12,15,66,71
22.0,Sun,2023-02-12,15:00,Bologna,Monza,0.9,0.6,0–1,21692.0,Luca Zufferli,2022-2023,Riccardo Orsolini,Matteo Pessina,(4-2-3-1),(3-4-3),63%,37%,468 of 577 — 81%,70% — 236 of 335,4 of 13 — 31%,80% — 4 of 5,3 of 4 — 75%,100% — 4 of 4,1.0,0.0,4.0,0.0,15,18,3,2,35,6,692,470,23,24,7,7,17,12,5,40,0,2,6,14,37,14,90,62
22.0,Sun,2023-02-12,18:00,Juventus,Fiorentina,1.0,0.7,1–0,34844.0,Michael Fabbri,2022-2023,Danilo,Cristiano Biraghi,(3-4-3),(4-3-3),45%,55%,308 of 415 — 74%,79% — 406 of 512,3 of 7 — 43%,18% — 2 of 11,2 of 2 — 100%,66% — 2 of 3,5.0,0.0,2.0,0.0,11,17,5,6,13,29,501,607,10,14,6,9,15,11,22,10,5,2,11,9,14,15,77,75
22.0,Sun,2023-02-12,20:45,Napoli,Cremonese,1.8,0.2,3–0,50250.0,Luca Massimi,2022-2023,Giovanni Di Lorenzo,Vlad Chiricheș,(4-3-3),(3-5-2),65%,35%,634 of 734 — 86%,73% — 282 of 387,9 of 15 — 60%,17% — 1 of 6,1 of 1 — 100%,66% — 6 of 9,0.0,0.0,2.0,0.0,7,7,9,7,20,18,833,471,11,12,7,11,20,17,16,18,3,0,6,13,11,21,65,75
22.0,Mon,2023-02-13,18:30,Hellas Verona,Salernitana,1.2,0.9,1–0,17832.0,Paolo Valeri,2022-2023,Darko Lazović,Luigi Sepe,(3-4-3),(3-4-1-2),37%,63%,202 of 326 — 62%,75% — 418 of 555,4 of 14 — 29%,38% — 3 of 8,3 of 3 — 100%,75% — 3 of 4,2.0,0.0,3.0,0.0,14,21,5,1,12,13,460,665,14,18,9,6,23,38,21,17,5,1,7,8,18,28,56,90
22.0,Mon,2023-02-13,20:45,Sampdoria,Inter,0.5,1.8,0–0,21575.0,Fabio Maresca,2022-2023,Emil Audero,Lautaro Martínez,(3-4-1-2),(3-5-2),35%,65%,282 of 395 — 71%,86% — 629 of 729,2 of 7 — 29%,20% — 5 of 25,5 of 5 — 100%,100% — 2 of 2,3.0,0.0,1.0,0.0,13,11,3,7,14,38,486,850,9,11,6,12,10,22,27,15,0,3,17,4,16,12,61,82
23.0,Fri,2023-02-17,20:45,Sassuolo,Napoli,0.8,1.6,0–2,15911.0,Andrea Colombo,2022-2023,Andrea Consigli,Giovanni Di Lorenzo,(4-3-3),(4-3-3),40%,60%,368 of 457 — 81%,87% — 592 of 684,2 of 11 — 18%,27% — 4 of 15,2 of 4 — 50%,100% — 2 of 2,2.0,0.0,2.0,0.0,12,10,1,3,13,15,563,805,17,22,11,7,6,7,17,12,2,2,9,9,18,22,39,64
23.0,Sat,2023-02-18,15:00,Sampdoria,Bologna,2.3,0.9,1–2,18269.0,Massimiliano Irrati,2022-2023,Emil Audero,Roberto Soriano,(3-4-1-2),(4-2-3-1),41%,59%,305 of 410 — 74%,81% — 474 of 586,2 of 7 — 29%,42% — 5 of 12,3 of 5 — 60%,100% — 2 of 2,3.0,0.0,1.0,0.0,13,13,1,8,6,21,511,688,14,19,10,5,19,11,18,12,0,2,3,9,26,15,75,83
23.0,Sat,2023-02-18,18:00,Monza,Milan,0.5,2.1,0–1,14012.0,Antonio Rapuano,2022-2023,Matteo Pessina,Theo Hernández,(3-4-3),(3-4-3),59%,41%,477 of 597 — 80%,76% — 319 of 419,5 of 11 — 45%,50% — 7 of 14,6 of 7 — 85%,100% — 5 of 5,4.0,0.0,2.0,0.0,10,18,10,3,31,10,711,560,22,22,14,7,16,18,17,25,1,2,4,9,24,17,69,52
23.0,Sat,2023-02-18,20:45,Inter,Udinese,2.7,0.8,3–1,71248.0,Federico Dionisi,2022-2023,Samir Handanović,Roberto Pereyra,(3-5-2),(3-5-2),59%,41%,464 of 570 — 81%,79% — 310 of 392,6 of 18 — 33%,11% — 1 of 9,0 of 1 — 0%,66% — 4 of 6,2.0,0.0,2.0,0.0,14,14,3,8,27,14,691,541,27,13,9,9,11,7,17,23,2,0,7,6,18,13,75,54
23.0,Sun,2023-02-19,12:30,Atalanta,Lecce,1.5,0.4,1–2,19435.0,Marco Piccinini,2022-2023,Rafael Tolói,Morten Hjulmand,(3-4-1-2),(4-3-3),70%,30%,573 of 714 — 80%,65% — 201 of 310,10 of 20 — 50%,50% — 2 of 4,0 of 2 — 0%,90% — 9 of 10,3.0,0.0,3.0,0.0,10,12,6,1,19,8,819,466,13,36,9,20,24,13,6,29,2,2,5,13,43,16,79,87
23.0,Sun,2023-02-19,15:00,Salernitana,Lazio,0.4,3.0,0–2,14860.0,Rosario Abisso,2022-2023,Antonio Candreva,Ciro Immobile,(3-4-3),(4-3-3),35%,65%,339 of 427 — 79%,87% — 691 of 795,2 of 9 — 22%,26% — 5 of 19,4 of 5 — 80%,100% — 2 of 2,4.0,1.0,1.0,0.0,10,7,2,9,11,16,533,874,17,7,8,3,7,12,19,7,1,2,12,5,9,22,66,69
23.0,Sun,2023-02-19,15:00,Fiorentina,Empoli,2.2,0.8,1–1,29663.0,Alessandro Prontera,2022-2023,Lorenzo Venuti,Filippo Bandinelli,(4-3-3),(4-3-1-2),61%,39%,408 of 510 — 80%,71% — 230 of 322,3 of 27 — 11%,60% — 3 of 5,2 of 3 — 66%,66% — 2 of 3,1.0,0.0,5.0,0.0,8,15,13,1,46,8,616,435,12,18,3,8,26,14,6,41,3,3,6,22,36,23,102,70
23.0,Sun,2023-02-19,18:00,Spezia,Juventus,1.3,1.1,0–2,11767.0,Federico La Penna,2022-2023,Emmanuel Gyasi,Danilo,(4-2-3-1),(3-1-4-2),59%,41%,489 of 582 — 84%,74% — 306 of 411,7 of 18 — 39%,20% — 3 of 15,1 of 3 — 33%,100% — 7 of 7,2.0,0.0,2.0,0.0,8,9,7,4,25,13,720,540,17,19,20,10,15,13,10,24,2,4,9,11,26,17,69,82
23.0,Sun,2023-02-19,20:45,Roma,Hellas Verona,0.8,0.4,1–0,61009.0,Simone Sozza,2022-2023,Gianluca Mancini,Darko Lazović,(3-4-3),(3-4-3),47%,53%,317 of 441 — 72%,76% — 380 of 503,5 of 9 — 56%,13% — 1 of 8,1 of 1 — 100%,80% — 4 of 5,1.0,0.0,2.0,0.0,15,19,5,1,10,9,569,630,24,24,7,8,33,19,13,13,0,0,3,8,25,23,69,83
23.0,Mon,2023-02-20,20:45,Torino,Cremonese,2.4,0.6,2–2,19095.0,Giacomo Camplone,2022-2023,Ricardo Rodríguez,Matteo Bianchetti,(3-4-3),(3-5-2),63%,37%,472 of 589 — 80%,63% — 220 of 352,5 of 14 — 36%,18% — 2 of 11,0 of 2 — 0%,80% — 4 of 5,3.0,0.0,1.0,0.0,9,12,5,1,19,19,713,465,12,14,3,6,22,29,25,24,0,0,12,11,20,22,68,73
24.0,Sat,2023-02-25,18:00,Empoli,Napoli,0.6,2.5,0–2,12624.0,Giovanni Ayroldi,2022-2023,Sebastiano Luperto,Giovanni Di Lorenzo,(4-3-1-2),(4-3-3),45%,55%,361 of 443 — 81%,85% — 451 of 533,2 of 9 — 22%,32% — 6 of 19,5 of 6 — 83%,100% — 2 of 2,2.0,0.0,1.0,1.0,10,9,4,13,12,25,551,634,18,15,3,7,13,6,24,11,0,4,9,5,18,28,40,67
24.0,Sat,2023-02-25,20:45,Lecce,Sassuolo,1.2,1.1,0–1,23760.0,Niccolò Baroni,2022-2023,Morten Hjulmand,Andrea Consigli,(4-3-3),(4-3-3),42%,58%,254 of 393 — 65%,76% — 406 of 536,0 of 16 — 0%,43% — 3 of 7,2 of 3 — 66%,% — 0 of 0,2.0,0.0,2.0,0.0,17,7,4,7,25,22,507,652,21,14,10,4,14,17,18,29,2,1,7,19,38,32,82,81
24.0,Sun,2023-02-26,12:30,Bologna,Inter,1.2,1.0,1–0,28317.0,Daniele Orsato,2022-2023,Roberto Soriano,Marcelo Brozović,(4-2-3-1),(3-1-4-2),48%,52%,429 of 538 — 80%,81% — 464 of 574,5 of 13 — 38%,31% — 4 of 13,4 of 4 — 100%,80% — 4 of 5,1.0,0.0,2.0,0.0,7,14,1,6,11,20,644,682,16,18,9,14,10,12,21,7,4,2,11,4,26,19,77,69
24.0,Sun,2023-02-26,15:00,Salernitana,Monza,2.4,1.4,3–0,14947.0,Livio Marinelli,2022-2023,Antonio Candreva,Matteo Pessina,(3-4-3),(3-4-3),38%,62%,304 of 381 — 80%,86% — 525 of 611,5 of 12 — 42%,27% — 4 of 15,4 of 4 — 100%,40% — 2 of 5,2.0,0.0,5.5,0.0,12,16,1,3,9,15,485,695,9,9,9,6,10,7,22,15,1,2,3,6,15,20,58,46
24.0,Sun,2023-02-26,18:00,Udinese,Spezia,2.5,2.5,2–2,20710.0,Matteo Marchetti,2022-2023,Roberto Pereyra,Emmanuel Gyasi,(3-5-2),(4-2-3-1),49%,51%,363 of 451 — 80%,79% — 372 of 469,6 of 15 — 40%,22% — 2 of 9,0 of 2 — 0%,66% — 4 of 6,2.0,0.0,2.0,0.0,11,16,5,2,21,12,569,581,19,18,9,8,10,7,9,26,0,1,6,10,21,19,79,49
24.0,Sun,2023-02-26,20:45,Milan,Atalanta,1.8,0.1,2–0,72203.0,Maurizio Mariani,2022-2023,Theo Hernández,Rafael Tolói,(3-4-3),(3-5-2),48%,52%,421 of 523 — 80%,80% — 455 of 572,3 of 13 — 23%,0% — 0 of 3,0 of 0 — %,66% — 2 of 3,3.0,0.0,1.0,0.0,11,11,4,3,13,11,642,677,23,15,7,8,10,17,18,17,1,1,5,11,17,22,64,49
24.0,Mon,2023-02-27,18:30,Hellas Verona,Fiorentina,1.2,1.4,0–3,17787.0,Federico La Penna,2022-2023,Davide Faraoni,Lucas Martínez Quarta,(3-4-1-2),(4-2-3-1),47%,53%,288 of 424 — 68%,70% — 340 of 484,3 of 12 — 25%,44% — 7 of 16,4 of 7 — 57%,100% — 3 of 3,3.0,0.0,3.0,0.0,15,11,4,2,13,17,547,602,13,14,7,6,24,32,23,14,4,0,4,11,20,24,85,87
24.0,Mon,2023-02-27,20:45,Lazio,Sampdoria,1.6,0.5,1–0,35000.0,Andrea Colombo,2022-2023,Ciro Immobile,Emil Audero,(4-3-3),(3-4-1-2),57%,43%,532 of 642 — 83%,78% — 382 of 488,4 of 15 — 27%,25% — 2 of 8,2 of 2 — 100%,75% — 3 of 4,2.0,0.0,2.0,0.0,10,13,8,3,18,14,738,585,13,19,9,6,13,12,12,15,3,1,11,13,16,18,63,62
24.0,Tue,2023-02-28,18:30,Cremonese,Roma,1.0,1.2,2–1,11367.0,Marco Piccinini,2022-2023,Matteo Bianchetti,Lorenzo Pellegrini,(3-4-3),(3-4-3),34%,66%,211 of 332 — 64%,80% — 514 of 645,1 of 5 — 20%,30% — 3 of 10,2 of 3 — 66%,0% — 0 of 1,3.0,0.0,2.0,0.0,17,11,3,3,12,17,450,754,18,15,14,6,14,26,29,15,0,5,8,4,21,27,82,95
24.0,Tue,2023-02-28,20:45,Juventus,Torino,1.5,1.2,4–2,37806.0,Daniele Chiffi,2022-2023,Danilo,Ricardo Rodríguez,(3-5-1-1),(3-4-3),42%,58%,348 of 440 — 79%,86% — 512 of 598,6 of 13 — 46%,38% — 3 of 8,1 of 3 — 33%,33% — 2 of 6,0.0,0.0,2.0,0.0,5,13,3,7,17,15,527,702,18,15,1,5,18,13,13,11,0,1,8,8,17,13,53,60
25.0,Fri,2023-03-03,20:45,Napoli,Lazio,0.9,0.2,0–1,45786.0,Luca Pairetto,2022-2023,Giovanni Di Lorenzo,Ciro Immobile,(4-3-3),(4-3-3),64%,36%,683 of 785 — 87%,77% — 332 of 433,2 of 14 — 14%,20% — 1 of 5,0 of 1 — 0%,100% — 2 of 2,2.0,0.0,2.0,0.0,13,8,8,3,20,8,876,534,7,13,11,8,17,12,5,24,3,0,1,9,24,22,59,57
25.0,Sat,2023-03-04,15:00,Monza,Empoli,0.7,1.0,2–1,10601.0,Ermanno Feliciani,2022-2023,Matteo Pessina,Filippo Bandinelli,(3-4-3),(4-3-1-2),43%,57%,333 of 425 — 78%,83% — 460 of 554,3 of 10 — 30%,17% — 3 of 18,2 of 3 — 66%,33% — 1 of 3,2.0,0.0,3.0,0.0,10,12,1,8,8,26,542,648,20,10,14,8,12,9,26,9,6,2,8,5,20,23,70,59
25.0,Sat,2023-03-04,18:00,Atalanta,Udinese,1.4,0.3,0–0,18475.0,Davide Ghersini,2022-2023,Rafael Tolói,Rodrigo Becão,(3-4-3),(3-5-2),67%,33%,569 of 696 — 82%,68% — 227 of 336,5 of 17 — 29%,20% — 1 of 5,1 of 1 — 100%,100% — 5 of 5,2.0,0.0,3.0,0.0,12,12,12,3,27,11,836,476,19,28,12,15,16,13,10,30,3,2,6,16,34,15,68,56
25.0,Sat,2023-03-04,20:45,Fiorentina,Milan,2.1,0.9,2–1,40410.0,Marco Di Bello,2022-2023,Cristiano Biraghi,Theo Hernández,(4-3-3),(3-4-3),48%,52%,308 of 401 — 77%,80% — 350 of 440,6 of 15 — 40%,75% — 6 of 8,5 of 6 — 83%,83% — 5 of 6,3.0,0.0,3.0,0.0,12,17,11,5,25,14,503,552,14,19,8,4,16,12,18,26,0,1,5,6,20,21,73,68
25.0,Sun,2023-03-05,12:30,Spezia,Hellas Verona,1.2,1.2,0–0,10020.0,Daniele Doveri,2022-2023,Emmanuel Gyasi,Davide Faraoni,(4-3-3),(3-4-1-2),69%,31%,438 of 541 — 81%,58% — 144 of 247,4 of 20 — 20%,27% — 3 of 11,3 of 3 — 100%,100% — 4 of 4,2.0,1.0,1.0,0.0,6,7,9,5,23,17,660,376,11,21,3,6,18,13,20,36,0,0,12,13,25,19,69,69
25.0,Sun,2023-03-05,15:00,Sampdoria,Salernitana,0.5,0.8,0–0,20353.0,Davide Massa,2022-2023,Emil Audero,Antonio Candreva,(3-4-3),(3-4-3),56%,44%,377 of 499 — 76%,71% — 276 of 389,3 of 9 — 33%,40% — 4 of 10,4 of 4 — 100%,100% — 3 of 3,3.0,0.0,4.0,0.0,18,13,2,6,15,18,603,521,14,18,8,12,20,32,19,25,1,1,6,7,24,20,73,54
25.0,Sun,2023-03-05,18:00,Inter,Lecce,0.8,0.6,2–0,75033.0,Gianluca Manganiello,2022-2023,Lautaro Martínez,Morten Hjulmand,(3-5-2),(4-3-3),62%,38%,476 of 587 — 81%,74% — 265 of 356,4 of 14 — 29%,9% — 1 of 11,1 of 1 — 100%,50% — 2 of 4,0.0,0.0,0.0,0.0,10,11,6,4,26,15,680,476,19,16,9,8,19,11,12,31,3,1,10,7,37,22,89,59
25.0,Sun,2023-03-05,20:45,Roma,Juventus,0.6,0.7,1–0,64213.0,Fabio Maresca,2022-2023,Lorenzo Pellegrini,Danilo,(3-4-3),(3-5-1-1),41%,59%,341 of 421 — 81%,86% — 528 of 614,2 of 6 — 33%,36% — 5 of 14,5 of 5 — 100%,50% — 1 of 2,3.0,0.0,2.0,1.0,11,10,2,6,11,26,521,704,13,10,11,7,12,6,23,12,2,0,6,6,15,21,58,54
25.0,Mon,2023-03-06,18:30,Sassuolo,Cremonese,1.0,1.2,3–2,11587.0,Francesco Fourneau,2022-2023,Andrea Consigli,Matteo Bianchetti,(4-3-3),(3-4-3),54%,46%,382 of 506 — 75%,70% — 300 of 429,7 of 13 — 54%,38% — 5 of 13,3 of 5 — 60%,57% — 4 of 7,1.0,0.0,4.0,0.0,11,9,4,3,21,24,624,537,13,20,9,9,16,17,30,18,0,0,10,7,32,24,67,92
25.0,Mon,2023-03-06,20:45,Torino,Bologna,0.9,0.5,1–0,18592.0,Antonio Rapuano,2022-2023,Ricardo Rodríguez,Roberto Soriano,(3-4-3),(4-2-3-1),44%,56%,361 of 456 — 79%,84% — 483 of 573,4 of 12 — 33%,9% — 1 of 11,1 of 1 — 100%,75% — 3 of 4,2.0,0.0,2.0,0.0,9,10,3,3,12,18,549,666,9,11,7,7,14,11,19,20,5,1,6,7,27,17,72,60
26.0,Fri,2023-03-10,20:45,Spezia,Inter,1.0,3.8,2–1,11767.0,Livio Marinelli,2022-2023,Emmanuel Gyasi,Samir Handanović,(3-5-2),(3-5-2),31%,69%,206 of 292 — 71%,80% — 518 of 644,1 of 3 — 33%,19% — 5 of 26,5 of 5 — 100%,0% — 0 of 1,3.0,0.0,0.0,0.0,11,9,1,13,7,52,441,752,15,19,9,6,19,22,41,7,0,4,17,2,15,30,72,79
26.0,Sat,2023-03-11,15:00,Empoli,Udinese,1.2,1.4,0–1,7465.0,Francesco Cosso,2022-2023,Filippo Bandinelli,Roberto Pereyra,(4-3-1-2),(3-5-2),61%,39%,422 of 518 — 81%,77% — 254 of 332,3 of 17 — 18%,21% — 3 of 14,2 of 3 — 66%,100% — 3 of 3,2.0,0.0,4.0,0.0,12,13,11,5,37,15,627,465,15,22,8,12,7,13,12,31,0,2,7,7,24,23,70,71
26.0,Sat,2023-03-11,18:00,Napoli,Atalanta,1.3,0.3,2–0,50601.0,Andrea Colombo,2022-2023,Giovanni Di Lorenzo,Rafael Tolói,(4-3-3),(3-4-1-2),60%,40%,556 of 636 — 87%,79% — 334 of 422,6 of 18 — 33%,50% — 3 of 6,3 of 3 — 100%,66% — 4 of 6,1.0,0.0,2.0,0.0,12,11,10,4,22,16,772,555,24,18,10,12,14,8,16,24,1,0,5,7,30,19,48,45
26.0,Sat,2023-03-11,20:45,Bologna,Lazio,0.9,0.8,0–0,27369.0,Fabio Maresca,2022-2023,Jhon Lucumí,Sergej Milinković-Savić,(4-2-3-1),(4-3-3),54%,46%,587 of 680 — 86%,85% — 484 of 569,2 of 16 — 13%,40% — 2 of 5,2 of 2 — 100%,100% — 2 of 2,2.0,0.0,3.0,0.0,11,8,5,2,18,11,764,666,11,15,7,7,4,10,12,15,3,3,6,9,23,17,69,50
26.0,Sun,2023-03-12,12:30,Lecce,Torino,0.5,0.1,0–2,24413.0,Juan Sacchi,2022-2023,Morten Hjulmand,Ricardo Rodríguez,(4-3-3),(3-4-3),55%,45%,373 of 500 — 75%,74% — 306 of 413,1 of 12 — 8%,50% — 2 of 4,0 of 2 — 0%,100% — 1 of 1,3.0,0.0,3.0,0.0,16,17,9,1,33,9,585,512,18,9,8,9,16,18,9,25,2,1,5,8,29,32,77,76
26.0,Sun,2023-03-12,15:00,Hellas Verona,Monza,0.6,1.1,1–1,18061.0,Marco Piccinini,2022-2023,Davide Faraoni,Matteo Pessina,(3-4-3),(3-4-3),39%,61%,301 of 410 — 73%,86% — 547 of 635,3 of 8 — 38%,33% — 3 of 9,2 of 3 — 66%,66% — 2 of 3,2.0,0.0,0.0,0.0,17,12,7,2,24,9,485,723,9,11,7,5,9,13,9,27,1,2,5,8,10,13,70,62
26.0,Sun,2023-03-12,15:00,Cremonese,Fiorentina,1.8,1.7,0–2,11506.0,Matteo Marcenaro,2022-2023,Matteo Bianchetti,Cristiano Biraghi,(5-3-2),(4-2-3-1),47%,53%,286 of 427 — 67%,72% — 344 of 480,5 of 16 — 31%,30% — 3 of 10,1 of 3 — 33%,100% — 5 of 5,1.0,0.0,2.0,0.0,10,17,1,6,15,13,546,609,21,22,6,2,13,27,18,28,3,3,5,8,28,27,104,99
26.0,Sun,2023-03-12,18:00,Roma,Sassuolo,1.5,3.5,3–4,60816.0,Michael Fabbri,2022-2023,Chris Smalling,Gian Marco Ferrari,(3-4-3),(4-3-3),54%,46%,413 of 512 — 81%,77% — 343 of 444,7 of 17 — 41%,50% — 9 of 18,6 of 9 — 66%,57% — 4 of 7,4.0,1.0,2.0,0.0,11,18,7,2,18,7,621,550,10,16,9,12,22,17,7,13,3,1,8,7,25,15,79,58
26.0,Sun,2023-03-12,20:45,Juventus,Sampdoria,2.8,0.8,4–2,35166.0,Alessandro Prontera,2022-2023,Leonardo Bonucci,Manolo Gabbiadini,(3-5-1-1),(3-4-3),56%,44%,479 of 563 — 85%,80% — 351 of 440,8 of 23 — 35%,33% — 3 of 9,1 of 3 — 33%,50% — 4 of 8,1.0,0.0,1.0,0.0,10,10,11,3,28,22,674,552,10,18,4,9,15,15,22,26,2,1,6,8,22,11,62,58
26.0,Mon,2023-03-13,20:45,Milan,Salernitana,2.2,0.8,1–1,71870.0,Federico La Penna,2022-2023,Theo Hernández,Pasquale Mazzocchi,(3-4-3),(3-4-3),64%,36%,527 of 628 — 84%,71% — 256 of 359,3 of 24 — 13%,50% — 3 of 6,2 of 3 — 66%,66% — 2 of 3,2.0,0.0,3.0,0.0,15,13,6,4,31,10,748,483,22,14,7,12,24,14,12,31,0,1,0,13,25,18,46,51
27.0,Fri,2023-03-17,18:30,Sassuolo,Spezia,2.0,0.7,1–0,11152.0,Davide Ghersini,2022-2023,Gian Marco Ferrari,Emmanuel Gyasi,(4-3-3),(4-2-3-1),45%,55%,364 of 452 — 81%,81% — 440 of 542,5 of 14 — 36%,9% — 1 of 11,1 of 1 — 100%,100% — 5 of 5,0.0,0.0,2.0,0.0,10,13,3,3,14,16,568,651,15,22,11,6,11,12,15,15,1,2,10,8,26,21,45,72
27.0,Fri,2023-03-17,20:45,Atalanta,Empoli,2.9,0.7,2–1,17864.0,Federico Dionisi,2022-2023,Rafael Tolói,Sebastiano Luperto,(3-4-1-2),(4-3-1-2),69%,31%,605 of 736 — 82%,66% — 218 of 329,5 of 27 — 19%,40% — 2 of 5,1 of 2 — 50%,60% — 3 of 5,3.0,0.0,2.0,0.0,11,10,13,2,56,9,853,482,13,20,8,10,18,13,15,50,2,1,4,17,32,21,85,58
27.0,Sat,2023-03-18,15:00,Monza,Cremonese,2.0,0.7,1–1,12797.0,Antonio Giua,2022-2023,Matteo Pessina,Matteo Bianchetti,(3-1-4-2),(3-5-2),65%,35%,587 of 693 — 85%,73% — 270 of 369,7 of 15 — 47%,25% — 2 of 8,1 of 2 — 50%,85% — 6 of 7,3.0,0.0,5.0,0.0,12,12,8,4,24,16,778,467,3,9,3,10,17,14,15,21,3,2,12,9,15,9,72,62
27.0,Sat,2023-03-18,18:00,Salernitana,Bologna,0.9,0.4,2–2,18600.0,Luca Pairetto,2022-2023,Pasquale Mazzocchi,Jhon Lucumí,(3-4-3),(4-2-3-1),42%,58%,344 of 437 — 79%,85% — 509 of 599,4 of 14 — 29%,20% — 2 of 10,0 of 2 — 0%,50% — 2 of 4,0.0,0.0,1.0,0.0,8,16,5,4,17,15,530,684,13,14,9,4,16,15,15,9,0,0,11,7,15,23,59,64
27.0,Sat,2023-03-18,20:45,Udinese,Milan,1.8,1.5,3–1,24992.0,Daniele Doveri,2022-2023,Roberto Pereyra,Zlatan Ibrahimović,(3-5-2),(3-4-3),36%,64%,224 of 316 — 71%,80% — 450 of 563,5 of 14 — 36%,56% — 5 of 9,5 of 5 — 100%,40% — 2 of 5,4.0,0.0,2.0,0.0,16,9,5,6,12,26,444,665,18,15,7,5,15,15,31,9,1,3,7,7,13,25,55,73
27.0,Sun,2023-03-19,12:30,Sampdoria,Hellas Verona,1.2,1.3,3–1,18228.0,Maurizio Mariani,2022-2023,Manolo Gabbiadini,Darko Lazović,(3-4-3),(3-4-3),44%,56%,264 of 382 — 69%,75% — 364 of 483,4 of 11 — 36%,31% — 5 of 16,4 of 5 — 80%,25% — 1 of 4,3.0,0.0,2.0,0.0,10,11,5,8,15,19,503,610,18,19,10,5,27,35,27,22,1,2,14,1,24,29,86,73
27.0,Sun,2023-03-19,15:00,Fiorentina,Lecce,1.2,0.5,1–0,34604.0,Rosario Abisso,2022-2023,Cristiano Biraghi,Morten Hjulmand,(4-2-3-1),(4-3-3),59%,41%,420 of 526 — 80%,70% — 251 of 360,3 of 18 — 17%,25% — 2 of 8,2 of 2 — 100%,100% — 3 of 3,1.0,0.0,3.0,0.0,14,21,1,3,19,14,645,481,19,21,6,9,20,12,13,21,2,2,4,11,39,23,77,70
27.0,Sun,2023-03-19,15:00,Torino,Napoli,1.3,2.3,0–4,26058.0,Matteo Marchetti,2022-2023,Ricardo Rodríguez,Giovanni Di Lorenzo,(3-4-3),(4-3-3),48%,52%,365 of 456 — 80%,83% — 411 of 495,2 of 12 — 17%,45% — 5 of 11,2 of 5 — 40%,100% — 2 of 2,1.0,0.0,1.0,0.0,14,14,5,4,16,13,558,592,15,17,7,11,8,11,15,14,4,1,7,9,21,20,55,51
27.0,Sun,2023-03-19,18:00,Lazio,Roma,0.6,0.6,1–0,62000.0,Davide Massa,2022-2023,Sergej Milinković-Savić,Lorenzo Pellegrini,(4-3-3),(3-4-3),69%,31%,654 of 725 — 90%,79% — 263 of 332,5 of 12 — 42%,38% — 3 of 8,3 of 3 — 100%,80% — 4 of 5,4.0,1.0,5.5,1.0,18,13,5,2,14,9,810,414,12,9,5,11,12,14,12,20,1,1,5,8,13,18,68,67
27.0,Sun,2023-03-19,20:45,Inter,Juventus,1.2,0.6,0–1,75224.0,Daniele Chiffi,2022-2023,Marcelo Brozović,Danilo,(3-5-2),(3-5-1-1),69%,31%,582 of 686 — 85%,73% — 228 of 312,3 of 18 — 17%,43% — 3 of 7,2 of 3 — 66%,100% — 3 of 3,2.0,1.0,4.0,1.0,6,18,6,4,37,16,789,442,14,15,5,13,16,13,16,39,0,1,4,11,23,19,73,66
28.0,Sat,2023-04-01,15:00,Cremonese,Atalanta,1.5,2.9,1–3,11891.0,Livio Marinelli,2022-2023,Daniel Ciofani,Rafael Tolói,(3-5-2),(3-4-3),42%,58%,336 of 450 — 75%,82% — 516 of 626,3 of 14 — 21%,33% — 4 of 12,1 of 4 — 25%,100% — 3 of 3,3.0,0.0,2.0,0.0,13,10,0,6,12,20,550,740,20,15,6,14,13,19,19,14,0,3,8,5,22,29,75,75
28.0,Sat,2023-04-01,18:00,Inter,Fiorentina,2.8,1.1,0–1,73576.0,Fabio Maresca,2022-2023,Marcelo Brozović,Giacomo Bonaventura,(3-5-2),(4-2-3-1),59%,41%,421 of 532 — 79%,74% — 275 of 373,3 of 16 — 19%,16% — 3 of 19,2 of 3 — 66%,100% — 3 of 3,2.0,0.0,3.0,0.0,8,7,10,8,34,17,644,502,20,11,9,6,22,17,15,36,4,0,10,11,22,19,82,81
28.0,Sat,2023-04-01,20:45,Juventus,Hellas Verona,1.8,0.6,1–0,40105.0,Matteo Marchetti,2022-2023,Danilo,Miguel Veloso,(3-5-2),(3-4-1-2),56%,44%,423 of 520 — 81%,75% — 305 of 407,2 of 10 — 20%,30% — 3 of 10,3 of 3 — 100%,50% — 1 of 2,1.0,0.0,2.0,0.0,14,22,3,5,11,19,614,514,9,25,6,11,18,14,18,16,1,2,8,7,27,9,76,64
28.0,Sun,2023-04-02,12:30,Bologna,Udinese,0.7,0.8,3–0,25562.0,Maria Sole Ferrieri Caputi,2022-2023,Jhon Lucumí,Roberto Pereyra,(4-3-3),(3-5-2),52%,48%,437 of 515 — 85%,83% — 399 of 483,4 of 11 — 36%,27% — 4 of 15,4 of 4 — 100%,25% — 1 of 4,1.0,0.0,2.0,0.0,17,10,2,7,12,13,625,593,28,16,8,7,10,12,14,8,2,1,9,9,14,26,54,60
28.0,Sun,2023-04-02,15:00,Spezia,Salernitana,2.0,1.1,1–1,10723.0,Daniele Orsato,2022-2023,Emmanuel Gyasi,Antonio Candreva,(4-3-3),(3-4-3),51%,49%,312 of 439 — 71%,67% — 288 of 428,4 of 15 — 27%,8% — 1 of 12,1 of 1 — 100%,75% — 3 of 4,0.0,0.0,1.0,0.0,12,12,9,5,23,18,583,554,16,20,5,9,17,19,33,29,0,2,9,9,28,36,63,79
28.0,Sun,2023-04-02,15:00,Monza,Lazio,1.3,0.5,0–2,14539.0,Matteo Marcenaro,2022-2023,Pablo Marí,Sergej Milinković-Savić,(3-4-3),(4-3-3),56%,44%,590 of 664 — 89%,86% — 443 of 518,3 of 11 — 27%,50% — 4 of 8,2 of 4 — 50%,100% — 3 of 3,5.0,0.0,2.0,0.0,13,8,8,3,18,9,738,598,7,13,6,7,6,4,8,14,1,1,8,8,14,15,55,57
28.0,Sun,2023-04-02,18:00,Roma,Sampdoria,3.0,0.3,3–0,62108.0,Massimiliano Irrati,2022-2023,Lorenzo Pellegrini,Manolo Gabbiadini,(4-2-3-1),(4-3-2-1),51%,49%,402 of 468 — 86%,84% — 376 of 449,9 of 27 — 33%,50% — 3 of 6,3 of 3 — 100%,77% — 7 of 9,3.0,0.0,6.5,0.0,11,13,10,3,21,15,561,531,10,14,9,2,15,8,16,18,2,1,5,11,20,10,54,59
28.0,Sun,2023-04-02,20:45,Napoli,Milan,1.2,2.1,0–4,51466.0,Antonio Rapuano,2022-2023,Giovanni Di Lorenzo,Davide Calabria,(4-3-3),(4-2-3-1),60%,40%,530 of 620 — 85%,78% — 316 of 406,4 of 20 — 20%,57% — 8 of 14,4 of 8 — 50%,100% — 4 of 4,1.0,0.0,2.0,0.0,11,9,10,4,27,6,726,528,13,23,9,9,11,8,7,24,0,1,4,12,21,16,38,58
28.0,Mon,2023-04-03,18:30,Empoli,Lecce,1.7,0.2,1–0,8844.0,Michael Fabbri,2022-2023,Filippo Bandinelli,Morten Hjulmand,(4-3-1-2),(4-3-3),53%,47%,327 of 454 — 72%,66% — 265 of 401,6 of 13 — 46%,0% — 0 of 5,0 of 0 — %,100% — 6 of 6,3.0,1.0,2.0,0.0,10,15,3,4,13,23,580,517,11,18,6,12,21,31,22,22,0,2,7,6,37,26,74,97
28.0,Mon,2023-04-03,20:45,Sassuolo,Torino,1.1,1.7,1–1,12896.0,Ivan Pezzuto,2022-2023,Gian Marco Ferrari,Ricardo Rodríguez,(4-3-3),(3-4-3),48%,52%,382 of 484 — 79%,83% — 438 of 526,4 of 12 — 33%,13% — 2 of 16,1 of 2 — 50%,75% — 3 of 4,1.0,0.0,1.0,0.0,12,9,6,7,21,24,573,626,8,10,9,5,11,16,12,24,1,3,9,11,22,11,65,62
29.0,Fri,2023-04-07,17:00,Salernitana,Inter,1.1,2.8,1–1,23702.0,Michael Fabbri,2022-2023,Antonio Candreva,Stefan de Vrij,(3-4-3),(3-5-2),44%,56%,360 of 453 — 79%,83% — 481 of 578,3 of 11 — 27%,44% — 11 of 25,10 of 11 — 90%,66% — 2 of 3,2.0,0.0,2.0,0.0,14,10,2,8,14,19,548,671,4,10,13,18,15,26,15,17,3,1,8,8,16,15,54,71
29.0,Fri,2023-04-07,19:00,Lecce,Napoli,1.1,1.1,1–2,25799.0,Gianluca Manganiello,2022-2023,Morten Hjulmand,Giovanni Di Lorenzo,(4-3-3),(4-3-3),32%,68%,257 of 361 — 71%,87% — 656 of 758,3 of 11 — 27%,33% — 3 of 9,2 of 3 — 66%,66% — 2 of 3,2.0,0.0,1.0,0.0,12,9,5,4,16,10,475,860,13,15,4,9,10,14,17,14,1,0,1,6,21,16,52,49
29.0,Fri,2023-04-07,21:00,Milan,Empoli,1.9,0.1,0–0,70286.0,Matteo Marcenaro,2022-2023,Davide Calabria,Filippo Bandinelli,(4-2-3-1),(4-3-1-2),70%,30%,639 of 749 — 85%,75% — 240 of 320,4 of 23 — 17%,50% — 1 of 2,1 of 1 — 100%,100% — 4 of 4,2.0,0.0,2.0,0.0,11,8,9,0,42,5,849,463,19,14,6,10,15,16,2,57,0,1,3,20,26,12,76,57
29.0,Sat,2023-04-08,12:30,Udinese,Monza,1.8,1.1,2–2,22658.0,Luca Massimi,2022-2023,Rodrigo Becão,Matteo Pessina,(3-5-2),(3-4-3),41%,59%,343 of 406 — 84%,87% — 515 of 595,4 of 13 — 31%,42% — 5 of 12,3 of 5 — 60%,75% — 3 of 4,1.0,0.0,3.0,0.0,12,21,4,2,13,13,507,686,10,20,11,11,13,7,9,8,1,1,5,10,13,8,48,68
29.0,Sat,2023-04-08,14:30,Fiorentina,Spezia,1.0,0.7,1–1,35863.0,Federico Dionisi,2022-2023,Cristiano Biraghi,Emmanuel Gyasi,(4-2-3-1),(4-3-3),66%,34%,406 of 530 — 77%,64% — 173 of 271,4 of 19 — 21%,75% — 3 of 4,2 of 3 — 66%,100% — 4 of 4,0.0,0.0,7.0,0.0,12,29,8,4,41,11,621,407,16,19,7,8,12,13,10,47,0,1,9,10,38,14,76,75
29.0,Sat,2023-04-08,16:30,Atalanta,Bologna,1.3,1.3,0–2,18950.0,Daniele Orsato,2022-2023,Marten de Roon,Roberto Soriano,(3-4-1-2),(4-1-4-1),49%,51%,438 of 554 — 79%,80% — 467 of 582,6 of 15 — 40%,46% — 6 of 13,4 of 6 — 66%,100% — 6 of 6,3.0,0.0,2.0,0.0,6,5,6,0,22,9,668,707,16,23,7,8,13,8,8,23,1,6,10,6,32,29,72,75
29.0,Sat,2023-04-08,16:30,Sampdoria,Cremonese,2.1,1.3,2–3,20421.0,Daniele Doveri,2022-2023,Manolo Gabbiadini,Matteo Bianchetti,(4-2-3-1),(3-4-1-2),49%,51%,323 of 422 — 77%,79% — 347 of 438,8 of 13 — 62%,24% — 4 of 17,1 of 4 — 25%,75% — 6 of 8,2.0,0.0,3.0,0.0,14,15,3,3,17,14,507,545,6,11,10,11,28,24,15,20,0,1,14,5,19,16,75,69
29.0,Sat,2023-04-08,18:30,Hellas Verona,Sassuolo,0.5,1.8,2–1,23660.0,Francesco Fourneau,2022-2023,Miguel Veloso,Andrea Consigli,(3-5-2),(4-3-3),40%,60%,248 of 348 — 71%,79% — 413 of 524,2 of 11 — 18%,29% — 5 of 17,4 of 5 — 80%,0% — 0 of 2,3.0,0.0,4.0,0.0,12,14,4,10,16,22,473,632,15,16,9,4,18,20,24,19,1,0,9,10,16,24,72,69
29.0,Sat,2023-04-08,18:30,Torino,Roma,0.3,1.1,0–1,22142.0,Andrea Colombo,2022-2023,Ricardo Rodríguez,Gianluca Mancini,(3-4-3),(3-4-3),55%,45%,468 of 586 — 80%,76% — 360 of 472,1 of 7 — 14%,0% — 0 of 8,0 of 0 — %,100% — 1 of 1,3.0,0.0,1.0,0.0,10,6,7,4,17,8,674,571,14,13,10,11,7,16,16,14,4,1,6,6,18,24,86,81
29.0,Sat,2023-04-08,20:45,Lazio,Juventus,1.2,1.9,2–1,54000.0,Marco Di Bello,2022-2023,Ciro Immobile,Juan Cuadrado,(4-3-3),(3-5-1-1),50%,50%,406 of 494 — 82%,82% — 399 of 487,4 of 9 — 44%,36% — 4 of 11,3 of 4 — 75%,50% — 2 of 4,2.0,0.0,5.0,0.0,11,15,6,6,20,25,593,586,9,14,6,7,15,13,23,20,1,0,8,4,17,16,51,82
30.0,Fri,2023-04-14,18:30,Cremonese,Empoli,1.2,1.2,1–0,8966.0,Luca Zufferli,2022-2023,Michele Castagnetti,Filippo Bandinelli,(4-3-1-2),(4-3-1-2),32%,68%,215 of 314 — 68%,81% — 538 of 661,5 of 14 — 36%,7% — 1 of 15,1 of 1 — 100%,80% — 4 of 5,1.0,0.0,0.0,0.0,11,9,3,8,11,38,454,752,28,12,10,5,14,13,45,10,4,2,10,7,14,25,65,86
30.0,Fri,2023-04-14,20:45,Spezia,Lazio,0.7,2.8,0–3,9500.0,Massimiliano Irrati,2022-2023,Emmanuel Gyasi,Ciro Immobile,(4-3-3),(4-3-3),53%,47%,560 of 649 — 86%,87% — 503 of 578,2 of 6 — 33%,50% — 6 of 12,4 of 6 — 66%,100% — 2 of 2,4.5,0.0,4.0,0.0,12,7,2,3,18,5,732,675,15,13,9,7,6,3,11,17,0,1,4,8,29,17,66,44
30.0,Sat,2023-04-15,15:00,Bologna,Milan,0.6,1.4,1–1,29024.0,Davide Massa,2022-2023,Nicolás Domínguez,Ante Rebić,(4-3-3),(4-2-3-1),51%,49%,384 of 471 — 82%,80% — 359 of 449,2 of 6 — 33%,26% — 5 of 19,4 of 5 — 80%,50% — 1 of 2,3.0,0.0,4.0,0.0,12,17,2,6,8,29,580,564,26,17,6,9,9,12,30,12,1,2,15,4,21,22,45,68
30.0,Sat,2023-04-15,18:00,Napoli,Hellas Verona,0.4,0.4,0–0,39216.0,Federico La Penna,2022-2023,Giovanni Di Lorenzo,Davide Faraoni,(4-3-3),(3-4-1-2),79%,21%,730 of 834 — 88%,56% — 122 of 219,1 of 10 — 10%,40% — 2 of 5,2 of 2 — 100%,100% — 1 of 1,1.0,0.0,4.0,0.0,10,16,4,0,21,6,924,324,7,15,7,9,17,18,8,26,2,2,7,9,22,12,39,67
30.0,Sat,2023-04-15,20:45,Inter,Monza,2.1,0.7,0–1,74135.0,Luca Pairetto,2022-2023,Stefan de Vrij,Matteo Pessina,(3-5-2),(3-4-3),56%,44%,486 of 579 — 84%,81% — 362 of 447,6 of 25 — 24%,29% — 2 of 7,1 of 2 — 50%,100% — 6 of 6,2.0,0.0,2.0,0.0,13,4,5,2,36,3,666,557,12,14,8,10,13,14,4,28,1,1,5,15,19,16,70,52
30.0,Sun,2023-04-16,12:30,Lecce,Sampdoria,2.6,0.6,1–1,22471.0,Maurizio Mariani,2022-2023,Morten Hjulmand,Manolo Gabbiadini,(4-1-4-1),(4-2-3-1),42%,58%,254 of 368 — 69%,79% — 407 of 518,10 of 30 — 33%,13% — 1 of 8,0 of 1 — 0%,90% — 9 of 10,1.0,0.0,4.0,0.0,16,12,11,8,30,18,501,641,15,13,3,7,17,15,19,29,3,0,2,14,23,26,79,58
30.0,Sun,2023-04-16,15:00,Torino,Salernitana,1.7,0.7,1–1,21122.0,Gianluca Aureliano,2022-2023,Ricardo Rodríguez,Antonio Candreva,(3-4-3),(3-4-3),63%,37%,475 of 599 — 79%,65% — 227 of 351,5 of 16 — 31%,13% — 1 of 8,0 of 1 — 0%,80% — 4 of 5,0.0,0.0,1.0,0.0,14,14,4,2,17,13,698,444,10,18,4,13,21,20,13,14,1,1,10,9,21,23,69,90
30.0,Sun,2023-04-16,18:00,Sassuolo,Juventus,0.9,1.1,1–0,19566.0,Antonio Rapuano,2022-2023,Andrea Consigli,Danilo,(4-3-3),(3-5-2),41%,59%,333 of 414 — 80%,82% — 494 of 599,4 of 11 — 36%,23% — 3 of 13,3 of 3 — 100%,75% — 3 of 4,0.0,0.0,1.0,0.0,10,5,10,13,24,27,537,710,8,19,8,4,10,14,37,26,1,5,9,8,24,23,47,77
30.0,Sun,2023-04-16,20:45,Roma,Udinese,2.5,1.2,3–0,61015.0,Antonio Giua,2022-2023,Lorenzo Pellegrini,Rodrigo Becão,(3-4-3),(3-5-2),42%,58%,283 of 380 — 74%,85% — 439 of 516,7 of 11 — 64%,11% — 1 of 9,1 of 1 — 100%,57% — 4 of 7,1.0,0.0,4.0,0.0,18,11,6,2,18,9,478,630,18,15,7,10,9,12,14,12,2,1,5,3,17,9,45,53
30.0,Mon,2023-04-17,20:45,Fiorentina,Atalanta,1.9,0.5,1–1,29628.0,Marco Guida,2022-2023,Nikola Milenković,Rafael Tolói,(4-1-4-1),(3-4-1-2),61%,39%,433 of 544 — 80%,69% — 240 of 347,6 of 17 — 35%,17% — 1 of 6,0 of 1 — 0%,100% — 6 of 6,1.0,0.0,3.0,0.0,8,20,5,1,26,10,671,474,18,20,6,13,19,14,19,18,0,1,8,11,20,32,86,71
31.0,Fri,2023-04-21,20:45,Hellas Verona,Bologna,1.4,1.3,2–1,21031.0,Maurizio Mariani,2022-2023,Davide Faraoni,Nicolás Domínguez,(4-2-3-1),(4-3-3),27%,73%,167 of 273 — 61%,86% — 634 of 739,4 of 8 — 50%,41% — 7 of 17,6 of 7 — 85%,75% — 3 of 4,2.0,0.0,4.0,0.0,11,11,4,2,18,12,388,844,22,17,6,8,20,18,22,13,0,1,9,4,17,32,73,46
31.0,Sat,2023-04-22,15:00,Salernitana,Sassuolo,1.3,0.7,3–0,23060.0,Giacomo Camplone,2022-2023,Antonio Candreva,Gian Marco Ferrari,(3-4-3),(4-3-3),47%,53%,342 of 435 — 79%,82% — 399 of 485,5 of 13 — 38%,18% — 2 of 11,2 of 2 — 100%,40% — 2 of 5,1.0,0.0,2.0,0.0,11,15,4,8,15,25,538,568,17,10,4,7,9,15,27,13,4,0,14,5,14,20,54,48
31.0,Sat,2023-04-22,18:00,Lazio,Torino,0.6,0.6,0–1,50000.0,Davide Ghersini,2022-2023,Sergej Milinković-Savić,Ricardo Rodríguez,(4-3-3),(3-4-3),53%,47%,529 of 621 — 85%,84% — 455 of 541,5 of 10 — 50%,43% — 3 of 7,2 of 3 — 66%,100% — 5 of 5,2.0,0.0,4.0,0.0,13,13,3,4,18,13,707,655,10,10,8,9,9,22,10,26,1,1,3,8,29,15,59,67
31.0,Sat,2023-04-22,20:45,Sampdoria,Spezia,1.4,2.5,1–1,19181.0,Fabio Maresca,2022-2023,Manolo Gabbiadini,Emmanuel Gyasi,(3-4-1-2),(4-3-3),45%,55%,302 of 397 — 76%,80% — 383 of 480,2 of 13 — 15%,37% — 7 of 19,6 of 7 — 85%,50% — 1 of 2,1.0,0.0,1.0,0.0,9,11,9,9,21,26,510,588,7,15,9,10,24,11,24,12,2,0,14,8,18,21,66,61
31.0,Sun,2023-04-23,12:30,Empoli,Inter,0.9,1.1,0–3,15337.0,Livio Marinelli,2022-2023,Filippo Bandinelli,Samir Handanović,(4-3-1-2),(3-5-2),40%,60%,346 of 419 — 83%,88% — 565 of 640,3 of 11 — 27%,25% — 4 of 16,1 of 4 — 25%,100% — 3 of 3,1.0,0.0,1.0,0.0,6,13,5,4,18,20,507,738,8,13,5,7,7,14,25,23,0,1,12,9,15,10,60,55
31.0,Sun,2023-04-23,15:00,Monza,Fiorentina,1.5,1.3,3–2,13118.0,Juan Sacchi,2022-2023,Matteo Pessina,Cristiano Biraghi,(3-4-3),(4-2-3-1),45%,55%,293 of 369 — 79%,81% — 364 of 452,4 of 12 — 33%,50% — 5 of 10,3 of 5 — 60%,75% — 3 of 4,3.0,0.0,3.0,0.0,18,15,5,3,12,19,486,549,18,21,9,7,12,7,28,7,0,0,10,5,23,26,71,76
31.0,Sun,2023-04-23,15:00,Udinese,Cremonese,1.6,0.9,3–0,23455.0,Francesco Fourneau,2022-2023,Roberto Pereyra,Matteo Bianchetti,(3-5-1-1),(4-3-1-2),48%,52%,354 of 428 — 83%,81% — 378 of 466,8 of 17 — 47%,17% — 2 of 12,2 of 2 — 100%,62% — 5 of 8,2.0,0.0,3.0,0.0,13,11,3,8,11,20,547,563,23,17,5,11,18,11,12,9,0,2,10,7,20,23,71,53
31.0,Sun,2023-04-23,18:00,Milan,Lecce,0.8,1.2,2–0,72614.0,Daniele Chiffi,2022-2023,Theo Hernández,Morten Hjulmand,(4-2-3-1),(4-3-3),68%,32%,567 of 683 — 83%,68% — 221 of 326,5 of 8 — 63%,44% — 4 of 9,4 of 4 — 100%,60% — 3 of 5,1.0,0.0,0.0,0.0,6,10,4,2,13,12,793,446,17,25,10,16,17,10,19,26,3,0,5,4,22,25,51,64
31.0,Sun,2023-04-23,20:45,Juventus,Napoli,0.4,1.2,0–1,39839.0,Michael Fabbri,2022-2023,Danilo,Giovanni Di Lorenzo,(4-4-1-1),(4-3-3),35%,65%,279 of 365 — 76%,87% — 583 of 670,4 of 7 — 57%,35% — 6 of 17,5 of 6 — 83%,100% — 4 of 4,4.0,0.0,1.0,0.0,15,11,3,6,16,22,485,774,23,18,6,14,8,13,26,11,1,0,6,10,17,17,57,48
31.0,Mon,2023-04-24,20:45,Atalanta,Roma,0.9,1.0,3–1,19445.0,Massimiliano Irrati,2022-2023,Rafael Tolói,Lorenzo Pellegrini,(3-5-1-1),(3-4-3),37%,63%,274 of 384 — 71%,81% — 530 of 657,4 of 7 — 57%,7% — 1 of 14,0 of 1 — 0%,25% — 1 of 4,3.0,0.0,1.0,0.0,15,11,3,4,10,25,495,753,20,14,15,7,15,14,29,9,1,1,10,6,16,22,61,85
32.0,Fri,2023-04-28,18:30,Lecce,Udinese,2.0,0.7,1–0,23069.0,Matteo Marchetti,2022-2023,Morten Hjulmand,Roberto Pereyra,(4-3-3),(3-5-1-1),39%,61%,210 of 319 — 66%,82% — 407 of 496,2 of 14 — 14%,30% — 3 of 10,3 of 3 — 100%,100% — 2 of 2,4.0,0.0,2.0,0.0,21,12,7,4,20,11,402,611,14,14,6,4,19,18,15,23,5,1,3,10,19,15,54,86
32.0,Fri,2023-04-28,20:45,Spezia,Monza,1.7,0.9,0–2,9200.0,Antonio Rapuano,2022-2023,Emmanuel Gyasi,Matteo Pessina,(4-3-3),(3-4-3),46%,54%,359 of 451 — 80%,84% — 451 of 538,4 of 12 — 33%,50% — 4 of 8,2 of 4 — 50%,100% — 4 of 4,1.0,0.0,2.0,0.0,10,16,3,3,27,8,546,652,13,25,5,9,11,11,10,27,1,0,4,8,24,21,47,67
32.0,Sat,2023-04-29,18:00,Roma,Milan,1.0,1.0,1–1,64191.0,Daniele Orsato,2022-2023,Lorenzo Pellegrini,Davide Calabria,(3-4-1-2),(4-2-3-1),37%,63%,275 of 380 — 72%,84% — 537 of 636,1 of 11 — 9%,9% — 1 of 11,0 of 1 — 0%,0% — 0 of 1,3.0,0.0,2.0,0.0,9,6,1,5,13,22,482,746,19,15,7,5,13,20,13,18,0,0,9,4,31,22,66,47
32.0,Sat,2023-04-29,20:45,Torino,Atalanta,0.3,0.5,1–2,20196.0,Juan Sacchi,2022-2023,Ricardo Rodríguez,Rafael Tolói,(3-4-3),(3-4-3),62%,38%,563 of 666 — 85%,79% — 326 of 415,4 of 4 — 100%,56% — 5 of 9,3 of 5 — 60%,75% — 3 of 4,1.0,0.0,1.0,0.0,6,10,3,3,17,8,747,520,15,15,6,8,15,19,6,21,2,2,10,5,20,19,80,52
32.0,Sun,2023-04-30,12:30,Inter,Lazio,3.1,0.8,3–1,75500.0,Marco Guida,2022-2023,Danilo D'Ambrosio,Ciro Immobile,(3-5-2),(4-3-3),62%,38%,581 of 677 — 86%,80% — 337 of 421,9 of 25 — 36%,56% — 5 of 9,4 of 5 — 80%,66% — 6 of 9,2.0,0.0,4.0,0.0,13,14,2,3,23,9,788,535,24,17,6,8,10,8,8,14,2,2,3,11,31,14,72,66
32.0,Sun,2023-04-30,15:00,Cremonese,Hellas Verona,0.7,1.1,1–1,11645.0,Daniele Doveri,2022-2023,Daniel Ciofani,Darko Lazović,(4-3-1-2),(4-2-3-1),51%,49%,315 of 427 — 74%,68% — 284 of 418,5 of 12 — 42%,43% — 6 of 14,5 of 6 — 83%,80% — 4 of 5,0.0,1.0,0.0,0.0,10,16,3,5,15,32,545,493,16,10,11,7,19,34,24,11,2,3,10,7,14,21,87,90
32.0,Sun,2023-04-30,15:00,Sassuolo,Empoli,1.8,0.4,2–1,10267.0,Federico Dionisi,2022-2023,Andrea Consigli,Filippo Bandinelli,(4-3-3),(4-3-1-2),57%,43%,452 of 537 — 84%,77% — 313 of 407,3 of 12 — 25%,14% — 1 of 7,0 of 1 — 0%,66% — 2 of 3,2.0,1.0,1.0,0.0,12,10,7,5,26,16,638,508,19,23,4,7,6,6,16,20,4,4,13,7,15,23,65,61
32.0,Sun,2023-04-30,15:00,Napoli,Salernitana,1.6,0.3,1–1,54726.0,Matteo Marcenaro,2022-2023,Giovanni Di Lorenzo,Pasquale Mazzocchi,(4-3-3),(3-4-3),73%,27%,648 of 755 — 86%,66% — 186 of 280,8 of 24 — 33%,40% — 2 of 5,1 of 2 — 50%,87% — 7 of 8,2.0,0.0,2.0,0.0,13,11,10,0,37,8,849,409,10,21,9,9,27,18,4,43,1,1,5,18,26,11,71,53
32.0,Sun,2023-04-30,18:00,Fiorentina,Sampdoria,1.7,0.4,5–0,30602.0,Antonio Giua,2022-2023,Cristiano Biraghi,Manolo Gabbiadini,(4-2-3-1),(3-4-1-2),67%,33%,503 of 598 — 84%,76% — 228 of 301,10 of 23 — 43%,25% — 1 of 4,1 of 1 — 100%,50% — 5 of 10,2.0,0.0,1.0,0.0,14,9,11,0,24,4,685,401,17,12,12,12,15,16,8,26,5,0,3,13,24,17,81,52
32.0,Sun,2023-04-30,20:45,Bologna,Juventus,1.9,2.7,1–1,30071.0,Simone Sozza,2022-2023,Nicolás Domínguez,Danilo,(4-3-3),(4-3-3),54%,46%,462 of 553 — 84%,80% — 373 of 468,5 of 15 — 33%,31% — 4 of 13,3 of 4 — 75%,100% — 5 of 5,2.0,0.0,2.0,0.0,12,9,4,5,13,15,678,568,27,15,5,8,13,11,24,10,4,2,8,8,18,21,57,62
33.0,Wed,2023-05-03,18:00,Juventus,Lecce,1.8,1.7,2–1,33757.0,Francesco Fourneau,2022-2023,Leonardo Bonucci,Morten Hjulmand,(3-5-1-1),(4-3-3),54%,46%,427 of 511 — 84%,77% — 338 of 437,4 of 16 — 25%,31% — 4 of 13,4 of 4 — 100%,50% — 2 of 4,2.0,0.0,2.0,0.0,11,10,6,7,19,29,643,548,11,16,14,9,24,14,30,18,3,4,10,11,13,21,48,68
33.0,Wed,2023-05-03,18:00,Atalanta,Spezia,0.8,1.0,3–2,17417.0,Livio Marinelli,2022-2023,Rafael Tolói,Emmanuel Gyasi,(3-4-1-2),(4-3-3),56%,44%,455 of 576 — 79%,78% — 354 of 453,6 of 14 — 43%,44% — 4 of 9,2 of 4 — 50%,50% — 3 of 6,0.0,0.0,3.0,0.0,8,10,12,3,29,7,696,600,26,20,12,7,17,13,9,38,3,0,8,8,34,29,70,63
33.0,Wed,2023-05-03,18:00,Sampdoria,Torino,0.3,2.0,0–2,16865.0,Giacomo Camplone,2022-2023,Manolo Gabbiadini,Ricardo Rodríguez,(3-4-1-2),(3-4-3),41%,59%,329 of 443 — 74%,83% — 526 of 631,0 of 7 — 0%,33% — 4 of 12,2 of 4 — 50%,% — 0 of 0,4.5,0.0,2.0,0.0,13,12,2,3,13,25,527,712,11,5,6,5,21,19,15,12,1,1,8,5,15,16,84,57
33.0,Wed,2023-05-03,18:00,Salernitana,Fiorentina,1.1,1.9,3–3,17868.0,Ivan Pezzuto,2022-2023,Pasquale Mazzocchi,Cristiano Biraghi,(3-4-3),(4-3-3),47%,53%,269 of 372 — 72%,73% — 304 of 419,2 of 3 — 67%,25% — 3 of 12,0 of 3 — 0%,0% — 0 of 2,3.0,0.0,5.0,0.0,18,15,2,3,5,17,456,503,13,16,11,3,17,20,17,9,2,0,12,2,24,24,53,81
33.0,Wed,2023-05-03,21:00,Lazio,Sassuolo,1.9,0.9,2–0,35000.0,Massimiliano Irrati,2022-2023,Ciro Immobile,Gian Marco Ferrari,(4-3-3),(4-3-3),48%,52%,463 of 538 — 86%,85% — 490 of 576,5 of 13 — 38%,15% — 2 of 13,2 of 2 — 100%,60% — 3 of 5,3.0,0.0,5.0,0.0,13,13,1,2,4,15,651,661,15,10,13,7,7,4,19,2,2,1,7,6,16,28,55,70
33.0,Wed,2023-05-03,21:00,Hellas Verona,Inter,0.5,2.4,0–6,19409.0,Daniele Orsato,2022-2023,Davide Faraoni,Samir Handanović,(4-4-1-1),(3-5-2),26%,74%,181 of 268 — 68%,90% — 677 of 751,2 of 7 — 29%,50% — 10 of 20,5 of 10 — 50%,100% — 2 of 2,0.0,0.0,0.0,0.0,4,11,2,7,12,20,354,840,7,9,7,4,17,12,17,13,0,1,9,7,16,12,63,54
33.0,Wed,2023-05-03,21:00,Milan,Cremonese,1.6,1.2,1–1,68136.0,Luca Pairetto,2022-2023,Davide Calabria,Cristian Buonaiuto,(4-2-3-1),(4-2-3-1),73%,27%,615 of 734 — 84%,65% — 176 of 270,5 of 18 — 28%,33% — 2 of 6,1 of 2 — 50%,80% — 4 of 5,0.0,0.0,3.0,1.0,12,12,10,0,24,4,829,407,17,25,9,18,32,19,7,33,2,4,4,10,25,17,61,71
33.0,Wed,2023-05-03,21:00,Monza,Roma,0.9,1.0,1–1,12388.0,Daniele Chiffi,2022-2023,Matteo Pessina,Lorenzo Pellegrini,(3-4-3),(3-4-3),58%,42%,436 of 541 — 81%,75% — 295 of 391,4 of 8 — 50%,50% — 7 of 14,6 of 7 — 85%,75% — 3 of 4,3.0,0.0,6.5,0.0,13,15,4,3,13,21,627,501,16,13,10,13,20,27,17,12,0,1,9,4,18,23,90,62
33.0,Thu,2023-05-04,20:45,Empoli,Bologna,1.0,2.0,3–1,8349.0,Federico La Penna,2022-2023,Sebastiano Luperto,Nicolás Domínguez,(4-3-1-2),(4-3-3),28%,72%,164 of 249 — 66%,84% — 533 of 632,3 of 13 — 23%,12% — 2 of 17,2 of 2 — 100%,33% — 1 of 3,3.0,0.0,0.0,0.0,15,16,2,5,10,23,361,726,17,10,10,4,7,6,20,11,0,3,7,8,16,31,63,78
33.0,Thu,2023-05-04,20:45,Udinese,Napoli,0.3,0.5,1–1,24911.0,Rosario Abisso,2022-2023,Roberto Pereyra,Giovanni Di Lorenzo,(3-5-1-1),(4-3-3),36%,64%,265 of 348 — 76%,86% — 540 of 627,3 of 7 — 43%,57% — 4 of 7,3 of 4 — 75%,66% — 2 of 3,1.0,0.0,0.0,0.0,15,13,2,6,7,17,433,707,12,11,12,9,13,9,21,5,1,1,10,5,14,19,61,48
34.0,Sat,2023-05-06,15:00,Milan,Lazio,0.8,1.2,2–0,72365.0,Antonio Rapuano,2022-2023,Davide Calabria,Ciro Immobile,(4-2-3-1),(4-3-3),52%,48%,518 of 599 — 86%,86% — 481 of 561,3 of 10 — 30%,0% — 0 of 8,0 of 0 — %,33% — 1 of 3,2.0,0.0,4.0,0.0,10,8,6,4,15,9,706,656,15,19,12,6,10,8,12,16,2,1,5,11,16,15,59,42
34.0,Sat,2023-05-06,18:00,Roma,Inter,0.9,0.7,0–2,61870.0,Fabio Maresca,2022-2023,Lorenzo Pellegrini,Marcelo Brozović,(3-5-1-1),(3-5-2),51%,49%,415 of 506 — 82%,84% — 410 of 487,3 of 15 — 20%,40% — 4 of 10,2 of 4 — 50%,100% — 3 of 3,3.0,0.0,2.0,0.0,8,13,12,5,29,11,604,607,13,18,10,6,15,6,11,25,0,0,6,9,20,8,76,65
34.0,Sat,2023-05-06,20:45,Cremonese,Spezia,0.9,1.3,2–0,10260.0,Marco Guida,2022-2023,Daniel Ciofani,Emmanuel Gyasi,(4-2-3-1),(4-3-3),30%,70%,183 of 277 — 66%,80% — 515 of 647,4 of 9 — 44%,44% — 8 of 18,8 of 8 — 100%,50% — 2 of 4,0.0,0.0,2.0,0.0,8,6,3,13,6,31,419,737,13,12,9,8,19,22,37,4,0,4,8,5,17,36,62,76
34.0,Sun,2023-05-07,12:30,Atalanta,Juventus,1.1,1.0,0–2,19570.0,Daniele Doveri,2022-2023,Rafael Tolói,Danilo,(3-4-3),(3-5-1-1),59%,41%,542 of 631 — 86%,81% — 357 of 440,1 of 24 — 4%,50% — 5 of 10,3 of 5 — 60%,100% — 1 of 1,1.0,0.0,2.0,0.0,13,16,7,3,23,8,754,580,19,26,13,10,17,8,12,26,0,2,3,17,22,16,56,68
34.0,Sun,2023-05-07,15:00,Torino,Monza,0.9,0.9,1–1,19517.0,Luca Zufferli,2022-2023,Ricardo Rodríguez,Matteo Pessina,(3-4-3),(3-4-3),53%,47%,388 of 493 — 79%,79% — 344 of 434,5 of 14 — 36%,80% — 8 of 10,7 of 8 — 87%,80% — 4 of 5,2.0,0.0,1.0,0.0,16,9,7,4,21,12,573,535,13,11,4,7,22,20,9,26,0,1,4,5,12,11,59,74
34.0,Sun,2023-05-07,18:00,Napoli,Fiorentina,2.0,1.1,1–0,46522.0,Matteo Marchetti,2022-2023,Giovanni Di Lorenzo,Giacomo Bonaventura,(4-3-3),(4-2-3-1),47%,53%,376 of 450 — 84%,82% — 421 of 514,1 of 8 — 13%,20% — 3 of 15,3 of 3 — 100%,100% — 1 of 1,0.0,0.0,0.0,0.0,12,15,0,5,6,25,552,606,12,22,7,5,14,13,21,4,1,3,9,12,15,14,65,83
34.0,Sun,2023-05-07,20:45,Lecce,Hellas Verona,0.8,0.8,0–1,24768.0,Davide Massa,2022-2023,Morten Hjulmand,Davide Faraoni,(4-3-3),(3-5-1-1),53%,47%,311 of 449 — 69%,66% — 269 of 406,2 of 15 — 13%,33% — 3 of 9,2 of 3 — 66%,100% — 2 of 2,2.0,0.0,5.0,0.0,11,13,4,4,23,11,550,515,14,16,8,6,20,40,15,28,2,2,8,14,28,24,87,97
34.0,Mon,2023-05-08,18:30,Udinese,Sampdoria,1.0,0.9,2–0,20430.0,Niccolò Baroni,2022-2023,Roberto Pereyra,Fabio Quagliarella,(3-5-2),(3-4-1-2),46%,54%,397 of 489 — 81%,85% — 491 of 579,6 of 13 — 46%,27% — 3 of 11,3 of 3 — 100%,66% — 4 of 6,2.0,0.0,2.0,0.0,15,12,7,3,12,16,585,667,11,17,10,8,11,11,12,19,0,1,6,6,10,15,50,46
34.0,Mon,2023-05-08,18:30,Empoli,Salernitana,1.8,0.7,2–1,10760.0,Manuel Volpi,2022-2023,Sebastiano Luperto,Pasquale Mazzocchi,(4-2-3-1),(3-4-3),49%,51%,355 of 454 — 78%,80% — 375 of 468,4 of 11 — 36%,15% — 2 of 13,1 of 2 — 50%,50% — 2 of 4,2.0,0.0,2.0,0.0,11,18,8,7,16,22,558,572,12,12,9,10,19,10,19,15,3,1,6,8,25,16,63,66
34.0,Mon,2023-05-08,20:45,Sassuolo,Bologna,0.3,0.5,1–1,13664.0,Maria Sole Ferrieri Caputi,2022-2023,Andrea Consigli,Nicolás Domínguez,(4-3-3),(4-2-3-1),48%,52%,453 of 530 — 85%,87% — 496 of 569,2 of 6 — 33%,25% — 3 of 12,2 of 3 — 66%,50% — 1 of 2,1.0,0.0,1.0,0.0,12,14,4,4,15,10,595,637,6,7,4,7,9,3,11,10,2,4,11,8,17,15,69,57
35.0,Fri,2023-05-12,20:45,Lazio,Lecce,1.7,1.4,2–2,40000.0,Fabio Maresca,2022-2023,Ciro Immobile,Morten Hjulmand,(4-3-3),(4-3-3),67%,33%,533 of 657 — 81%,68% — 223 of 328,6 of 20 — 30%,33% — 4 of 12,2 of 4 — 50%,66% — 4 of 6,4.0,0.0,5.0,0.0,11,13,2,3,20,13,757,455,15,9,5,8,30,15,15,21,0,0,8,11,32,18,60,87
35.0,Sat,2023-05-13,15:00,Salernitana,Atalanta,0.5,1.2,1–0,17400.0,Marco Piccinini,2022-2023,Pasquale Mazzocchi,Rafael Tolói,(3-4-3),(3-4-3),52%,48%,405 of 522 — 78%,81% — 391 of 484,4 of 10 — 40%,23% — 3 of 13,3 of 3 — 100%,75% — 3 of 4,2.0,0.0,2.0,0.0,9,18,5,3,18,15,616,597,14,16,6,16,12,18,15,15,1,2,11,8,31,23,72,55
35.0,Sat,2023-05-13,18:00,Spezia,Milan,1.8,1.0,2–0,11366.0,Daniele Doveri,2022-2023,Emmanuel Gyasi,Theo Hernández,(3-5-2),(4-2-3-1),41%,59%,219 of 323 — 68%,73% — 334 of 458,4 of 14 — 29%,21% — 3 of 14,3 of 3 — 100%,50% — 2 of 4,1.0,0.0,1.0,0.0,15,11,6,9,24,31,448,562,13,16,6,3,20,9,39,27,1,2,8,6,25,24,69,77
35.0,Sat,2023-05-13,20:45,Inter,Sassuolo,1.4,2.3,4–2,71246.0,Matteo Marcenaro,2022-2023,Samir Handanović,Andrea Consigli,(3-5-2),(4-3-3),51%,49%,468 of 537 — 87%,85% — 445 of 521,3 of 11 — 27%,31% — 5 of 16,3 of 5 — 60%,0% — 0 of 3,2.0,0.0,3.0,0.0,12,8,1,5,8,27,617,605,9,19,7,6,6,3,13,5,3,2,15,6,13,12,70,52
35.0,Sun,2023-05-14,12:30,Hellas Verona,Torino,0.5,1.8,0–1,19658.0,Marco Di Bello,2022-2023,Davide Faraoni,Ricardo Rodríguez,(3-4-3),(3-4-3),42%,58%,248 of 368 — 67%,79% — 407 of 517,4 of 14 — 29%,47% — 7 of 15,6 of 7 — 85%,100% — 4 of 4,3.0,0.0,2.0,0.0,8,17,3,4,16,14,463,615,15,11,10,8,30,16,12,17,0,0,4,9,17,22,84,77
35.0,Sun,2023-05-14,15:00,Fiorentina,Udinese,2.1,0.3,2–0,27383.0,Daniele Paterna,2022-2023,Cristiano Biraghi,Roberto Pereyra,(4-2-3-1),(3-5-1-1),45%,55%,317 of 396 — 80%,81% — 386 of 478,3 of 18 — 17%,20% — 1 of 5,1 of 1 — 100%,33% — 1 of 3,3.0,1.0,3.0,1.0,15,15,3,3,13,13,497,557,11,16,7,7,10,9,14,11,2,1,3,12,17,24,66,59
35.0,Sun,2023-05-14,15:00,Monza,Napoli,1.3,1.1,2–0,14455.0,Francesco Cosso,2022-2023,Matteo Pessina,Piotr Zieliński,(3-4-1-2),(4-2-3-1),45%,55%,353 of 457 — 77%,84% — 470 of 559,4 of 10 — 40%,35% — 7 of 20,7 of 7 — 100%,50% — 2 of 4,1.0,0.0,1.0,0.0,11,13,6,10,15,29,561,662,13,15,11,5,9,15,18,15,2,1,15,4,12,12,57,47
35.0,Sun,2023-05-14,18:00,Bologna,Roma,0.4,1.2,0–0,23824.0,Daniele Orsato,2022-2023,Nicolás Domínguez,Bryan Cristante,(4-2-3-1),(3-5-2),71%,29%,655 of 741 — 88%,71% — 220 of 309,3 of 12 — 25%,29% — 2 of 7,2 of 2 — 100%,100% — 3 of 3,2.0,0.0,1.0,0.0,12,11,3,6,12,19,835,404,17,16,6,9,15,13,13,8,0,0,7,7,19,26,57,65
35.0,Sun,2023-05-14,20:45,Juventus,Cremonese,1.6,0.1,2–0,39439.0,Daniele Chiffi,2022-2023,Danilo,Vlad Chiricheș,(3-5-1-1),(5-4-1),69%,31%,621 of 710 — 87%,75% — 243 of 322,6 of 24 — 25%,67% — 2 of 3,2 of 2 — 100%,66% — 4 of 6,2.0,0.0,0.0,0.0,15,5,7,0,21,6,822,445,18,20,7,13,15,5,7,27,2,2,3,12,25,14,57,53
35.0,Mon,2023-05-15,20:45,Sampdoria,Empoli,1.3,1.6,1–1,16867.0,Ermanno Feliciani,2022-2023,Fabio Quagliarella,Sebastiano Luperto,(3-4-1-2),(4-2-3-1),42%,58%,279 of 393 — 71%,82% — 438 of 532,3 of 13 — 23%,24% — 4 of 17,3 of 4 — 75%,66% — 2 of 3,3.0,0.0,4.0,0.0,16,14,1,2,16,18,485,643,20,4,9,9,20,22,19,21,2,3,11,8,19,22,64,53
36.0,Fri,2023-05-19,20:45,Sassuolo,Monza,1.6,1.6,1–2,11745.0,Alberto Santoro,2022-2023,Andrea Consigli,Matteo Pessina,(4-3-3),(3-4-3),44%,56%,376 of 463 — 81%,86% — 505 of 585,3 of 12 — 25%,35% — 6 of 17,4 of 6 — 66%,100% — 3 of 3,3.5,0.0,5.0,0.0,10,17,6,3,20,17,558,697,11,11,8,12,8,12,19,17,1,4,5,8,10,19,49,61
36.0,Sat,2023-05-20,15:00,Cremonese,Bologna,1.3,2.6,1–5,11140.0,Paolo Valeri,2022-2023,Michele Castagnetti,Nicolás Domínguez,(4-2-3-1),(4-2-3-1),37%,63%,299 of 380 — 79%,88% — 582 of 658,2 of 13 — 15%,47% — 9 of 19,4 of 9 — 44%,50% — 1 of 2,1.0,0.0,3.5,0.0,7,13,3,9,19,11,476,777,14,9,11,6,11,10,10,14,1,1,8,11,8,16,53,56
36.0,Sat,2023-05-20,18:00,Atalanta,Hellas Verona,1.4,0.9,3–1,9297.0,Simone Sozza,2022-2023,Rafael Tolói,Darko Lazović,(3-4-3),(3-4-3),60%,40%,508 of 626 — 81%,74% — 312 of 423,5 of 13 — 38%,20% — 2 of 10,1 of 2 — 50%,40% — 2 of 5,1.0,0.0,3.0,0.0,9,11,6,3,15,16,728,539,19,21,9,18,14,26,14,17,4,1,5,6,28,14,68,61
36.0,Sat,2023-05-20,20:45,Milan,Sampdoria,3.8,0.6,5–1,72105.0,Francesco Fourneau,2022-2023,Davide Calabria,Fabio Quagliarella,(4-2-3-1),(4-1-4-1),62%,38%,592 of 666 — 89%,82% — 334 of 409,8 of 18 — 44%,50% — 3 of 6,2 of 3 — 66%,50% — 4 of 8,1.0,0.0,3.0,0.0,9,10,7,2,19,9,750,489,12,14,6,9,9,7,10,16,2,1,5,8,13,13,48,47
36.0,Sun,2023-05-21,12:30,Lecce,Spezia,0.3,0.8,0–0,26022.0,Maurizio Mariani,2022-2023,Gabriel Strefezza,Emmanuel Gyasi,(4-3-3),(3-5-2),40%,60%,207 of 317 — 65%,75% — 356 of 475,1 of 6 — 17%,0% — 0 of 14,0 of 0 — %,100% — 1 of 1,2.0,0.0,3.0,0.0,15,16,2,5,18,18,425,572,18,16,6,6,13,23,29,14,2,0,13,10,24,37,81,73
36.0,Sun,2023-05-21,15:00,Torino,Fiorentina,1.1,0.8,1–1,20403.0,Luca Massimi,2022-2023,Ricardo Rodríguez,Lorenzo Venuti,(3-4-3),(4-2-3-1),56%,44%,453 of 544 — 83%,75% — 315 of 421,4 of 10 — 40%,13% — 1 of 8,0 of 1 — 0%,75% — 3 of 4,1.0,0.0,2.0,0.0,9,11,3,3,13,19,632,499,10,13,9,5,20,11,18,13,5,1,7,11,14,19,70,91
36.0,Sun,2023-05-21,18:00,Napoli,Inter,1.7,0.6,3–1,50000.0,Livio Marinelli,2022-2023,Giovanni Di Lorenzo,Danilo D'Ambrosio,(4-3-3),(3-5-2),70%,30%,797 of 871 — 92%,81% — 300 of 371,9 of 22 — 41%,17% — 1 of 6,0 of 1 — 0%,66% — 6 of 9,1.0,0.0,3.5,0.0,10,14,4,1,14,10,960,459,14,20,5,12,10,5,10,14,1,2,1,13,13,9,40,53
36.0,Sun,2023-05-21,20:45,Udinese,Lazio,0.5,2.0,0–1,21834.0,Luca Pairetto,2022-2023,Roberto Pereyra,Ciro Immobile,(3-5-1-1),(4-3-3),40%,60%,384 of 456 — 84%,88% — 606 of 690,2 of 12 — 17%,23% — 3 of 13,3 of 3 — 100%,100% — 2 of 2,3.0,0.0,1.0,0.0,15,9,3,8,12,20,563,768,10,13,12,10,12,11,17,13,2,1,12,6,15,13,67,54
36.0,Mon,2023-05-22,18:30,Roma,Salernitana,1.4,1.1,2–2,64286.0,Andrea Colombo,2022-2023,Chris Smalling,Antonio Candreva,(3-4-3),(3-4-3),59%,41%,492 of 598 — 82%,74% — 312 of 419,5 of 22 — 23%,38% — 3 of 8,1 of 3 — 33%,60% — 3 of 5,1.0,0.0,4.0,0.0,9,14,6,4,19,7,705,537,24,18,8,3,20,14,9,22,0,1,4,12,34,22,50,69
36.0,Mon,2023-05-22,20:45,Empoli,Juventus,2.7,1.8,4–1,15519.0,Giovanni Ayroldi,2022-2023,Filippo Bandinelli,Alex Sandro,(4-2-3-1),(3-5-2),39%,61%,244 of 330 — 74%,79% — 409 of 519,6 of 13 — 46%,21% — 4 of 19,3 of 4 — 75%,50% — 3 of 6,2.0,0.0,2.0,0.0,20,19,3,7,11,35,457,621,20,17,15,9,21,18,35,7,3,0,11,5,13,30,58,77
37.0,Fri,2023-05-26,20:45,Sampdoria,Sassuolo,2.2,2.9,2–2,18430.0,Francesco Meraviglia,2022-2023,Fabio Quagliarella,Gian Marco Ferrari,(3-4-1-2),(4-3-3),48%,52%,343 of 457 — 75%,82% — 414 of 505,3 of 17 — 18%,36% — 8 of 22,6 of 8 — 75%,66% — 2 of 3,1.0,0.0,2.0,0.0,14,10,8,4,20,14,565,620,17,7,4,11,15,12,20,16,3,3,11,8,17,20,70,51
37.0,Sat,2023-05-27,15:00,Salernitana,Udinese,1.2,2.3,3–2,27035.0,Niccolò Baroni,2022-2023,Pasquale Mazzocchi,Roberto Pereyra,(3-4-3),(3-5-1-1),48%,52%,352 of 436 — 81%,80% — 370 of 464,3 of 11 — 27%,40% — 4 of 10,2 of 4 — 50%,0% — 0 of 3,3.0,0.0,4.5,0.0,12,22,2,1,13,8,536,568,14,21,9,5,11,12,7,17,0,1,5,3,19,16,48,67
37.0,Sat,2023-05-27,15:00,Spezia,Torino,0.9,1.0,0–4,10776.0,Marco Guida,2022-2023,Emmanuel Gyasi,Ricardo Rodríguez,(3-5-2),(3-4-3),51%,49%,273 of 387 — 71%,73% — 275 of 377,1 of 9 — 11%,36% — 4 of 11,1 of 4 — 25%,100% — 1 of 1,2.0,0.0,2.0,0.0,14,13,5,2,22,5,476,485,8,18,3,7,10,15,10,29,4,1,2,11,34,16,62,80
37.0,Sat,2023-05-27,18:00,Fiorentina,Roma,2.3,1.2,2–1,32829.0,Giovanni Ayroldi,2022-2023,Cristiano Biraghi,Chris Smalling,(4-2-3-1),(4-1-4-1),65%,35%,475 of 561 — 85%,72% — 214 of 297,5 of 15 — 33%,38% — 3 of 8,2 of 3 — 66%,60% — 3 of 5,5.0,0.0,4.0,0.0,11,12,7,4,34,8,637,395,8,13,5,8,11,12,5,22,0,2,4,6,24,18,64,63
37.0,Sat,2023-05-27,20:45,Inter,Atalanta,2.8,1.0,3–2,72192.0,Daniele Orsato,2022-2023,Danilo D'Ambrosio,Rafael Tolói,(3-5-2),(3-4-3),51%,49%,441 of 522 — 84%,84% — 414 of 492,11 of 20 — 55%,25% — 3 of 12,2 of 3 — 66%,72% — 8 of 11,0.0,0.0,1.0,0.0,8,18,9,7,22,14,641,603,17,11,7,8,8,9,13,19,1,1,7,7,13,12,66,53
37.0,Sun,2023-05-28,12:30,Hellas Verona,Empoli,1.0,1.2,1–1,22831.0,Daniele Chiffi,2022-2023,Miguel Veloso,Sebastiano Luperto,(3-5-2),(4-2-3-1),38%,62%,227 of 339 — 67%,76% — 412 of 545,4 of 13 — 31%,23% — 3 of 13,3 of 3 — 100%,75% — 3 of 4,4.0,0.0,0.0,0.0,14,10,3,3,14,19,445,635,15,15,10,3,35,24,22,15,3,1,9,11,17,27,74,108
37.0,Sun,2023-05-28,15:00,Monza,Lecce,1.1,1.2,0–1,15039.0,Daniele Doveri,2022-2023,,,,,,,,,,,,,,,,,,,,,,,,,,,,,,,,,,,,,,,,
37.0,Sun,2023-05-28,15:00,Bologna,Napoli,1.9,1.4,2–2,27209.0,Matteo Marcenaro,2022-2023,Nicolás Domínguez,Piotr Zieliński,(4-2-3-1),(4-3-3),52%,48%,485 of 571 — 85%,86% — 446 of 520,6 of 18 — 33%,73% — 8 of 11,6 of 8 — 75%,66% — 4 of 6,1.0,0.0,3.0,0.0,17,10,4,4,12,10,676,614,23,12,4,9,13,6,8,10,2,1,7,13,15,22,43,57
37.0,Sun,2023-05-28,18:00,Lazio,Cremonese,1.9,0.6,3–2,64171.0,Antonio Giua,2022-2023,Ciro Immobile,Daniel Ciofani,(4-3-3),(5-3-2),58%,42%,591 of 664 — 89%,83% — 408 of 490,7 of 12 — 58%,45% — 5 of 11,4 of 5 — 80%,57% — 4 of 7,2.0,0.0,2.0,0.0,15,8,4,3,12,17,771,579,17,11,12,8,4,6,14,16,4,0,9,5,20,20,40,74
37.0,Sun,2023-05-28,20:45,Juventus,Milan,0.9,0.5,0–1,40231.0,Maurizio Mariani,2022-2023,Danilo,Davide Calabria,(3-4-1-2),(4-2-3-1),48%,52%,386 of 473 — 82%,82% — 417 of 511,3 of 16 — 19%,33% — 3 of 9,2 of 3 — 66%,100% — 3 of 3,1.0,0.0,2.0,0.0,12,10,4,5,24,12,579,620,15,17,4,5,11,14,17,26,0,1,5,10,18,22,59,67
38.0,Fri,2023-06-02,20:30,Sassuolo,Fiorentina,1.1,1.6,1–3,12456.0,Matteo Marchetti,2022-2023,Gian Marco Ferrari,Lucas Martínez Quarta,(4-3-3),(4-3-3),51%,49%,392 of 463 — 85%,87% — 382 of 441,1 of 4 — 25%,47% — 7 of 15,4 of 7 — 57%,100% — 1 of 1,5.5,1.0,4.0,0.0,7,15,2,4,6,17,526,511,4,8,3,5,4,4,14,12,4,5,10,7,11,10,42,65
38.0,Sat,2023-06-03,18:30,Torino,Inter,1.1,1.0,0–1,24528.0,Michael Fabbri,2022-2023,Ricardo Rodríguez,Samir Handanović,(3-4-3),(3-5-2),41%,59%,338 of 424 — 80%,86% — 527 of 612,5 of 17 — 29%,29% — 4 of 14,3 of 4 — 75%,100% — 5 of 5,1.0,0.0,2.0,0.0,6,7,6,4,23,14,518,709,5,11,9,8,9,10,12,20,1,1,7,16,14,13,66,57
38.0,Sat,2023-06-03,21:00,Empoli,Lazio,0.2,1.6,0–2,11545.0,Luca Massimi,2022-2023,Filippo Bandinelli,Ciro Immobile,(4-2-3-1),(4-3-3),47%,53%,449 of 534 — 84%,87% — 524 of 604,1 of 7 — 14%,52% — 11 of 21,9 of 11 — 81%,100% — 1 of 1,4.5,0.0,2.0,0.0,7,10,6,7,16,18,639,727,17,24,4,9,5,12,17,15,1,2,5,2,22,21,79,39
38.0,Sat,2023-06-03,21:00,Cremonese,Salernitana,1.4,0.7,2–0,10308.0,Daniele Perenzoni,2022-2023,Daniel Ciofani,Pasquale Mazzocchi,(3-5-2),(3-4-3),42%,58%,342 of 438 — 78%,85% — 526 of 617,3 of 11 — 27%,9% — 1 of 11,1 of 1 — 100%,66% — 2 of 3,1.0,0.0,2.0,0.0,15,12,4,6,14,13,536,719,20,14,13,7,21,19,11,10,1,4,7,5,15,19,79,53
38.0,Sun,2023-06-04,18:30,Napoli,Sampdoria,2.0,0.6,2–0,55000.0,Ermanno Feliciani,2022-2023,Giovanni Di Lorenzo,Fabio Quagliarella,(4-3-3),(4-4-1-1),73%,27%,737 of 810 — 91%,79% — 238 of 302,8 of 20 — 40%,67% — 4 of 6,4 of 4 — 100%,87% — 7 of 8,0.0,0.0,1.0,0.0,7,7,11,0,17,7,898,396,10,11,5,10,13,10,5,25,1,0,3,10,18,11,40,55
38.0,Sun,2023-06-04,21:00,Roma,Spezia,2.2,1.0,2–1,62242.0,Fabio Maresca,2022-2023,Lorenzo Pellegrini,Emmanuel Gyasi,(4-3-3),(3-5-2),68%,32%,479 of 576 — 83%,67% — 180 of 268,4 of 18 — 22%,25% — 2 of 8,1 of 2 — 50%,75% — 3 of 4,2.0,0.0,9.5,0.0,14,17,6,2,27,13,681,385,14,12,7,5,16,12,19,30,1,0,3,13,25,18,80,70
38.0,Sun,2023-06-04,21:00,Lecce,Bologna,1.4,1.1,2–3,25816.0,Marco Piccinini,2022-2023,Morten Hjulmand,Gary Medel,(4-3-3),(4-2-3-1),39%,61%,307 of 388 — 79%,86% — 529 of 615,7 of 20 — 35%,64% — 7 of 11,4 of 7 — 57%,71% — 5 of 7,1.0,0.0,2.0,0.0,11,9,7,2,27,12,484,706,14,8,7,4,11,3,18,16,0,1,3,12,15,22,67,52
38.0,Sun,2023-06-04,21:00,Udinese,Juventus,0.8,1.3,0–1,23266.0,Marco Guida,2022-2023,Roberto Pereyra,Leonardo Bonucci,(3-4-3),(3-4-3),43%,57%,325 of 394 — 82%,85% — 444 of 520,3 of 13 — 23%,25% — 5 of 20,4 of 5 — 80%,100% — 3 of 3,2.0,0.0,2.0,0.0,9,11,6,14,23,30,493,603,12,15,8,7,12,9,24,14,0,1,13,9,11,8,55,68
38.0,Sun,2023-06-04,21:00,Milan,Hellas Verona,2.4,0.8,3–1,72102.0,Paolo Valeri,2022-2023,Davide Calabria,Miguel Veloso,(4-2-3-1),(3-5-2),77%,23%,615 of 710 — 87%,57% — 119 of 207,4 of 13 — 31%,17% — 1 of 6,0 of 1 — 0%,50% — 2 of 4,1.0,0.0,4.0,0.0,5,18,7,1,18,6,808,310,13,18,5,14,11,13,13,21,2,3,9,8,22,19,54,53
38.0,Sun,2023-06-04,21:00,Atalanta,Monza,4.0,1.2,5–2,19389.0,Marco Di Bello,2022-2023,Rafael Tolói,Matteo Pessina,(3-4-3),(3-4-3),39%,61%,377 of 448 — 84%,88% — 609 of 695,10 of 20 — 50%,50% — 4 of 8,2 of 4 — 50%,50% — 5 of 10,1.0,0.0,2.0,1.0,13,8,5,1,13,4,540,781,9,20,8,8,9,11,6,13,2,3,7,8,14,10,48,49
,,,,,,,,,,,,Dimitris Nikolaou,Davide Faraoni,(3-5-2),(3-4-3),68%,32%,419 of 537 — 78%,57% — 142 of 250,8 of 16 — 50%,56% — 5 of 9,2 of 5 — 40%,87% — 7 of 8,2.0,0.0,5.0,1.0,11,18,9,5,39,10,646,373,8,24,5,6,16,32,19,39,0,1,5,15,28,17,82,86
